timestep,heat_demand,electricity_demand,PV,COP_AIR-HP,electricity_price_buy,electricity_price_sell
1,4.276882619,0.296708961,0,2.00672623,0.15181709,-0.04876709
2,4.372776848,0.163678592,0,2.003441899,0.113946349,-0.010896349
3,4.545386461,0.150109874,0,2.003441899,0.08897,0.01408
4,4.909784531,0.146124656,0,1.996905383,0.08314,0.01991
5,6.175588356,0.14849681,0,1.983959481,0.08564,0.01741
6,8.918163309,0.177911513,0,1.983959481,0.0805,0.02255
7,11.0086575,0.201538162,0,1.983959481,0.0758,0.02725
8,10.41411328,0.189772281,0,1.980749191,0.07798,0.02507
9,9.972999829,0.50669199,0.014387761,1.968011254,0.08812,0.01493
10,9.416813301,0.4675989,0.084363736,1.983959481,0.08672,0.01633
11,8.879805617,0.441125667,0.599796426,1.996905383,0.08812,0.01493
12,8.611301776,0.449096103,0.684142616,2.013327303,0.093983799,0.009066201
13,8.419513318,0.496064742,0.61328961,2.043577629,0.093299013,0.009750987
14,8.515407547,0.629379769,0.658936639,2.043577629,0.09303,0.01002
15,8.688017159,0.516655035,0.437976546,2.040171667,0.09305,0.01
16,9.014057538,0.397857587,0.070267294,2.026660596,0.09302,0.01003
17,9.28256138,0.399375765,0.002864929,2.023310744,0.097137965,0.005912035
18,9.64695945,0.488284079,0,2.023310744,0.111850489,-0.008800489
19,9.74285368,0.630708175,0,2.016644152,0.093195258,0.009854742
20,9.685317142,0.709938103,0,2.016644152,0.08808,0.01497
21,9.167488305,0.652626874,0,2.019971947,0.08607,0.01698
22,8.055115247,0.514377767,0,2.016644152,0.06812,0.03493
23,5.600222981,0.442833617,0,2.013327303,0.08818,0.01487
24,4.487849923,0.327926501,0,2.016644152,0.06412,0.03893
25,4.276882619,0.221274479,0,2.016644152,0.05948,0.04357
26,4.372776848,0.163678592,0,2.000168301,0.04713,0.05592
27,4.545386461,0.150109874,0,1.993653094,0.04476,0.05829
28,4.909784531,0.150679191,0,1.971180354,0.04806,0.05499
29,6.175588356,0.146978632,0,1.961703526,0.04412,0.05893
30,8.918163309,0.177911513,0,1.952317384,0.06314,0.03991
31,11.0086575,0.341874764,0,1.949208599,0.09304,0.01001
32,10.41411328,0.491130663,0.002904553,1.924690252,0.170721334,-0.067671334
33,9.972999829,0.50669199,0.145698892,1.943020635,0.192779744,-0.089729744
34,9.416813301,0.4675989,0.431161224,1.949208599,0.198341036,-0.095291036
35,8.879805617,0.561156635,0.545533794,1.952317384,0.19176294,-0.08871294
36,8.611301776,0.769621485,0.671662901,1.9585648,0.184230294,-0.081180294
37,8.419513318,0.496064742,0.551979333,1.961703526,0.17806722,-0.07501722
38,8.515407547,0.491415321,0.33814652,1.971180354,0.186326154,-0.083276154
39,8.688017159,0.437804652,0.214249666,1.980749191,0.196058416,-0.093008416
40,9.014057538,0.397857587,0.04859991,1.980749191,0.204421106,-0.101371106
41,9.28256138,0.399375765,0.002885276,1.9585648,0.209276861,-0.106226861
42,9.64695945,0.685077934,0,1.92772126,0.211227464,-0.108177464
43,9.74285368,0.593607695,0,1.912660938,0.221872774,-0.118822774
44,9.685317142,0.709938103,0,1.915654147,0.221935027,-0.118885027
45,9.167488305,0.638488839,0,1.88904784,0.213385577,-0.110335577
46,8.055115247,0.535062946,0,1.871717125,0.208509071,-0.105459071
47,5.600222981,0.442833617,0,1.88904784,0.207450765,-0.104400765
48,4.487849923,0.327926501,0,1.851895613,0.198382538,-0.095332538
49,4.276882619,0.254484629,0,1.832489521,0.182092932,-0.079042932
50,4.372776848,0.213588702,0,1.840756391,0.186886434,-0.083836434
51,4.545386461,0.150109874,0,1.808128508,0.187737229,-0.084687229
52,4.909784531,0.146124656,0,1.813485926,0.184354801,-0.081304801
53,6.175588356,0.14849681,0,1.808128508,0.184105788,-0.081055788
54,8.918163309,0.177911513,0,1.808128508,0.18833901,-0.08528901
55,11.0086575,0.341874764,0,1.805461652,0.199025822,-0.095975822
56,10.41411328,0.311036768,0,1.805461652,0.202553508,-0.099503508
57,9.972999829,0.335991823,0.039367733,1.802802651,0.223553612,-0.120503612
58,9.416813301,0.4675989,0.016881045,1.824296572,0.2176188,-0.1145688
59,8.879805617,0.441125667,0.072787447,1.863170472,0.213800599,-0.110750599
60,8.611301776,0.449096103,0.030059851,1.88904784,0.223761123,-0.120711123
61,8.419513318,0.496064742,0.0791295,1.883235385,0.224860931,-0.121810931
62,8.515407547,0.491415321,0.160509625,1.88904784,0.227247306,-0.124197306
63,8.688017159,0.58241113,0.271876584,1.886137134,0.228430118,-0.125380118
64,9.014057538,0.442548959,0.042611128,1.886137134,0.233659393,-0.130609393
65,9.28256138,0.399375765,0.002880993,1.883235385,0.235008214,-0.131958214
66,9.64695945,0.488284079,0,1.877458589,0.237373839,-0.134323839
67,9.74285368,0.630708175,0,1.88034255,0.232663341,-0.129613341
68,9.685317142,0.709938103,0,1.846309201,0.237187079,-0.134137079
69,9.167488305,0.638488839,0,1.849098187,0.234945961,-0.131895961
70,8.055115247,0.508969257,0,1.851895613,0.221125734,-0.118075734
71,5.600222981,0.435527385,0,1.835236882,0.204524861,-0.101474861
72,4.487849923,0.327926501,0,1.829750374,0.196763953,-0.093713953
73,4.276882619,0.221274479,0,1.818875186,0.198320285,-0.095270285
74,4.372776848,0.163678592,0,1.835236882,0.19080839,-0.08775839
75,4.545386461,0.150109874,0,1.849098187,0.190725386,-0.087675386
76,4.909784531,0.146124656,0,1.843528614,0.190455622,-0.087405622
77,6.175588356,0.14602977,0,1.843528614,0.190580128,-0.087530128
78,8.918163309,0.146599087,0,1.843528614,0.190393368,-0.087343368
79,11.0086575,0.341874764,0,1.827019403,0.195954661,-0.092904661
80,10.41411328,0.491130663,0,1.824296572,0.207845036,-0.104795036
81,9.972999829,0.50669199,0.0115265,1.837992492,0.208799586,-0.105749586
82,9.416813301,0.4675989,0.028363366,1.860338906,0.208260058,-0.105210058
83,8.879805617,0.441125667,0.028764641,1.891967543,0.207658276,-0.104608276
84,8.611301776,0.588294071,0.023008341,1.906702492,0.204234346,-0.101184346
85,8.419513318,0.784518609,0.011483663,1.943020635,0.200416145,-0.097366145
86,8.515407547,0.491415321,0.034059989,1.939941363,0.20012563,-0.09707563
87,8.688017159,0.437804652,0.028282726,1.92772126,0.199731359,-0.096681359
88,9.014057538,0.397857587,0.011303748,1.924690252,0.20031239,-0.09726239
89,9.28256138,0.399375765,0,1.906702492,0.202179988,-0.099129988
90,9.64695945,0.488284079,0,1.906702492,0.206475464,-0.103425464
91,9.74285368,0.794766312,0,1.897834109,0.205313403,-0.102263403
92,9.685317142,0.669042176,0,1.897834109,0.200727412,-0.097677412
93,9.167488305,0.638488839,0,1.897834109,0.189708582,-0.086658582
94,8.055115247,0.535062946,0,1.90373717,0.187322207,-0.084272207
95,5.600222981,0.442833617,0,1.90373717,0.184271796,-0.081221796
96,4.487849923,0.327926501,0,1.900781056,0.158229177,-0.055179177
97,4.236816639,0.221274479,0,1.900781056,0.148870435,-0.045820435
98,4.331812527,0.200779073,0,1.897834109,0.145176741,-0.042126741
99,4.502805127,0.171079711,0,1.906702492,0.143101632,-0.040051632
100,4.863789504,0.146124656,0,1.906702492,0.138785405,-0.035735405
101,6.117735236,0.14849681,0,1.906702492,0.131169754,-0.028119754
102,8.834617655,0.177911513,0,1.900781056,0.13888916,-0.03583916
103,10.90552803,0.341874764,0,1.900781056,0.141503798,-0.038453798
104,10.31655352,0.491130663,0.002868142,1.874583461,0.152730138,-0.049680138
105,9.879572431,0.45431484,0.150757905,1.871717125,0.169061247,-0.066011247
106,9.328596276,0.525669218,0.455521377,1.871717125,0.177008915,-0.073958915
107,8.796619299,0.441125667,0.560072838,1.88034255,0.188193753,-0.085143753
108,8.53063081,0.449096103,0.248974515,1.877458589,0.196390434,-0.093340434
109,8.340639033,0.496064742,0.150072175,1.883235385,0.199627604,-0.096577604
110,8.435634922,0.491415321,0.122214788,1.886137134,0.200416145,-0.097366145
111,8.606627521,0.437804652,0.064448246,1.891967543,0.200789665,-0.097739665
112,8.929613543,0.545690194,0.02248573,1.897834109,0.203487307,-0.100437307
113,9.195602032,0.404974047,0.006673508,1.900781056,0.210542678,-0.107492678
114,9.556586409,0.488284079,0,1.912660938,0.211165211,-0.108115211
115,9.651582298,0.630708175,0,1.915654147,0.220959726,-0.117909726
116,9.594584765,0.709938103,0,1.91865674,0.216394485,-0.113344485
117,9.081606965,0.638488839,0,1.924690252,0.202512006,-0.099462006
118,7.979654656,0.535062946,0,1.92772126,0.200748163,-0.097698163
119,5.547759903,0.464942088,0,1.92772126,0.199669106,-0.096619106
120,4.445807594,0.321189585,0,1.936871835,0.196722451,-0.093672451
121,4.022918645,0.221274479,0,1.939941363,0.197407237,-0.094357237
122,4.113118614,0.163678592,0,1.939941363,0.192074207,-0.089024207
123,4.27547856,0.150109874,0,1.943020635,0.193443779,-0.090393779
124,4.618238444,0.146124656,0,1.936871835,0.192696739,-0.089646739
125,5.808878043,0.14849681,0,1.939941363,0.184832076,-0.081782076
126,8.388597174,0.152102483,0,1.943020635,0.190932897,-0.087882897
127,10.35495651,0.155423498,0,1.946109698,0.193049508,-0.089999508
128,9.7957167,0.491130663,0.002878851,1.939941363,0.194958608,-0.091908608
129,9.38079684,0.50669199,0.028711095,1.939941363,0.197718503,-0.094668503
130,8.857637016,0.4675989,0.244665413,1.939941363,0.203860826,-0.100810826
131,8.352517186,0.441125667,0.5116665,1.949208599,0.21039742,-0.10734742
132,8.099957271,0.449096103,0.14495092,1.955436102,0.217598049,-0.114548049
133,7.919557332,0.63232124,0.098761656,1.943020635,0.218013071,-0.114963071
134,8.009757301,0.656706978,0.104301904,1.949208599,0.207181001,-0.104131001
135,8.172117247,0.437804652,0.06232476,1.952317384,0.201764966,-0.098714966
136,8.478797143,0.397857587,0.017131641,1.952317384,0.200063377,-0.097013377
137,8.731357058,0.399375765,0,1.949208599,0.206579219,-0.103529219
138,9.074116943,0.488284079,0,1.943020635,0.224674171,-0.121624171
139,9.164316912,0.630708175,0,1.946109698,0.232850101,-0.129800101
140,9.110196931,0.79751801,0,1.949208599,0.232497332,-0.129447332
141,8.623117095,0.607745729,0,1.946109698,0.230069455,-0.127019455
142,7.576797447,0.535062946,0,1.933812006,0.20792804,-0.10487804
143,5.267678225,0.442833617,0,1.939941363,0.214630643,-0.111580643
144,4.221358578,0.327926501,0,1.943020635,0.204483359,-0.101433359
145,3.851772399,0.221274479,0,1.936871835,0.188567272,-0.085517272
146,3.938135009,0.163678592,0,1.933812006,0.192613735,-0.089563735
147,4.093587706,0.15978826,0,1.933812006,0.19232322,-0.08927322
148,4.421765624,0.156182587,0,1.939941363,0.188733281,-0.085683281
149,5.561752073,0.14849681,0,1.936871835,0.188671028,-0.085621028
150,8.031722715,0.177911513,0,1.933812006,0.191866696,-0.088816696
151,9.914427609,0.341874764,0,1.933812006,0.208778835,-0.105728835
152,9.378979428,0.491130663,0.002906695,1.939941363,0.235423236,-0.132373236
153,8.981711423,0.50669199,0.031879027,1.943020635,0.24691934,-0.14386934
154,8.480808286,0.537814644,0.089141604,1.939941363,0.248537926,-0.145487926
155,7.997177671,0.66107174,0.114411909,1.9585648,0.245757279,-0.142707279
156,7.755362363,0.449096103,0.094411819,2.000168301,0.240860022,-0.137810022
157,7.582637144,0.496064742,0.083005627,1.980749191,0.235796756,-0.132746756
158,7.668999753,0.491415321,0.060184561,1.980749191,0.231563533,-0.128513533
159,7.824452451,0.437804652,0.032963953,1.980749191,0.222682066,-0.119632066
160,8.118085325,0.397857587,0.034356176,1.980749191,0.20354956,-0.10049956
161,8.359900632,0.549390753,0.002898128,1.971180354,0.203570311,-0.100520311
162,8.68807855,0.477087514,0,1.964852327,0.203902329,-0.100852329
163,8.774441159,0.630708175,0,1.955436102,0.192468477,-0.089418477
164,8.722623593,0.709938103,0,1.9585648,0.180308338,-0.077258338
165,8.2562655,0.638488839,0,1.946109698,0.178046469,-0.074996469
166,7.254459226,0.535062946,0,1.943020635,0.159536496,-0.056486496
167,5.043576414,0.442833617,0,1.933812006,0.136253772,-0.033203772
168,4.04177014,0.394441686,0,1.933812006,0.096868201,0.006181799
169,3.742238344,0.296708961,0,1.933812006,0.130277457,-0.027227457
170,3.826145033,0.163678592,0,1.92772126,0.136440531,-0.033390531
171,3.977177074,0.150109874,0,1.909677067,0.109194349,-0.006144349
172,4.296022493,0.146124656,0,1.912660938,0.122786314,-0.019736314
173,5.403590792,0.14849681,0,1.906702492,0.131564025,-0.028514025
174,7.803322107,0.177911513,0,1.92166876,0.131584776,-0.028534776
175,9.632487934,0.201538162,0,1.924690252,0.167359657,-0.064309657
176,9.11226646,0.189772281,0.002917404,1.933812006,0.184085037,-0.081035037
177,8.726295689,0.50669199,0.017472195,1.936871835,0.190434871,-0.087384871
178,8.239636891,0.4675989,0.077905848,1.961703526,0.184105788,-0.081055788
179,7.769759431,0.441125667,0.11166869,1.968011254,0.184043534,-0.080993534
180,7.534820701,0.449096103,0.148351902,1.971180354,0.1900406,-0.0869906
181,7.367007322,0.496064742,0.329950389,1.990411382,0.184230294,-0.081180294
182,7.450914011,0.629379769,0.600084776,2.000168301,0.182715465,-0.079665465
183,7.601946052,0.516655035,0.325962542,2.003441899,0.18396053,-0.08091053
184,7.887228796,0.397857587,0.039634113,2.00672623,0.187674975,-0.084624975
185,8.122167526,0.399375765,0.002885276,2.000168301,0.166114592,-0.063064592
186,8.441012945,0.488284079,0,2.003441899,0.18775798,-0.08470798
187,8.524919635,0.630708175,0,1.996905383,0.187737229,-0.084687229
188,8.474575621,0.709938103,0,1.980749191,0.17177964,-0.06872964
189,8.021479499,0.652626874,0,1.974359677,0.175079063,-0.072029063
190,7.048161903,0.514377767,0,1.968011254,0.167691675,-0.064641675
191,4.900150656,0.442833617,0,1.974359677,0.154722243,-0.051672243
192,3.92683306,0.327926501,0,1.968011254,0.13984371,-0.03679371
193,3.877633004,0.221274479,0,1.952317384,0.134635187,-0.031585187
194,3.964575448,0.163678592,0,1.939941363,0.10807379,-0.00502379
195,4.121071848,0.150109874,0,1.943020635,0.100167624,0.002882376
196,4.451453135,0.150679191,0,1.936871835,0.113884095,-0.010834095
197,5.599093396,0.146978632,0,1.936871835,0.122516549,-0.019466549
198,8.085647296,0.177911513,0,1.924690252,0.145778522,-0.042728522
199,9.980992576,0.341874764,0,1.915654147,0.169787535,-0.066737535
200,9.441949423,0.491130663,0.002914191,1.915654147,0.184126539,-0.081076539
201,9.04201418,0.50669199,0.160364978,1.91865674,0.198839062,-0.095789062
202,8.537748005,0.4675989,0.42025624,1.92772126,0.197427988,-0.094377988
203,8.050870318,0.561156635,0.49591766,1.939941363,0.197241228,-0.094191228
204,7.807431475,0.769621485,0.199320735,1.939941363,0.188089997,-0.085039997
205,7.633546587,0.496064742,0.152186564,1.939941363,0.183607762,-0.080557762
206,7.720489031,0.491415321,0.093598989,1.949208599,0.183296495,-0.080246495
207,7.87698543,0.437804652,0.045820908,1.949208599,0.186533665,-0.083483665
208,8.17258974,0.397857587,0.022758304,1.939941363,0.1967017,-0.0936517
209,8.416028583,0.399375765,0.002878851,1.92166876,0.204732372,-0.101682372
210,8.746409871,0.685077934,0,1.88904784,0.209131604,-0.106081604
211,8.833352315,0.593607695,0,1.88034255,0.205500163,-0.102450163
212,8.781186848,0.709938103,0,1.877458589,0.205500163,-0.102450163
213,8.311697651,0.638488839,0,1.88034255,0.202989281,-0.099939281
214,7.3031653,0.535062946,0,1.88034255,0.200291639,-0.097241639
215,5.077438732,0.442833617,0,1.88034255,0.194626591,-0.091576591
216,4.068906381,0.327926501,0,1.866010671,0.191887447,-0.088837447
217,4.171209008,0.254484629,0,1.857515933,0.189501071,-0.086451071
218,4.264733874,0.213588702,0,1.860338906,0.194896355,-0.091846355
219,4.433078632,0.150109874,0,1.851895613,0.19080839,-0.08775839
220,4.788473122,0.146124656,0,1.854701515,0.194315325,-0.091265325
221,6.023001349,0.14849681,0,1.857515933,0.193692792,-0.090642792
222,8.697812506,0.177911513,0,1.857515933,0.196390434,-0.093340434
223,10.73665458,0.341874764,0,1.849098187,0.211268966,-0.108218966
224,10.15680041,0.311036768,0.002921688,1.846309201,0.243702921,-0.140652921
225,9.726586029,0.335991823,0.029075209,1.854701515,0.261486606,-0.158436606
226,9.184141808,0.4675989,0.06938868,1.860338906,0.262773174,-0.159723174
227,8.66040256,0.441125667,0.112336945,1.871717125,0.261445104,-0.158395104
228,8.398532936,0.449096103,0.137632247,1.877458589,0.259058729,-0.156008729
229,8.211483205,0.496064742,0.154557587,1.88904784,0.251567585,-0.148517585
230,8.305008071,0.491415321,0.137889268,1.891967543,0.248683183,-0.145633183
231,8.473352829,0.58241113,0.13372931,1.891967543,0.250882799,-0.147832799
232,8.791337372,0.442548959,0.040627138,1.891967543,0.249513227,-0.146463227
233,9.053206996,0.399375765,0.002908837,1.886137134,0.252376877,-0.149326877
234,9.408601485,0.488284079,0,1.886137134,0.266217855,-0.163167855
235,9.502126351,0.630708175,0,1.88034255,0.269745541,-0.166695541
236,9.446011432,0.709938103,0,1.88034255,0.255240528,-0.152190528
237,8.940977157,0.638488839,0,1.88034255,0.242291847,-0.139241847
238,7.856088715,0.508969257,0,1.874583461,0.232974607,-0.129924607
239,5.461852155,0.435527385,0,1.868859542,0.21857335,-0.11552335
240,4.376963713,0.327926501,0,1.863170472,0.206039691,-0.102989691
241,4.944087194,0.221274479,0,1.863170472,0.19232322,-0.08927322
242,5.061803556,0.163678592,0,1.866010671,0.189708582,-0.086658582
243,5.277616886,0.150109874,0,1.857515933,0.187965491,-0.084915491
244,5.591527184,0.146124656,0,1.854701515,0.18396053,-0.08091053
245,6.729452015,0.14602977,0,1.849098187,0.189003045,-0.085953045
246,8.769868952,0.146599087,0,1.843528614,0.189459569,-0.086409569
247,10.57485317,0.341874764,0,1.837992492,0.199482346,-0.096432346
248,9.986271357,0.491130663,0.002917404,1.837992492,0.218656354,-0.115606354
249,9.966651963,0.50669199,0.037792069,1.835236882,0.217598049,-0.114548049
250,9.613502878,0.4675989,0.08674166,1.832489521,0.223615865,-0.120565865
251,9.181876218,0.441125667,0.193378266,1.849098187,0.220835219,-0.117785219
252,8.828727133,0.588294071,0.584173905,1.874583461,0.218801612,-0.115751612
253,8.691391377,0.784518609,0.637649461,1.883235385,0.200727412,-0.097677412
254,8.691391377,0.491415321,0.415499375,1.877458589,0.198465543,-0.095415543
255,8.946443495,0.437804652,0.174947748,1.874583461,0.18738446,-0.08433446
256,9.181876218,0.397857587,0.054403994,1.871717125,0.180619604,-0.077569604
257,9.535025303,0.399375765,0.005773116,1.863170472,0.18642991,-0.08337991
258,9.633122272,0.488284079,0,1.857515933,0.19993887,-0.09688887
259,9.652741665,0.794766312,0,1.860338906,0.193879552,-0.090829552
260,9.476167123,0.669042176,0,1.846309201,0.195145368,-0.092095368
261,9.005301675,0.638488839,0,1.846309201,0.186409159,-0.083359159
262,7.926235026,0.535062946,0,1.849098187,0.186284652,-0.083234652
263,5.905437482,0.442833617,0,1.854701515,0.189335063,-0.086285063
264,5.042184163,0.327926501,0,1.857515933,0.183234242,-0.080184242
265,4.203021943,0.221274479,0,1.868859542,0.191078154,-0.088028154
266,4.297260103,0.200779073,0,1.868859542,0.188256006,-0.085206006
267,4.466888791,0.171079711,0,1.868859542,0.185620617,-0.082570617
268,4.8249938,0.146124656,0,1.874583461,0.182072181,-0.079022181
269,6.068937514,0.14849681,0,1.883235385,0.180266836,-0.077216836
270,8.764148894,0.177911513,0,1.886137134,0.174664041,-0.071614041
271,10.81854079,0.341874764,0,1.891967543,0.18223819,-0.07918819
272,10.23426419,0.491130663,0,1.900781056,0.178606749,-0.075556749
273,9.800768656,0.45431484,0.0087342,1.897834109,0.180453596,-0.077403596
274,9.254187327,0.525669218,0.031926147,1.900781056,0.186637421,-0.083587421
275,8.72645363,0.441125667,0.063502775,1.924690252,0.18491508,-0.08186508
276,8.462586782,0.449096103,0.089108405,1.93076183,0.18472832,-0.08167832
277,8.274110461,0.496064742,0.094553181,1.92772126,0.180308338,-0.077258338
278,8.368348621,0.491415321,0.046095064,1.933812006,0.173169963,-0.070119963
279,8.53797731,0.437804652,0.048997794,1.946109698,0.17140612,-0.06835612
280,8.858387054,0.545690194,0.023145419,1.946109698,0.161590854,-0.058540854
281,9.122253903,0.404974047,0.002905624,1.946109698,0.16742191,-0.06437191
282,9.480358911,0.488284079,0,1.952317384,0.184852827,-0.081802827
283,9.574597071,0.630708175,0,1.961703526,0.189106801,-0.086056801
284,9.518054175,0.709938103,0,1.974359677,0.17615812,-0.07310812
285,9.00916811,0.638488839,0,1.955436102,0.172215413,-0.069165413
286,7.916005453,0.535062946,0,1.936871835,0.155842802,-0.052792802
287,5.503508553,0.464942088,0,1.933812006,0.176469386,-0.073419386
288,4.410345895,0.321189585,0,1.939941363,0.15715012,-0.05410012
289,3.781237858,0.221274479,0,1.943020635,0.141503798,-0.038453798
290,3.866018976,0.163678592,0,1.936871835,0.118781353,-0.015731353
291,4.018624988,0.150109874,0,1.943020635,0.132497824,-0.029447824
292,4.340793236,0.146124656,0,1.946109698,0.141835815,-0.038785815
293,5.459903992,0.14849681,0,1.946109698,0.141296287,-0.038246287
294,7.884643964,0.152102483,0,1.952317384,0.134572933,-0.031522933
295,9.732872334,0.155423498,0,1.961703526,0.136212269,-0.033162269
296,9.207229403,0.491130663,0,1.961703526,0.138992916,-0.035942916
297,8.81723626,0.50669199,0.014553754,1.974359677,0.142188584,-0.039138584
298,8.325505777,0.4675989,0.040612145,1.961703526,0.145031483,-0.041981483
299,7.850731516,0.441125667,0.083595705,1.961703526,0.14762537,-0.04457537
300,7.613344386,0.449096103,0.117588203,1.968011254,0.156984112,-0.053934112
301,7.443782151,0.63232124,0.114711768,1.964852327,0.149202453,-0.046152453
302,7.528563269,0.656706978,0.097644063,1.980749191,0.110688427,-0.007638427
303,7.681169281,0.437804652,0.072017413,2.003441899,0.09297,0.01008
304,7.969425082,0.397857587,0.034523463,2.013327303,0.09304,0.01001
305,8.206812212,0.399375765,0.002909908,2.036777038,0.09278,0.01027
306,8.52898046,0.488284079,0,2.050423786,0.137768601,-0.034718601
307,8.613761577,0.630708175,0,2.057315966,0.142935623,-0.039885623
308,8.562892907,0.79751801,0,2.060779461,0.126064986,-0.023014986
309,8.10507487,0.607745729,0,2.067741554,0.09303,0.01002
310,7.121613903,0.535062946,0,2.067741554,0.09272,0.01033
311,4.951217285,0.442833617,0,2.078273345,0.099358332,0.003691668
312,3.967756317,0.327926501,0,2.074750847,0.08577,0.01728
313,3.51543019,0.221274479,0,2.081807823,0.08991,0.01314
314,3.594251494,0.163678592,0,2.085354344,0.08105,0.022
315,3.736129843,0.15978826,0,2.088912969,0.07801,0.02504
316,4.035650801,0.156182587,0,2.010021346,0.08196,0.02109
317,5.076092023,0.14849681,0,2.00672623,0.08811,0.01494
318,7.330381337,0.177911513,0,2.016644152,0.096349423,0.006700577
319,9.04868578,0.341874764,0,2.00672623,0.167546417,-0.064496417
320,8.559993691,0.491130663,0.005910194,2.003441899,0.199337089,-0.096287089
321,8.197415689,0.50669199,0.08856924,1.990411382,0.200250137,-0.097200137
322,7.740252122,0.537814644,0.227598904,1.987180195,0.188691779,-0.085641779
323,7.298852816,0.66107174,0.124355432,2.026660596,0.197344984,-0.094294984
324,7.078153162,0.449096103,0.12706821,2.019971947,0.185371604,-0.082321604
325,6.920510553,0.496064742,0.095542713,2.036777038,0.1786275,-0.0755775
326,6.999331858,0.491415321,0.081156981,2.030021559,0.173792495,-0.070742495
327,7.141210206,0.437804652,0.066763581,2.026660596,0.17976881,-0.07671881
328,7.409202642,0.397857587,0.031815257,2.023310744,0.196037665,-0.092987665
329,7.629902295,0.549390753,0.002922759,2.023310744,0.198735307,-0.095685307
330,7.929423253,0.477087514,0,2.010021346,0.199399342,-0.096349342
331,8.008244558,0.630708175,0,1.943020635,0.198735307,-0.095685307
332,7.960951775,0.709938103,0,1.961703526,0.197884512,-0.094834512
333,7.53531673,0.638488839,0,1.964852327,0.195996163,-0.092946163
334,6.620989595,0.535062946,0,1.955436102,0.184977334,-0.081927334
335,4.603164195,0.442833617,0,1.936871835,0.178731255,-0.075681255
336,3.68883706,0.394441686,0,1.92166876,0.170368565,-0.067318565
337,3.619028018,0.296708961,0,1.92166876,0.166052338,-0.063002338
338,3.700172144,0.163678592,0,1.906702492,0.167380408,-0.064330408
339,3.84623157,0.150109874,0,1.912660938,0.165658068,-0.062608068
340,4.154579249,0.146124656,0,1.924690252,0.164765771,-0.061715771
341,5.225681712,0.14849681,0,1.92166876,0.156963361,-0.053913361
342,7.546403714,0.177911513,0,1.912660938,0.162379395,-0.059329395
343,9.31534566,0.201538162,0,1.91865674,0.191410172,-0.088360172
344,8.812252079,0.189772281,0.002953816,1.92772126,0.204545612,-0.101495612
345,8.438989099,0.50669199,0.049980901,1.93076183,0.211372721,-0.108322721
346,7.968353169,0.4675989,0.123700348,1.952317384,0.21419487,-0.11114487
347,7.513946064,0.441125667,0.324386664,1.977549273,0.210376669,-0.107326669
348,7.286742511,0.449096103,0.187375607,2.000168301,0.207181001,-0.104131001
349,7.124454259,0.496064742,0.177211652,2.010021346,0.204939883,-0.101889883
350,7.205598385,0.629379769,0.141769318,2.053864094,0.203674067,-0.100624067
351,7.351657812,0.516655035,0.131895691,2.053864094,0.202262992,-0.099212992
352,7.62754784,0.397857587,0.037733724,2.026660596,0.201204687,-0.098154687
353,7.854751393,0.399375765,0.002917404,2.003441899,0.198880565,-0.095830565
354,8.163099071,0.488284079,0,1.964852327,0.204919132,-0.101869132
355,8.244243197,0.630708175,0,1.9585648,0.189231307,-0.086181307
356,8.195556722,0.709938103,0,1.936871835,0.181719412,-0.078669412
357,7.757378441,0.652626874,0,1.92772126,0.176718399,-0.073668399
358,6.81610658,0.514377767,0,1.900781056,0.175909107,-0.072859107
359,4.738816956,0.442833617,0,1.894896285,0.175348827,-0.072298827
360,3.797545095,0.327926501,0,1.886137134,0.159536496,-0.056486496
361,4.002039662,0.221274479,0,1.871717125,0.153705439,-0.050655439
362,4.091771493,0.163678592,0,1.851895613,0.153767693,-0.050717693
363,4.253288789,0.150109874,0,1.840756391,0.160781561,-0.057731561
364,4.594269747,0.150679191,0,1.837992492,0.160304286,-0.057254286
365,5.778729916,0.146978632,0,1.835236882,0.161653107,-0.058603107
366,8.345060282,0.177911513,0,1.829750374,0.161985125,-0.058935125
367,10.3012142,0.341874764,0,1.813485926,0.189812338,-0.086762338
368,9.744876845,0.491130663,0,1.813485926,0.20469087,-0.10164087
369,9.332110423,0.50669199,0.115671694,1.818875186,0.208695831,-0.105645831
370,8.811665803,0.4675989,0.14505182,1.840756391,0.204753123,-0.101703123
371,8.309167549,0.561156635,0.261074127,1.851895613,0.205562416,-0.102512416
372,8.057918423,0.769621485,0.182983519,1.868859542,0.207014992,-0.103964992
373,7.878454761,0.496064742,0.09366967,1.93076183,0.204379604,-0.101329604
374,7.968186592,0.491415321,0.20172345,1.964852327,0.202387499,-0.099337499
375,8.129703887,0.437804652,0.028443364,1.9585648,0.204172093,-0.101122093
376,8.434792113,0.397857587,0.025620512,1.955436102,0.204524861,-0.101474861
377,8.686041239,0.399375765,0.002880993,1.946109698,0.206828232,-0.103778232
378,9.027022197,0.685077934,0,1.909677067,0.205126643,-0.102076643
379,9.116754028,0.593607695,0,1.900781056,0.202345997,-0.099295997
380,9.06291493,0.709938103,0,1.897834109,0.198714556,-0.095664556
381,8.578363042,0.638488839,0,1.891967543,0.175660094,-0.072610094
382,7.537473803,0.535062946,0,1.891967543,0.174581037,-0.071531037
383,5.24033893,0.442833617,0,1.900781056,0.175867605,-0.072817605
384,4.19944969,0.327926501,0,1.891967543,0.156901107,-0.053851107
385,3.621041649,0.254484629,0,1.924690252,0.147729125,-0.044679125
386,3.702230923,0.213588702,0,1.961703526,0.145405003,-0.042355003
387,3.848371618,0.150109874,0,1.980749191,0.140300234,-0.037250234
388,4.156890861,0.146124656,0,2.00672623,0.142894121,-0.039844121
389,5.228589287,0.14849681,0,2.016644152,0.146235046,-0.043185046
390,7.550602541,0.177911513,0,1.993653094,0.151277562,-0.048227562
391,9.320528728,0.341874764,0,2.013327303,0.16646736,-0.06341736
392,8.817155225,0.311036768,0.008740626,1.987180195,0.188588023,-0.085538023
393,8.443684562,0.335991823,0.020408192,2.057315966,0.196722451,-0.093672451
394,7.972786769,0.4675989,0.017510748,2.081807823,0.197967517,-0.094917517
395,7.518126831,0.441125667,0.416214423,2.081807823,0.18871253,-0.08566253
396,7.290796862,0.449096103,0.162408511,2.081807823,0.188546521,-0.085496521
397,7.128418313,0.496064742,0.24998597,2.043577629,0.184230294,-0.081180294
398,7.209607588,0.491415321,0.527417983,2.060779461,0.189833089,-0.086783089
399,7.355748282,0.58241113,0.711878915,2.057315966,0.207181001,-0.104131001
400,7.631791816,0.442548959,0.088744974,2.030021559,0.209048599,-0.105998599
401,7.859121785,0.399375765,0.005854506,2.033393688,0.212223516,-0.109173516
402,8.167641028,0.488284079,0,2.023310744,0.214900407,-0.111850407
403,8.248830303,0.630708175,0,2.00672623,0.207305508,-0.104255508
404,8.200116738,0.709938103,0,2.003441899,0.204794626,-0.101744626
405,7.761694655,0.638488839,0,1.996905383,0.195809403,-0.092759403
406,6.819899069,0.508969257,0,1.990411382,0.180930871,-0.077880871
407,4.741453639,0.435527385,0,1.968011254,0.181117631,-0.078067631
408,3.799658053,0.327926501,0,1.971180354,0.178357735,-0.075307735
409,3.954915004,0.221274479,0,1.9585648,0.180744111,-0.077694111
410,4.043590228,0.163678592,0,1.88034255,0.177942714,-0.074892714
411,4.203205632,0.150109874,0,1.886137134,0.183877526,-0.080827526
412,4.540171484,0.146124656,0,1.857515933,0.186533665,-0.083483665
413,5.710684445,0.14602977,0,1.835236882,0.192426975,-0.089376975
414,8.24679586,0.146599087,0,1.835236882,0.196369683,-0.093319683
415,10.17991575,0.341874764,0,1.843528614,0.206703726,-0.103653726
416,9.63012936,0.491130663,0.00291205,1.849098187,0.244698974,-0.141648974
417,9.222223328,0.50669199,0.017440067,1.849098187,0.252542886,-0.149492886
418,8.707907027,0.4675989,0.068209653,1.871717125,0.247272109,-0.144222109
419,8.211325771,0.441125667,0.266257925,1.90373717,0.239365943,-0.136315943
420,7.963035143,0.588294071,0.311568737,1.974359677,0.236274031,-0.133224031
421,7.785684694,0.784518609,0.728943795,1.952317384,0.236108022,-0.133058022
422,7.874359918,0.491415321,0.453508272,2.003441899,0.228492372,-0.125442372
423,8.033975322,0.437804652,0.119511053,1.987180195,0.232995358,-0.129945358
424,8.335471085,0.397857587,0.054078433,1.964852327,0.234447935,-0.131397935
425,8.583761713,0.399375765,0.002862787,1.909677067,0.236232529,-0.133182529
426,8.920727565,0.488284079,0,1.891967543,0.248766188,-0.145716188
427,9.009402789,0.794766312,0,1.886137134,0.251028057,-0.147978057
428,8.956197655,0.669042176,0,1.871717125,0.243412406,-0.140362406
429,8.477351444,0.638488839,0,1.868859542,0.221353996,-0.118303996
430,7.448718842,0.535062946,0,1.863170472,0.215979464,-0.112929464
431,5.178633099,0.442833617,0,1.851895613,0.210708687,-0.107658687
432,4.150000497,0.327926501,0,1.840756391,0.2033628,-0.1003128
433,5.019284725,0.221274479,0,1.835236882,0.201930975,-0.098880975
434,5.138791504,0.200779073,0,1.816176558,0.203404302,-0.100354302
435,5.357887266,0.171079711,0,1.805461652,0.206620722,-0.103570722
436,5.67657201,0.146124656,0,1.797508076,0.199191831,-0.096141831
437,6.831804209,0.14849681,0,1.813485926,0.201474451,-0.098424451
438,8.903255048,0.177911513,0,1.802802651,0.198735307,-0.095685307
439,10.73569233,0.341874764,0,1.800151471,0.194813351,-0.091763351
440,10.13815843,0.491130663,0.00290134,1.800151471,0.197967517,-0.094917517
441,10.11824064,0.45431484,0.13892914,1.802802651,0.208654328,-0.105604328
442,9.759720298,0.525669218,0.499232257,1.816176558,0.210542678,-0.107492678
443,9.321528775,0.441125667,0.582106845,1.821581845,0.224051638,-0.121001638
444,8.963008437,0.449096103,0.605006921,1.837992492,0.212016005,-0.108966005
445,8.823583862,0.496064742,0.555334735,1.854701515,0.207720529,-0.104670529
446,8.823583862,0.491415321,0.141813905,1.871717125,0.205894433,-0.102844433
447,9.082515216,0.437804652,0.068771829,1.877458589,0.202096984,-0.099046984
448,9.321528775,0.545690194,0.023085447,1.854701515,0.208031796,-0.104981796
449,9.680049112,0.404974047,0.005790251,1.846309201,0.223636616,-0.120586616
450,9.779638095,0.488284079,0,1.821581845,0.232393577,-0.129343577
451,9.799555891,0.630708175,0,1.824296572,0.236045769,-0.132995769
452,9.620295723,0.709938103,0,1.835236882,0.21209901,-0.10904901
453,9.142268606,0.638488839,0,1.816176558,0.206371708,-0.103321708
454,8.046789797,0.535062946,0,1.800151471,0.201619709,-0.098569709
455,5.995256755,0.464942088,0,1.784406706,0.199980372,-0.096930372
456,5.118873707,0.321189585,0,1.781809316,0.196390434,-0.093340434
457,5.163904955,0.221274479,0,1.779219477,0.192115709,-0.089065709
458,5.286855073,0.163678592,0,1.771494935,0.190600879,-0.087550879
459,5.512263623,0.150109874,0,1.789624269,0.194315325,-0.091265325
460,5.840130604,0.146124656,0,1.794872434,0.194522835,-0.091472835
461,7.028648412,0.14849681,0,1.79224451,0.196037665,-0.092987665
462,9.15978379,0.152102483,0,1.79224451,0.195830154,-0.092780154
463,11.04501893,0.155423498,0,1.79224451,0.189936844,-0.086886844
464,10.43026834,0.491130663,0.002921688,1.797508076,0.190082102,-0.087032102
465,10.40977666,0.50669199,0.029160883,1.802802651,0.198631551,-0.095581551
466,10.0409263,0.4675989,0.058171152,1.813485926,0.201744215,-0.098694215
467,9.590109203,0.441125667,0.112378711,1.832489521,0.196950713,-0.093900713
468,9.221258849,0.449096103,0.237092228,1.866010671,0.195415132,-0.092365132
469,9.077817045,0.63232124,0.166344137,1.874583461,0.194688844,-0.091638844
470,9.077817045,0.656706978,0.091783997,1.883235385,0.191410172,-0.088360172
471,9.344208967,0.437804652,0.04888856,1.877458589,0.203445805,-0.100395805
472,9.590109203,0.397857587,0.02878606,1.883235385,0.207990294,-0.104940294
473,9.958959557,0.399375765,0,1.886137134,0.213447831,-0.110397831
474,10.06141799,0.488284079,0,1.88034255,0.231418275,-0.128368275
475,10.08190967,0.630708175,0,1.868859542,0.237124825,-0.134074825
476,9.897484498,0.79751801,0,1.863170472,0.23778886,-0.13473886
477,9.405684026,0.607745729,0,1.857515933,0.233804651,-0.130754651
478,8.278641278,0.535062946,0,1.863170472,0.21209901,-0.10904901
479,6.167997586,0.442833617,0,1.863170472,0.216643499,-0.113593499
480,5.266363387,0.327926501,0,1.871717125,0.201100931,-0.098050931
481,5.10755223,0.221274479,0,1.877458589,0.20830156,-0.10525156
482,5.229160617,0.163678592,0,1.877458589,0.203072285,-0.100022285
483,5.452109325,0.15978826,0,1.868859542,0.201163185,-0.098113185
484,5.776398356,0.156182587,0,1.849098187,0.199523848,-0.096473848
485,6.951946091,0.14849681,0,1.843528614,0.19917108,-0.09612108
486,9.059824789,0.177911513,0,1.843528614,0.203508058,-0.100458058
487,10.92448671,0.341874764,0,1.846309201,0.232414328,-0.129364328
488,10.31644478,0.491130663,0.00290134,1.849098187,0.258270187,-0.155220187
489,10.29617672,0.50669199,0.046352085,1.857515933,0.275784108,-0.172734108
490,9.931351559,0.537814644,0.175451376,1.863170472,0.271530135,-0.168480135
491,9.485454142,0.66107174,0.458313543,1.874583461,0.259141733,-0.156091733
492,9.120628982,0.449096103,0.270973214,1.877458589,0.248683183,-0.145633183
493,8.978752532,0.496064742,0.06058937,1.886137134,0.239656459,-0.136606459
494,8.978752532,0.491415321,0.148811312,1.915654147,0.241544808,-0.138494808
495,9.242237369,0.437804652,0.106362359,1.906702492,0.242520109,-0.139470109
496,9.485454142,0.397857587,0.046300681,1.897834109,0.251775096,-0.148725096
497,9.850279301,0.549390753,0.008724562,1.886137134,0.261299847,-0.158249847
498,9.951619623,0.477087514,0,1.883235385,0.27638589,-0.17333589
499,9.971887687,0.630708175,0,1.883235385,0.276697156,-0.173647156
500,9.789475108,0.709938103,0,1.860338906,0.258913471,-0.155863471
501,9.303041562,0.638488839,0,1.868859542,0.24596479,-0.14291479
502,8.18829802,0.535062946,0,1.846309201,0.234862957,-0.131812957
503,6.100687386,0.442833617,0,1.854701515,0.217203778,-0.114153778
504,5.208892552,0.394441686,0,1.860338906,0.207035743,-0.103985743
505,5.187521718,0.296708961,0,1.863170472,0.205500163,-0.102450163
506,5.31103414,0.163678592,0,1.860338906,0.205209647,-0.102159647
507,5.53747358,0.150109874,0,1.851895613,0.20410984,-0.10105984
508,5.866840038,0.146124656,0,1.846309201,0.20089342,-0.09784342
509,7.060793449,0.14849681,0,1.837992492,0.200872669,-0.097822669
510,9.201675428,0.177911513,0,1.837992492,0.201017927,-0.097967927
511,11.09553256,0.201538162,0,1.835236882,0.222391551,-0.119341551
512,10.47797045,0.189772281,0,1.835236882,0.246421314,-0.143371314
513,10.45738505,0.50669199,0.028550457,1.835236882,0.259536004,-0.156486004
514,10.08684778,0.4675989,0.048360595,1.843528614,0.252003358,-0.148953358
515,9.633968905,0.441125667,0.034111394,1.851895613,0.247002345,-0.143952345
516,9.263431639,0.449096103,0.039772541,1.863170472,0.238432144,-0.135382144
517,9.119333814,0.496064742,0.051132023,1.854701515,0.221852022,-0.118802022
518,9.119333814,0.629379769,0.0341885,1.871717125,0.214340127,-0.111290127
519,9.386944061,0.516655035,0.014302087,1.860338906,0.216913263,-0.113863263
520,9.633968905,0.397857587,0.008563924,1.860338906,0.228118852,-0.125068852
521,10.00450617,0.399375765,0,1.843528614,0.238743411,-0.135693411
522,10.10743319,0.488284079,0,1.829750374,0.256568598,-0.153518598
523,10.12801859,0.630708175,0,1.832489521,0.246877838,-0.143827838
524,9.942749959,0.709938103,0,1.827019403,0.226811533,-0.123761533
525,9.448700272,0.652626874,0,1.818875186,0.214111865,-0.111061865
526,8.316503072,0.514377767,0,1.818875186,0.207969542,-0.104919542
527,6.196206496,0.442833617,0,1.818875186,0.210480425,-0.107430425
528,5.290448736,0.327926501,0,1.816176558,0.204524861,-0.101474861
529,5.321133672,0.221274479,0,1.808128508,0.203445805,-0.100395805
530,5.44782733,0.163678592,0,1.808128508,0.204939883,-0.101889883
531,5.680099038,0.150109874,0,1.808128508,0.203259045,-0.100209045
532,6.017948795,0.150679191,0,1.805461652,0.199274835,-0.096224835
533,7.242654164,0.146978632,0,1.805461652,0.198922067,-0.095872067
534,9.438677584,0.177911513,0,1.802802651,0.207284756,-0.104234756
535,11.38131369,0.341874764,0,1.79224451,0.225773979,-0.122723979
536,10.74784539,0.491130663,0.0087342,1.774062319,0.264350257,-0.161300257
537,10.72672978,0.50669199,0.034689692,1.779219477,0.284271304,-0.181221304
538,10.34664881,0.4675989,0.069003148,1.800151471,0.287383968,-0.184333968
539,9.88210539,0.561156635,0.097097893,1.821581845,0.28381478,-0.18076478
540,9.502024414,0.769621485,0.122283197,1.837992492,0.275804859,-0.172754859
541,9.354215145,0.496064742,0.136141522,1.843528614,0.26935127,-0.16630127
542,9.354215145,0.491415321,0.110582774,1.854701515,0.267338414,-0.164288414
543,9.628718073,0.437804652,0.071187448,1.863170472,0.270658589,-0.167608589
544,9.88210539,0.397857587,0.039997435,1.863170472,0.273314728,-0.170264728
545,10.26218637,0.399375765,0.005740989,1.851895613,0.26935127,-0.16630127
546,10.36776442,0.685077934,0,1.829750374,0.279830571,-0.176780571
547,10.38888003,0.593607695,0,1.827019403,0.28761223,-0.18456223
548,10.19883954,0.709938103,0,1.818875186,0.280930379,-0.177880379
549,9.692064902,0.638488839,0,1.818875186,0.255925314,-0.152875314
550,8.530706362,0.535062946,0,1.818875186,0.236087271,-0.133037271
551,6.355798552,0.442833617,0,1.821581845,0.228139603,-0.125089603
552,5.426711721,0.327926501,0,1.824296572,0.215481437,-0.112431437
553,5.349332857,0.254484629,0,1.829750374,0.221457752,-0.118407752
554,5.476697925,0.213588702,0,1.827019403,0.215647446,-0.112597446
555,5.71020055,0.150109874,0,1.821581845,0.213198817,-0.110148817
556,6.049840731,0.146124656,0,1.824296572,0.210023901,-0.106973901
557,7.281036388,0.14849681,0,1.824296572,0.211227464,-0.108177464
558,9.488697567,0.177911513,0,1.829750374,0.220731464,-0.117681464
559,11.44162861,0.341874764,0,1.829750374,0.25071679,-0.14766679
560,10.80480327,0.311036768,0.019674002,1.837992492,0.298631059,-0.195581059
561,10.78357576,0.335991823,0.213640245,1.835236882,0.327682587,-0.224632587
562,10.40148055,0.4675989,0.472680661,1.827019403,0.323864386,-0.220814386
563,9.934475305,0.441125667,0.583374121,1.835236882,0.317680561,-0.214630561
564,9.552380101,0.449096103,0.649494305,1.835236882,0.308218064,-0.205168064
565,9.403787522,0.496064742,0.546705176,1.840756391,0.297095479,-0.194045479
566,9.403787522,0.491415321,0.550122379,1.840756391,0.285267357,-0.182217357
567,9.679745169,0.58241113,0.395013587,1.851895613,0.279519305,-0.176469305
568,9.934475305,0.442548959,0.133501316,1.849098187,0.280743619,-0.177693619
569,10.31657051,0.399375765,0.015177876,1.835236882,0.290206116,-0.187156116
570,10.42270807,0.488284079,0,1.824296572,0.314713155,-0.211663155
571,10.44393558,0.630708175,0,1.816176558,0.345092752,-0.242042752
572,10.25288798,0.709938103,0,1.813485926,0.304835636,-0.201785636
573,9.743427703,0.638488839,0,1.808128508,0.278440248,-0.175390248
574,8.57591458,0.508969257,0,1.808128508,0.247500371,-0.144450371
575,6.389480912,0.435527385,0,1.802802651,0.238141629,-0.135091629
576,5.455470413,0.327926501,0,1.805461652,0.22542121,-0.12237121
577,5.381824766,0.221274479,0,1.805461652,0.227164302,-0.124114302
578,5.509963451,0.163678592,0,1.802802651,0.218884616,-0.115834616
579,5.744884374,0.150109874,0,1.800151471,0.212991307,-0.109941307
580,6.086587533,0.146124656,0,1.797508076,0.208094049,-0.105044049
581,7.325261488,0.14602977,0,1.802802651,0.207762032,-0.104712032
582,9.546332026,0.146599087,0,1.789624269,0.215439935,-0.112389935
583,11.51112519,0.341874764,0,1.776637155,0.240590258,-0.137540258
584,10.87043177,0.491130663,0.019727281,1.781809316,0.268355218,-0.165305218
585,10.84907532,0.50669199,0.080509688,1.784406706,0.294335584,-0.191285584
586,10.46465927,0.4675989,0.134553669,1.79224451,0.287363217,-0.184313217
587,9.994817423,0.441125667,0.2381353,1.813485926,0.269434274,-0.166384274
588,9.610401368,0.588294071,0.536941221,1.840756391,0.254908511,-0.151858511
589,9.460906236,0.784518609,0.469383612,1.854701515,0.242063585,-0.139013585
590,9.460906236,0.491415321,0.204489339,1.886137134,0.238037873,-0.134987873
591,9.738540053,0.437804652,0.148316592,1.877458589,0.235485489,-0.132435489
592,9.994817423,0.397857587,0.101303536,1.877458589,0.229135655,-0.126085655
593,10.37923348,0.399375765,0.011475096,1.874583461,0.228098101,-0.125048101
594,10.48601572,0.488284079,0,1.860338906,0.240112983,-0.137062983
595,10.50737216,0.794766312,0,1.840756391,0.241918328,-0.138868328
596,10.31516414,0.669042176,0,1.829750374,0.214464634,-0.111414634
597,9.802609396,0.638488839,0,1.832489521,0.198424041,-0.095374041
598,8.628004784,0.535062946,0,1.827019403,0.199129578,-0.096079578
599,6.428290693,0.442833617,0,1.835236882,0.190912146,-0.087862146
600,5.488607004,0.327926501,0,1.835236882,0.182072181,-0.079022181
601,4.908468696,0.221274479,0,1.849098187,0.184956582,-0.081906582
602,5.025336998,0.200779073,0,1.863170472,0.181470399,-0.078420399
603,5.239595553,0.171079711,0,1.874583461,0.181262888,-0.078212888
604,5.551244359,0.146124656,0,1.877458589,0.180121578,-0.077071578
605,6.680971281,0.14849681,0,1.874583461,0.179478294,-0.076428294
606,8.70668852,0.177911513,0,1.851895613,0.177548443,-0.074498443
607,10.49866916,0.341874764,0,1.866010671,0.179229281,-0.076179281
608,9.914327644,0.491130663,0.008730988,1.868859542,0.180951622,-0.077901622
609,9.894849594,0.45431484,0.074965838,1.891967543,0.199648355,-0.096598355
610,9.544244687,0.525669218,0.325655808,1.906702492,0.209837141,-0.106787141
611,9.115727578,0.441125667,0.377428027,1.93076183,0.214692896,-0.111642896
612,8.765122672,0.449096103,0.224416217,1.92166876,0.215854957,-0.112804957
613,8.628776319,0.496064742,0.362976476,1.9585648,0.210750189,-0.107700189
614,8.628776319,0.491415321,0.223779887,1.968011254,0.212244267,-0.109194267
615,8.881990974,0.437804652,0.064965502,1.993653094,0.203694818,-0.100644818
616,9.115727578,0.545690194,0.028389818,1.990411382,0.202615761,-0.099565761
617,9.466332485,0.404974047,0.005700294,1.987180195,0.201868722,-0.098818722
618,9.563722737,0.488284079,0,1.983959481,0.209152355,-0.106102355
619,9.583200788,0.630708175,0,1.977549273,0.21324032,-0.11019032
620,9.407898334,0.709938103,0,1.968011254,0.204649368,-0.101599368
621,8.940425125,0.638488839,0,1.955436102,0.192613735,-0.089563735
622,7.869132354,0.535062946,0,1.961703526,0.186409159,-0.083359159
623,5.862893165,0.464942088,0,1.952317384,0.18414729,-0.08109729
624,5.005858948,0.321189585,0,1.961703526,0.171385369,-0.068335369
625,3.78929983,0.221274479,0,1.946109698,0.152024601,-0.048974601
626,3.87426171,0.163678592,0,1.983959481,0.143848671,-0.040798671
627,4.027193093,0.150109874,0,1.974359677,0.13451068,-0.03146068
628,4.350048235,0.146124656,0,2.00672623,0.130671728,-0.027621728
629,5.471545046,0.14849681,0,1.971180354,0.121292235,-0.018242235
630,7.901454802,0.152102483,0,1.974359677,0.124882174,-0.021832174
631,9.753623778,0.155423498,0,1.955436102,0.100624148,0.002425852
632,9.226860124,0.491130663,0.002879922,1.952317384,0.14382792,-0.04077792
633,8.836035478,0.50669199,0.022982639,1.943020635,0.14916095,-0.04611095
634,8.343256576,0.4675989,0.093881712,1.952317384,0.161466347,-0.058416347
635,7.867470051,0.441125667,0.135678884,1.996905383,0.174103762,-0.071053762
636,7.629576788,0.449096103,0.105015138,2.019971947,0.184458556,-0.081408556
637,7.459653028,0.63232124,0.096551722,2.046994983,0.190289613,-0.087239613
638,7.544614908,0.656706978,0.110248646,2.071240271,0.182217438,-0.079167438
639,7.697546291,0.437804652,0.062536803,2.110522414,0.178502993,-0.075452993
640,7.986416682,0.397857587,0.028529038,2.106889845,0.177091919,-0.074041919
641,8.224309945,0.399375765,0.002863858,2.074750847,0.178502993,-0.075452993
642,8.547165087,0.488284079,0,2.036777038,0.191098905,-0.088048905
643,8.632126967,0.630708175,0,2.057315966,0.202283744,-0.099233744
644,8.581149839,0.79751801,0,2.023310744,0.202947778,-0.099897778
645,8.122355689,0.607745729,0,2.013327303,0.197718503,-0.094668503
646,7.136797886,0.535062946,0,1.990411382,0.192115709,-0.089065709
647,4.961773768,0.442833617,0,1.971180354,0.198507045,-0.095457045
648,3.976215965,0.327926501,0,1.943020635,0.186035639,-0.082985639
649,3.837386302,0.221274479,0,1.92166876,0.181034626,-0.077984626
650,3.923426353,0.163678592,0,1.92166876,0.17806722,-0.07501722
651,4.078298446,0.15978826,0,1.924690252,0.17692591,-0.07387591
652,4.405250642,0.156182587,0,1.915654147,0.171489124,-0.068439124
653,5.540979324,0.14849681,0,1.906702492,0.172090906,-0.069040906
654,8.001724799,0.177911513,0,1.91865674,0.179851814,-0.076801814
655,9.877397925,0.341874764,0,1.909677067,0.203217543,-0.100167543
656,9.343949605,0.491130663,0.005766691,1.909677067,0.225939987,-0.122889987
657,8.948165367,0.50669199,0.028743223,1.91865674,0.227683079,-0.124633079
658,8.449133068,0.537814644,0.05722874,1.933812006,0.222121787,-0.119071787
659,7.967308779,0.66107174,0.091132876,1.949208599,0.21419487,-0.11114487
660,7.726396634,0.449096103,0.09947382,1.968011254,0.209090101,-0.106040101
661,7.554316531,0.496064742,0.088012851,1.974359677,0.207430014,-0.104380014
662,7.640356583,0.491415321,0.113083965,1.9585648,0.199627604,-0.096577604
663,7.795228676,0.437804652,0.123864009,1.961703526,0.193962556,-0.090912556
664,8.087764851,0.397857587,0.056607605,1.955436102,0.191285665,-0.088235665
665,8.328676996,0.549390753,0.011376571,1.939941363,0.194377578,-0.091327578
666,8.655629192,0.477087514,0,1.92772126,0.219278887,-0.116228887
667,8.741669243,0.630708175,0,1.915654147,0.216809507,-0.113759507
668,8.690045212,0.709938103,0,1.912660938,0.205873682,-0.102823682
669,8.225428934,0.638488839,0,1.909677067,0.191700687,-0.088650687
670,7.227364335,0.535062946,0,1.912660938,0.187861735,-0.084811735
671,5.024739014,0.442833617,0,1.915654147,0.189252058,-0.086202058
672,4.026674415,0.394441686,0,1.909677067,0.184168041,-0.081118041
673,3.921806959,0.296708961,0,1.912660938,0.186160146,-0.083110146
674,4.009739851,0.163678592,0,1.909677067,0.192800495,-0.089750495
675,4.168019055,0.150109874,0,1.906702492,0.191596932,-0.088546932
676,4.502164043,0.146124656,0,1.897834109,0.185579115,-0.082529115
677,5.66287821,0.14849681,0,1.868859542,0.188442766,-0.085392766
678,8.177758906,0.177911513,0,1.874583461,0.189459569,-0.086409569
679,10.09469594,0.201538162,0,1.88904784,0.20888259,-0.10583259
680,9.549512013,0.189772281,0.005751698,1.886137134,0.233472633,-0.130422633
681,9.145020712,0.50669199,0.025847727,1.88904784,0.244117943,-0.141067943
682,8.635009941,0.4675989,0.05722874,1.909677067,0.239614956,-0.136564956
683,8.142585749,0.441125667,0.199219999,1.939941363,0.239096179,-0.136046179
684,7.896373653,0.449096103,0.574925314,1.987180195,0.233140616,-0.130090616
685,7.72050787,0.496064742,0.737332504,2.030021559,0.225919236,-0.122869236
686,7.808440762,0.629379769,0.652659216,1.993653094,0.225524966,-0.122474966
687,7.966719966,0.516655035,0.54068144,1.996905383,0.231169262,-0.128119262
688,8.265691797,0.397857587,0.309116518,1.990411382,0.230007201,-0.126957201
689,8.511903893,0.399375765,0.030818615,1.949208599,0.236917315,-0.133867315
690,8.846048881,0.488284079,0,1.92166876,0.241316546,-0.138266546
691,8.933981772,0.630708175,0,1.90373717,0.244159445,-0.141109445
692,8.881222038,0.709938103,0,1.891967543,0.237913367,-0.134863367
693,8.406384424,0.652626874,0,1.88034255,0.216539743,-0.113489743
694,7.386362883,0.514377767,0,1.868859542,0.208716582,-0.105666582
695,5.135280861,0.442833617,0,1.860338906,0.204753123,-0.101703123
696,4.11525932,0.327926501,0,1.837992492,0.195435883,-0.092385883
697,4.02422816,0.221274479,0,1.829750374,0.189584076,-0.086534076
698,4.114457491,0.163678592,0,1.846309201,0.189252058,-0.086202058
699,4.276870287,0.150109874,0,1.846309201,0.186637421,-0.083587421
700,4.619741744,0.150679191,0,1.851895613,0.181968425,-0.078918425
701,5.810768913,0.146978632,0,1.843528614,0.181740163,-0.078690163
702,8.391327778,0.177911513,0,1.840756391,0.189210556,-0.086160556
703,10.35832719,0.341874764,0,1.840756391,0.201142434,-0.098092434
704,9.798905341,0.491130663,0.008618541,1.846309201,0.227911341,-0.124861341
705,9.383850418,0.50669199,0.062795966,1.92166876,0.234510188,-0.131460188
706,8.860520299,0.4675989,0.166829043,1.987180195,0.231584284,-0.128534284
707,8.355236046,0.561156635,0.205689067,2.013327303,0.215605944,-0.112555944
708,8.102593919,0.769621485,0.281920192,2.003441899,0.203093036,-0.100043036
709,7.922135257,0.496064742,0.132741668,2.000168301,0.205500163,-0.102450163
710,8.012364588,0.491415321,0.099098997,1.987180195,0.196182923,-0.093132923
711,8.174777384,0.437804652,0.08781366,1.987180195,0.204192844,-0.101142844
712,8.481557109,0.397857587,0.031384261,1.974359677,0.195498137,-0.092448137
713,8.734199236,0.399375765,0.012254348,1.952317384,0.202304495,-0.099254495
714,9.077070693,0.685077934,0,1.939941363,0.21857335,-0.11552335
715,9.167300024,0.593607695,0,1.92166876,0.222806573,-0.119756573
716,9.113162426,0.709938103,0,1.897834109,0.216062468,-0.113012468
717,8.625924038,0.638488839,0,1.863170472,0.196846958,-0.093796958
718,7.579263799,0.535062946,0,1.874583461,0.198901316,-0.095851316
719,5.269392927,0.442833617,0,1.874583461,0.196971464,-0.093921464
720,4.222732688,0.327926501,0,1.835236882,0.190289613,-0.087239613
721,4.281209355,0.254484629,0,1.835236882,0.190932897,-0.087882897
722,4.377200596,0.213588702,0,1.821581845,0.187405211,-0.084355211
723,4.54998483,0.150109874,0,1.816176558,0.187322207,-0.084272207
724,4.914751547,0.146124656,0,1.813485926,0.190206609,-0.087156609
725,6.18183593,0.14849681,0,1.776637155,0.186595919,-0.083545919
726,8.927185426,0.177911513,0,1.79224451,0.194107814,-0.091057814
727,11.01979448,0.341874764,0,1.808128508,0.22255756,-0.11950756
728,10.42464879,0.311036768,0.030201267,1.816176558,0.241835323,-0.138785323
729,9.983089079,0.335991823,0.071615817,1.824296572,0.255925314,-0.152875314
730,9.42633988,0.4675989,0.397922486,1.846309201,0.236398537,-0.133348537
731,8.88878893,0.441125667,0.335384353,1.849098187,0.232808599,-0.129758599
732,8.620013455,0.449096103,0.370407987,1.866010671,0.234032913,-0.130982913
733,8.428030972,0.496064742,0.602268259,1.92166876,0.23168804,-0.12863804
734,8.524022214,0.491415321,0.187402352,1.92772126,0.230463725,-0.127413725
735,8.696806448,0.58241113,0.114570666,1.909677067,0.230339219,-0.127289219
736,9.023176668,0.442548959,0.124542147,1.909677067,0.230339219,-0.127289219
737,9.291952143,0.399375765,0.011423692,1.90373717,0.22865838,-0.12560838
738,9.656718859,0.488284079,0,1.900781056,0.231418275,-0.128368275
739,9.7527101,0.630708175,0,1.909677067,0.232040808,-0.128990808
740,9.695115356,0.709938103,0,1.906702492,0.228762136,-0.125712136
741,9.176762653,0.638488839,0,1.90373717,0.217349036,-0.114299036
742,8.063264256,0.508969257,0,1.900781056,0.202698765,-0.099648765
743,5.605888483,0.435527385,0,1.900781056,0.199627604,-0.096577604
744,4.492390086,0.327926501,0,1.90373717,0.189999098,-0.086949098
745,4.035461337,0.221274479,0,1.90373717,0.183421002,-0.080371002
746,4.125942533,0.163678592,0,1.90373717,0.187405211,-0.084355211
747,4.288808685,0.150109874,0,1.897834109,0.182487203,-0.079437203
748,4.63263723,0.146124656,0,1.88904784,0.178336984,-0.075286984
749,5.826989015,0.14602977,0,1.900781056,0.179187779,-0.076137779
750,8.414751218,0.146599087,0,1.897834109,0.188006993,-0.084956993
751,10.38724129,0.341874764,0,1.894896285,0.192074207,-0.089024207
752,9.826257874,0.491130663,0.005839513,1.897834109,0.205188896,-0.102138896
753,9.410044373,0.50669199,0.026213983,1.912660938,0.210625682,-0.107575682
754,8.885253437,0.4675989,0.05223079,1.943020635,0.209110852,-0.106060852
755,8.37855874,0.441125667,0.092366579,1.974359677,0.208239307,-0.105189307
756,8.125211391,0.588294071,0.117895558,1.996905383,0.211123708,-0.108073708
757,7.944248999,0.784518609,0.11208635,1.990411382,0.214464634,-0.111414634
758,8.034730195,0.491415321,0.086548894,2.003441899,0.225856983,-0.122806983
759,8.197596348,0.437804652,0.080797151,2.00672623,0.227786834,-0.124736834
760,8.505232414,0.397857587,0.04053718,1.990411382,0.226998293,-0.123948293
761,8.758579762,0.399375765,0.015260176,1.977549273,0.225670223,-0.122620223
762,9.102408307,0.488284079,0,1.971180354,0.233555638,-0.130505638
763,9.192889503,0.794766312,0,1.971180354,0.238266135,-0.135216135
764,9.138600785,0.669042176,0,1.971180354,0.232787847,-0.129737847
765,8.650002327,0.638488839,0,1.964852327,0.223761123,-0.120711123
766,7.600420455,0.535062946,0,1.952317384,0.207845036,-0.104795036
767,5.28410184,0.442833617,0,1.949208599,0.205126643,-0.102076643
768,4.234519968,0.327926501,0,1.946109698,0.198714556,-0.095664556
769,3.860993915,0.221274479,0,1.943020635,0.19688846,-0.09383846
770,3.947563285,0.200779073,0,1.91865674,0.190725386,-0.087675386
771,4.103388151,0.171079711,0,1.91865674,0.187882486,-0.084832486
772,4.432351758,0.146124656,0,1.92166876,0.182570207,-0.079520207
773,5.575067446,0.14849681,0,1.924690252,0.18167791,-0.07862791
774,8.050951436,0.177911513,0,1.91865674,0.181449648,-0.078399648
775,9.938163708,0.341874764,0,1.912660938,0.183254993,-0.080204993
776,9.401433613,0.491130663,0.016778782,1.906702492,0.191991202,-0.088941202
777,9.003214509,0.45431484,0.259827438,1.924690252,0.199855866,-0.096805866
778,8.501112162,0.525669218,0.567335004,1.936871835,0.208820337,-0.105770337
779,8.016323688,0.441125667,0.498586813,1.955436102,0.216518992,-0.113468992
780,7.773929451,0.449096103,0.642140152,1.980749191,0.215792704,-0.112742704
781,7.600790711,0.496064742,0.704065756,1.993653094,0.209422119,-0.106372119
782,7.687360081,0.491415321,0.449108432,2.026660596,0.197490241,-0.094440241
783,7.843184947,0.437804652,0.34429351,2.030021559,0.194917106,-0.091867106
784,8.137520806,0.545690194,0.046146468,1.996905383,0.193900303,-0.090850303
785,8.379915043,0.404974047,0.008702073,1.983959481,0.195539639,-0.092489639
786,8.70887865,0.488284079,0,1.971180354,0.211040704,-0.107990704
787,8.795448021,0.630708175,0,1.961703526,0.213219569,-0.110169569
788,8.743506398,0.709938103,0,1.964852327,0.206330206,-0.103280206
789,8.276031799,0.638488839,0,1.961703526,0.197697752,-0.094647752
790,7.271827104,0.535062946,0,1.961703526,0.19365129,-0.09060129
791,5.055651224,0.464942088,0,1.9585648,0.193672041,-0.090622041
792,4.051446529,0.321189585,0,1.961703526,0.188629526,-0.085579526
793,3.923376564,0.221274479,0,1.990411382,0.186014888,-0.082964888
794,4.011344648,0.163678592,0,1.990411382,0.178731255,-0.075681255
795,4.1696872,0.150109874,0,1.980749191,0.177050417,-0.074000417
796,4.503965921,0.146124656,0,1.980749191,0.173979255,-0.070929255
797,5.665144635,0.14849681,0,1.971180354,0.173771744,-0.070721744
798,8.181031849,0.152102483,0,1.961703526,0.172879447,-0.069829447
799,10.09873609,0.155423498,0,1.961703526,0.175805351,-0.072755351
800,9.553333965,0.491130663,0.011762103,1.961703526,0.17806722,-0.07501722
801,9.148680777,0.50669199,0.058449592,1.943020635,0.183939779,-0.080889779
802,8.638465887,0.4675989,0.081516811,1.933812006,0.190683884,-0.087633884
803,8.145844615,0.441125667,0.121499572,1.936871835,0.195415132,-0.092365132
804,7.899533978,0.449096103,0.259332086,1.924690252,0.199108827,-0.096058827
805,7.72359781,0.63232124,0.183840658,1.92166876,0.197531744,-0.094481744
806,7.811565894,0.656706978,0.149312504,1.909677067,0.190766888,-0.087716888
807,7.969908446,0.437804652,0.135107336,1.88904784,0.186720425,-0.083670425
808,8.268999933,0.397857587,0.043484046,1.88904784,0.185184844,-0.082134844
809,8.515310569,0.399375765,0.011646444,1.88034255,0.188069246,-0.085019246
810,8.84958929,0.488284079,0,1.877458589,0.200831167,-0.097781167
811,8.937557374,0.630708175,0,1.874583461,0.216601996,-0.113551996
812,8.884776524,0.79751801,0,1.874583461,0.213281822,-0.110231822
813,8.409748868,0.607745729,0,1.874583461,0.206537717,-0.103487717
814,7.389319089,0.535062946,0,1.877458589,0.200831167,-0.097781167
815,5.137336129,0.442833617,0,1.877458589,0.198963569,-0.095913569
816,4.11690635,0.327926501,0,1.874583461,0.189376565,-0.086326565
817,4.118595635,0.221274479,0,1.871717125,0.183732268,-0.080682268
818,4.210940829,0.163678592,0,1.871717125,0.178897264,-0.075847264
819,4.377162177,0.15978826,0,1.868859542,0.177050417,-0.074000417
820,4.728073913,0.156182587,0,1.843528614,0.174415028,-0.071365028
821,5.947030469,0.14849681,0,1.824296572,0.173045456,-0.069995456
822,8.588103006,0.177911513,0,1.810803254,0.177527692,-0.074477692
823,10.60122823,0.341874764,0,1.800151471,0.194834102,-0.091784102
824,10.02868803,0.491130663,0.014767938,1.79224451,0.21894687,-0.11589687
825,9.603900136,0.50669199,0.231529244,1.794872434,0.21533618,-0.11228618
826,9.068298013,0.537814644,0.411214843,1.863170472,0.208156302,-0.105106302
827,8.551164929,0.66107174,0.468563639,1.863170472,0.192966504,-0.089916504
828,8.292598386,0.449096103,0.340009682,1.939941363,0.183234242,-0.080184242
829,8.107907999,0.496064742,0.764430422,1.9585648,0.179561299,-0.076511299
830,8.200253193,0.491415321,0.743233592,1.980749191,0.177029666,-0.073979666
831,8.366474541,0.437804652,0.548008382,1.968011254,0.178150225,-0.075100225
832,8.6804482,0.397857587,0.201850535,1.977549273,0.183047482,-0.079997482
833,8.939014742,0.549390753,0.026136876,1.936871835,0.183981281,-0.080931281
834,9.289926477,0.477087514,0,1.897834109,0.194854853,-0.091804853
835,9.382271671,0.630708175,0,1.90373717,0.190123604,-0.087073604
836,9.326864555,0.709938103,0,1.900781056,0.180370591,-0.077320591
837,8.828200509,0.638488839,0,1.891967543,0.174850801,-0.071800801
838,7.756996263,0.535062946,0,1.891967543,0.173460478,-0.070410478
839,5.392959307,0.442833617,0,1.883235385,0.172983203,-0.069933203
840,4.321755061,0.394441686,0,1.866010671,0.160511797,-0.057461797
841,4.891874883,0.296708961,0,1.857515933,0.164620513,-0.061570513
842,5.008348095,0.163678592,0,1.857515933,0.169227255,-0.066177255
843,5.221882316,0.150109874,0,1.857515933,0.172775692,-0.069725692
844,5.532477547,0.146124656,0,1.837992492,0.174788548,-0.071738548
845,6.658385258,0.14849681,0,1.849098187,0.175680845,-0.072630845
846,8.677254257,0.177911513,0,1.846309201,0.179623552,-0.076573552
847,10.46317683,0.201538162,0,1.827019403,0.197448739,-0.094398739
848,9.880810776,0.189772281,0.023565221,1.827019403,0.220710712,-0.117660712
849,9.861398575,0.50669199,0.08515466,1.849098187,0.222350049,-0.119300049
850,9.51197894,0.4675989,0.313854424,1.854701515,0.222350049,-0.119300049
851,9.084910498,0.441125667,0.326800215,1.863170472,0.227019044,-0.123969044
852,8.735490863,0.449096103,0.282997615,1.877458589,0.223470608,-0.120420608
853,8.59960545,0.496064742,0.356776169,1.88034255,0.214713647,-0.111663647
854,8.59960545,0.629379769,0.314575083,1.897834109,0.213012058,-0.109962058
855,8.851964075,0.516655035,0.565584122,1.894896285,0.213323324,-0.110273324
856,9.084910498,0.397857587,0.34213387,1.883235385,0.213489333,-0.110439333
857,9.434330132,0.399375765,0.036846659,1.88904784,0.218282835,-0.115232835
858,9.531391142,0.488284079,0,1.866010671,0.22390638,-0.12085638
859,9.550803344,0.630708175,0,1.860338906,0.229571428,-0.126521428
860,9.376093527,0.709938103,0,1.854701515,0.223014084,-0.119964084
861,8.910200681,0.652626874,0,1.851895613,0.22122949,-0.11817949
862,7.842529575,0.514377767,0,1.851895613,0.203819324,-0.100769324
863,5.843072777,0.442833617,0,1.857515933,0.197054469,-0.094004469
864,4.988935893,0.327926501,0,1.857515933,0.190538626,-0.087488626
865,5.153090703,0.221274479,0,1.857515933,0.18186467,-0.07881467
866,5.275783339,0.163678592,0,1.851895613,0.179436792,-0.076386792
867,5.500719838,0.150109874,0,1.849098187,0.178087971,-0.075037971
868,5.8279002,0.150679191,0,1.843528614,0.176884408,-0.073834408
869,7.013929013,0.146978632,0,1.835236882,0.178918015,-0.075868015
870,9.140601367,0.177911513,0,1.835236882,0.180847866,-0.077797866
871,11.02188845,0.341874764,0,1.835236882,0.199088075,-0.096038075
872,10.40842527,0.491130663,0.008875562,1.829750374,0.212555534,-0.109505534
873,10.3879765,0.50669199,0.050035518,1.827019403,0.215502189,-0.112452189
874,10.01989859,0.4675989,0.064610109,1.821581845,0.20373632,-0.10068632
875,9.570025592,0.561156635,0.093600282,1.832489521,0.204151342,-0.101101342
876,9.201947685,0.769621485,0.116639428,1.832489521,0.203694818,-0.100644818
877,9.058806276,0.496064742,0.139379993,1.835236882,0.203425054,-0.100375054
878,9.058806276,0.491415321,0.169000094,1.843528614,0.202636512,-0.099586512
879,9.32464032,0.437804652,0.373096857,1.846309201,0.202885525,-0.099835525
880,9.570025592,0.397857587,0.229487356,1.851895613,0.205728425,-0.102678425
881,9.938103499,0.399375765,0.026358557,1.846309201,0.21077094,-0.10772094
882,10.04034736,0.685077934,0,1.840756391,0.218116826,-0.115066826
883,10.06079614,0.593607695,0,1.829750374,0.222536808,-0.119486808
884,9.876757182,0.709938103,0,1.818875186,0.216768005,-0.113718005
885,9.385986638,0.638488839,0,1.813485926,0.208841088,-0.105791088
886,8.261304144,0.535062946,0,1.805461652,0.197822259,-0.094772259
887,6.155080562,0.442833617,0,1.79224451,0.195767901,-0.092717901
888,5.255334567,0.327926501,0,1.784406706,0.188878539,-0.085828539
889,5.067495085,0.254484629,0,1.776637155,0.189023796,-0.085973796
890,5.18814973,0.213588702,0,1.787011679,0.186865683,-0.083815683
891,5.409349912,0.150109874,0,1.802802651,0.1786275,-0.0755775
892,5.731095632,0.146124656,0,1.808128508,0.172007902,-0.068957902
893,6.897423866,0.14849681,0,1.802802651,0.169829037,-0.066779037
894,8.988771044,0.177911513,0,1.805461652,0.17406226,-0.07101226
895,10.83880893,0.341874764,0,1.808128508,0.192779744,-0.089729744
896,10.23553571,0.311036768,0.005901627,1.805461652,0.203632564,-0.100582564
897,10.2154266,0.335991823,0.03526799,1.818875186,0.203113787,-0.100063787
898,9.853462666,0.4675989,0.049853461,1.835236882,0.200914172,-0.097864172
899,9.411062301,0.441125667,0.058535266,1.857515933,0.199855866,-0.096805866
900,9.049098366,0.449096103,0.081696726,1.877458589,0.18929356,-0.08624356
901,8.908334614,0.496064742,0.110425183,1.891967543,0.182777718,-0.079727718
902,8.908334614,0.491415321,0.084372124,1.897834109,0.180868618,-0.077818618
903,9.169753011,0.58241113,0.058299663,1.897834109,0.177610696,-0.074560696
904,9.411062301,0.442548959,0.020490653,1.906702492,0.179436792,-0.076386792
905,9.773026236,0.399375765,0.005860932,1.92166876,0.179727308,-0.076677308
906,9.873571773,0.488284079,0,1.93076183,0.199648355,-0.096598355
907,9.893680881,0.630708175,0,1.939941363,0.199710608,-0.096660608
908,9.712698913,0.709938103,0,1.949208599,0.187986242,-0.084936242
909,9.230080334,0.638488839,0,1.971180354,0.188650277,-0.085600277
910,8.124079422,0.508969257,0,1.955436102,0.179104775,-0.076054775
911,6.052841352,0.435527385,0,1.974359677,0.173377474,-0.070327474
912,5.168040623,0.327926501,0,1.977549273,0.162939675,-0.059889675
913,3.916642261,0.221274479,0,1.971180354,0.160968321,-0.057918321
914,4.004459352,0.163678592,0,1.977549273,0.162026627,-0.058976627
915,4.162530116,0.150109874,0,1.971180354,0.160636304,-0.057586304
916,4.496235062,0.146124656,0,1.968011254,0.1577104,-0.0546604
917,5.655420664,0.14602977,0,1.939941363,0.167152146,-0.064102146
918,8.166989467,0.146599087,0,1.92166876,0.173958504,-0.070908504
919,10.08140205,0.341874764,0,1.906702492,0.188193753,-0.085143753
920,9.536936088,0.491130663,0.005903769,1.91865674,0.209940896,-0.106890896
921,9.132977469,0.50669199,0.055787626,1.933812006,0.213281822,-0.110231822
922,8.623638341,0.4675989,0.116510918,1.977549273,0.206994241,-0.103944241
923,8.131862631,0.441125667,0.179086683,2.030021559,0.199606853,-0.096556853
924,7.885974776,0.588294071,0.318748323,2.064254637,0.198175027,-0.095125027
925,7.710340594,0.784518609,0.246334111,2.103269759,0.185579115,-0.082529115
926,7.798157685,0.491415321,0.21219232,2.092483761,0.175037561,-0.071987561
927,7.956228449,0.437804652,0.124493581,2.143788091,0.17350198,-0.07045198
928,8.254806559,0.397857587,0.066985262,2.17039539,0.180847866,-0.077797866
929,8.500694413,0.399375765,0.026874133,2.085354344,0.184313299,-0.081263299
930,8.834399359,0.488284079,0,2.023310744,0.195996163,-0.092946163
931,8.922216451,0.794766312,0,2.00672623,0.198175027,-0.095125027
932,8.869526196,0.669042176,0,1.971180354,0.188588023,-0.085538023
933,8.395313904,0.638488839,0,1.939941363,0.167504915,-0.064454915
934,7.376635648,0.535062946,0,1.936871835,0.163520705,-0.060470705
935,5.128518117,0.442833617,0,1.946109698,0.150240007,-0.047190007
936,4.109839861,0.327926501,0,1.946109698,0.14382792,-0.04077792
937,3.188880201,0.221274479,0,1.90373717,0.093091502,0.009958498
938,3.260379757,0.200779073,0,1.990411382,0.093216009,0.009833991
939,3.389078958,0.171079711,0,1.936871835,0.08896,0.01409
940,3.660777271,0.146124656,0,1.993653094,0.08905,0.014
941,4.604571412,0.14849681,0,1.987180195,0.093174507,0.009875493
942,6.649458715,0.177911513,0,2.036777038,0.09323676,0.00981324
943,8.208149038,0.341874764,0,2.064254637,0.093153755,0.009896245
944,7.76485179,0.491130663,0.008817732,2.106889845,0.106268445,-0.003218445
945,7.435953832,0.45431484,0.032220651,2.121495667,0.118117318,-0.015067318
946,7.021256407,0.525669218,0.087223575,2.158911817,0.11624972,-0.01319972
947,6.620858893,0.441125667,0.149925072,2.151323374,0.115129161,-0.012079161
948,6.420660136,0.449096103,0.158197066,2.193732975,0.10159945,0.00145055
949,6.277661024,0.496064742,0.089838774,2.24606055,0.093153755,0.009896245
950,6.34916058,0.491415321,0.095507373,2.266857407,0.09295,0.0101
951,6.477859781,0.437804652,0.072606421,2.25849262,0.091,0.01205
952,6.720958271,0.545690194,0.049525759,2.221602541,0.09323676,0.00981324
953,6.921157028,0.404974047,0.011702132,2.189808587,0.113054052,-0.010004052
954,7.192855342,0.488284079,0,2.155110915,0.149015693,-0.045965693
955,7.264354898,0.630708175,0,2.125178819,0.168106696,-0.065056696
956,7.221455164,0.709938103,0,2.106889845,0.146940584,-0.043890584
957,6.835357561,0.638488839,0,2.11416753,0.12824385,-0.02519385
958,6.005962711,0.535062946,0,2.106889845,0.09323676,0.00981324
959,4.175574075,0.464942088,0,2.078273345,0.119839659,-0.016789659
960,3.346179225,0.321189585,0,2.081807823,0.09323676,0.00981324
961,2.450330805,0.221274479,0,2.103269759,0.140528496,-0.037478496
962,2.539202907,0.163678592,0,2.125178819,0.126583763,-0.023533763
963,2.678859067,0.150109874,0,2.14004021,0.126293248,-0.023243248
964,3.097827546,0.146124656,0,2.13630541,0.118885108,-0.015835108
965,4.316644942,0.14849681,0,2.071240271,0.114195362,-0.011145362
966,6.348007267,0.152102483,0,2.030021559,0.123159833,-0.020109833
967,7.960401113,0.155423498,0,2.023310744,0.107596515,-0.004546515
968,7.300208357,0.491130663,0.005875925,2.030021559,0.115834698,-0.012784698
969,6.665407631,0.50669199,0.038084431,2.046994983,0.13583875,-0.03278875
970,6.144871035,0.4675989,0.090237158,2.078273345,0.161424845,-0.058374845
971,5.675118497,0.441125667,0.155887673,2.182001783,0.16931026,-0.06626026
972,5.510070308,0.449096103,0.198077861,2.189808587,0.17331522,-0.07026522
973,5.395806177,0.63232124,0.244977409,2.25849262,0.160491046,-0.057441046
974,5.433894221,0.656706978,0.183307329,2.250189338,0.16360371,-0.06055371
975,5.624334439,0.437804652,0.221571014,2.25849262,0.157793404,-0.054743404
976,5.929038788,0.397857587,0.040672117,2.237848263,0.151132304,-0.048082304
977,6.170263064,0.399375765,0.035425094,2.221602541,0.160719308,-0.057669308
978,6.525751471,0.488284079,0,2.088912969,0.17483005,-0.07178005
979,6.703495674,0.630708175,0,2.064254637,0.195124617,-0.092074617
980,6.678103645,0.79751801,0,1.977549273,0.195726399,-0.092676399
981,6.284527195,0.607745729,0,1.977549273,0.182487203,-0.079437203
982,5.345022119,0.535062946,0,2.019971947,0.153207413,-0.050157413
983,3.504100012,0.442833617,0,2.00672623,0.1643715,-0.0613215
984,2.704251096,0.327926501,0,2.003441899,0.156506837,-0.053456837
985,3.21483938,0.221274479,0,1.983959481,0.09304,0.01001
986,3.28692098,0.163678592,0,1.964852327,0.09183,0.01122
987,3.416667861,0.15978826,0,1.971180354,0.09301,0.01004
988,3.690577943,0.156182587,0,1.90373717,0.08951,0.01354
989,4.642055069,0.14849681,0,1.936871835,0.0891,0.01395
990,6.703588841,0.177911513,0,1.943020635,0.104774366,-0.001724366
991,8.274967731,0.341874764,0,1.955436102,0.175867605,-0.072817605
992,7.828061808,0.491130663,0.008798456,1.92772126,0.194813351,-0.091763351
993,7.496486446,0.50669199,0.058235408,1.939941363,0.195581141,-0.092531141
994,7.078413164,0.537814644,0.098372291,1.955436102,0.186409159,-0.083359159
995,6.674756201,0.66107174,0.115439995,1.977549273,0.175929858,-0.072879858
996,6.47292772,0.449096103,0.118773715,2.033393688,0.173418976,-0.070368976
997,6.328764519,0.496064742,0.095719416,2.003441899,0.168978242,-0.065928242
998,6.40084612,0.491415321,0.098372291,2.016644152,0.173024705,-0.069974705
999,6.530593,0.437804652,0.075376938,2.016644152,0.173273718,-0.070223718
1000,6.775670442,0.397857587,0.031996828,2.033393688,0.17368874,-0.07063874
1001,6.977498923,0.549390753,0.0150091,2.023310744,0.173169963,-0.070119963
1002,7.251409005,0.477087514,0,1.996905383,0.192883499,-0.089833499
1003,7.323490605,0.630708175,0,1.955436102,0.193713543,-0.090663543
1004,7.280241645,0.709938103,0,1.936871835,0.194170067,-0.091120067
1005,6.891001003,0.638488839,0,1.93076183,0.192572233,-0.089522233
1006,6.054854437,0.535062946,0,1.939941363,0.178689753,-0.075639753
1007,4.209565466,0.442833617,0,1.943020635,0.186824181,-0.083774181
1008,3.373418901,0.394441686,0,1.939941363,0.170534574,-0.067484574
1009,3.469745817,0.296708961,0,1.936871835,0.170430819,-0.067380819
1010,3.547542809,0.163678592,0,1.939941363,0.161113579,-0.058063579
1011,3.687577393,0.150109874,0,1.92772126,0.154701492,-0.051651492
1012,3.98320596,0.146124656,0,1.91865674,0.157378382,-0.054328382
1013,5.010126247,0.14849681,0,1.924690252,0.167919937,-0.064869937
1014,7.235120202,0.177911513,0,1.93076183,0.176095867,-0.073045867
1015,8.931094614,0.201538162,0,1.91865674,0.189418067,-0.086368067
1016,8.448753268,0.189772281,0.026387472,1.91865674,0.207575272,-0.104525272
1017,8.090887107,0.50669199,0.040956982,1.92772126,0.206994241,-0.103944241
1018,7.639664557,0.4675989,0.081846655,1.961703526,0.212016005,-0.108966005
1019,7.204001405,0.441125667,0.365453152,1.990411382,0.208550573,-0.105500573
1020,6.986169829,0.449096103,0.65698985,2.003441899,0.198735307,-0.095685307
1021,6.830575846,0.496064742,0.76575021,2.033393688,0.196846958,-0.093796958
1022,6.908372838,0.629379769,0.121486479,2.036777038,0.195954661,-0.092904661
1023,7.048407422,0.516655035,0.232740966,2.050423786,0.196763953,-0.093713953
1024,7.312917193,0.397857587,0.139556784,2.074750847,0.197158224,-0.094108224
1025,7.530748769,0.399375765,0.01765211,2.036777038,0.202698765,-0.099648765
1026,7.826377336,0.488284079,0,1.993653094,0.211165211,-0.108115211
1027,7.904174328,0.630708175,0,1.952317384,0.218531848,-0.115481848
1028,7.857496133,0.709938103,0,1.952317384,0.199440844,-0.096390844
1029,7.437392379,0.652626874,0,1.946109698,0.188422015,-0.085372015
1030,6.534947279,0.514377767,0,1.909677067,0.179374539,-0.076324539
1031,4.543344299,0.442833617,0,1.88904784,0.184271796,-0.081221796
1032,3.640899198,0.327926501,0,1.877458589,0.179187779,-0.076137779
1033,3.690069754,0.221274479,0,1.866010671,0.163894225,-0.060844225
1034,3.772806744,0.163678592,0,1.854701515,0.17026481,-0.06721481
1035,3.921733326,0.150109874,0,1.857515933,0.16835571,-0.06530571
1036,4.236133888,0.150679191,0,1.840756391,0.162171884,-0.059121884
1037,5.328262155,0.146978632,0,1.832489521,0.1710326,-0.0679826
1038,7.694540069,0.177911513,0,1.827019403,0.166384356,-0.063334356
1039,9.498206451,0.341874764,0,1.818875186,0.188173002,-0.085123002
1040,8.985237113,0.491130663,0.014896449,1.824296572,0.201910224,-0.098860224
1041,8.604646959,0.50669199,0.091233116,1.860338906,0.196784704,-0.093734704
1042,8.124772417,0.4675989,0.189369403,1.92772126,0.191264914,-0.088214914
1043,7.661445273,0.561156635,0.632614156,1.971180354,0.190497124,-0.087447124
1044,7.429781701,0.769621485,0.734172541,2.023310744,0.189874591,-0.086824591
1045,7.264307721,0.496064742,0.72336365,2.085354344,0.188795534,-0.085745534
1046,7.347044711,0.491415321,0.753835782,2.078273345,0.188816285,-0.085766285
1047,7.495971293,0.437804652,0.705639673,2.121495667,0.189127552,-0.086077552
1048,7.777277059,0.397857587,0.505922623,2.132583624,0.190206609,-0.087156609
1049,8.008940631,0.399375765,0.109794113,2.11782526,0.196203674,-0.093153674
1050,8.323341193,0.685077934,0,2.013327303,0.204981385,-0.101931385
1051,8.406078183,0.593607695,0,1.996905383,0.21039742,-0.10734742
1052,8.356435989,0.709938103,0,1.971180354,0.205811429,-0.102761429
1053,7.909656243,0.638488839,0,1.946109698,0.19707522,-0.09402522
1054,6.949907159,0.535062946,0,1.91865674,0.189376565,-0.086326565
1055,4.831840215,0.442833617,0,1.906702492,0.189397316,-0.086347316
1056,3.872091132,0.327926501,0,1.906702492,0.182611709,-0.079561709
1057,3.694807339,0.254484629,0,1.88034255,0.177589945,-0.074539945
1058,3.777650553,0.213588702,0,1.871717125,0.174290522,-0.071240522
1059,3.926768338,0.150109874,0,1.860338906,0.173232216,-0.070182216
1060,4.24157255,0.146124656,0,1.866010671,0.173979255,-0.070929255
1061,5.335102973,0.14849681,0,1.846309201,0.172879447,-0.069829447
1062,7.70441889,0.177911513,0,1.843528614,0.182362696,-0.079312696
1063,9.510400952,0.341874764,0,1.835236882,0.203383551,-0.100333551
1064,8.996773026,0.311036768,0.023847944,1.851895613,0.219071376,-0.116021376
1065,8.615694243,0.335991823,0.082866173,1.877458589,0.225172197,-0.122122197
1066,8.135203602,0.4675989,0.166842716,1.909677067,0.211310468,-0.108260468
1067,7.671281605,0.441125667,0.226247328,2.019971947,0.203051534,-0.100001534
1068,7.439320606,0.449096103,0.622818454,2.057315966,0.188754032,-0.085704032
1069,7.273634178,0.496064742,0.727434105,2.17039539,0.184354801,-0.081304801
1070,7.356477392,0.491415321,0.576565438,2.17039539,0.185703622,-0.082653622
1071,7.505595177,0.58241113,0.658226747,2.213567812,0.185641368,-0.082591368
1072,7.787262104,0.442548959,0.46843234,2.197671454,0.190829141,-0.087779141
1073,8.019223103,0.399375765,0.106020655,2.110522414,0.201764966,-0.098714966
1074,8.334027316,0.488284079,0,2.036777038,0.20848832,-0.10543832
1075,8.416870529,0.630708175,0,2.010021346,0.217971568,-0.114921568
1076,8.367164601,0.709938103,0,1.980749191,0.221561507,-0.118511507
1077,7.919811246,0.638488839,0,1.968011254,0.207118748,-0.104068748
1078,6.958829965,0.508969257,0,1.949208599,0.196162172,-0.093112172
1079,4.83804369,0.435527385,0,1.924690252,0.191576181,-0.088526181
1080,3.877062409,0.327926501,0,1.90373717,0.181781666,-0.078731666
1081,3.593534035,0.221274479,0,1.906702492,0.183836024,-0.080786024
1082,3.674106547,0.163678592,0,1.891967543,0.180598853,-0.077548853
1083,3.819137068,0.150109874,0,1.883235385,0.179623552,-0.076573552
1084,4.125312614,0.146124656,0,1.860338906,0.176448635,-0.073398635
1085,5.188869772,0.14602977,0,1.88034255,0.178336984,-0.075286984
1086,7.493243615,0.146599087,0,1.849098187,0.183670015,-0.080620015
1087,9.249724376,0.341874764,0,1.835236882,0.202989281,-0.099939281
1088,8.750174802,0.491130663,0.008894839,1.837992492,0.217515044,-0.114465044
1089,8.379541247,0.50669199,0.041406769,1.849098187,0.221146485,-0.118096485
1090,7.912220677,0.4675989,0.085210657,1.993653094,0.208031796,-0.104981796
1091,7.46101461,0.441125667,0.105330667,2.053864094,0.200353892,-0.097303892
1092,7.235411577,0.588294071,0.08202657,2.081807823,0.184583063,-0.081533063
1093,7.074266553,0.784518609,0.070211149,2.125178819,0.182009928,-0.078959928
1094,7.154839065,0.491415321,0.058513848,2.143788091,0.18109688,-0.07804688
1095,7.299869586,0.437804652,0.046814724,2.193732975,0.181283639,-0.078233639
1096,7.573816127,0.397857587,0.035100926,2.241946886,0.185205596,-0.082155596
1097,7.799419161,0.399375765,0.011719266,2.17039539,0.193028757,-0.089978757
1098,8.105594706,0.488284079,0,2.106889845,0.204296599,-0.101246599
1099,8.186167218,0.794766312,0,2.040171667,0.210376669,-0.107326669
1100,8.137823711,0.669042176,0,2.019971947,0.208197804,-0.105147804
1101,7.702732146,0.638488839,0,1.977549273,0.198880565,-0.095830565
1102,6.768091007,0.535062946,0,1.9585648,0.183047482,-0.079997482
1103,4.7054347,0.442833617,0,1.933812006,0.185247098,-0.082197098
1104,3.770793561,0.327926501,0,1.915654147,0.174913054,-0.071863054
1105,3.558395713,0.221274479,0,1.900781056,0.166550365,-0.063500365
1106,3.63818037,0.200779073,0,1.88034255,0.16607309,-0.06302309
1107,3.781792753,0.171079711,0,1.871717125,0.167753928,-0.064703928
1108,4.084974451,0.146124656,0,1.866010671,0.16835571,-0.06530571
1109,5.138131927,0.14849681,0,1.851895613,0.168832985,-0.065782985
1110,7.419973124,0.177911513,0,1.854701515,0.166716373,-0.063666373
1111,9.159278652,0.341874764,0,1.843528614,0.172713439,-0.069663439
1112,8.664613777,0.491130663,0.023188256,1.866010671,0.176863657,-0.073813657
1113,8.297604353,0.45431484,0.081129189,1.871717125,0.178004967,-0.074954967
1114,7.834853341,0.525669218,0.122973942,1.868859542,0.167919937,-0.064869937
1115,7.388059261,0.441125667,0.131139243,1.900781056,0.157565142,-0.054515142
1116,7.164662221,0.449096103,0.156371143,2.081807823,0.16607309,-0.06302309
1117,7.005092906,0.496064742,0.208784644,2.158911817,0.166965386,-0.063915386
1118,7.084877563,0.491415321,0.211471517,2.209572202,0.167753928,-0.064703928
1119,7.228489946,0.437804652,0.184236236,2.217577899,0.17026481,-0.06721481
1120,7.499757781,0.545690194,0.105569876,2.250189338,0.175245072,-0.072195072
1121,7.723154821,0.404974047,0.037360488,2.217577899,0.180432845,-0.077382845
1122,8.026336519,0.488284079,0,2.121495667,0.19022736,-0.08717736
1123,8.106121176,0.630708175,0,2.050423786,0.20108018,-0.09803018
1124,8.058250382,0.709938103,0,2.000168301,0.192655237,-0.089605237
1125,7.627413233,0.638488839,0,2.003441899,0.18948032,-0.08643032
1126,6.701911209,0.535062946,0,1.968011254,0.177444687,-0.074394687
1127,4.659423983,0.464942088,0,1.933812006,0.173958504,-0.070908504
1128,3.733921959,0.321189585,0,1.91865674,0.177506941,-0.074456941
1129,3.483949572,0.221274479,0,1.906702492,0.166861631,-0.063811631
1130,3.562065033,0.163678592,0,1.897834109,0.166633369,-0.063583369
1131,3.702672863,0.150109874,0,1.874583461,0.170327063,-0.067277063
1132,3.999511616,0.146124656,0,1.874583461,0.168314207,-0.065264207
1133,5.030635705,0.14849681,0,1.860338906,0.168023692,-0.064973692
1134,7.264737897,0.152102483,0,1.849098187,0.169289509,-0.066239509
1135,8.967654952,0.155423498,0,1.846309201,0.168832985,-0.065782985
1136,8.483339092,0.491130663,0.008759903,1.810803254,0.173605736,-0.070555736
1137,8.12400797,0.50669199,0.023316766,1.837992492,0.176054364,-0.073004364
1138,7.670938295,0.4675989,0.043596493,1.891967543,0.173730242,-0.070680242
1139,7.233491712,0.441125667,0.05509581,2.000168301,0.168065194,-0.065015194
1140,7.014768421,0.449096103,0.037778147,2.143788091,0.168791482,-0.065741482
1141,6.858537498,0.63232124,0.049325496,2.197671454,0.170679832,-0.067629832
1142,6.936652959,0.656706978,0.072285144,2.262667283,0.165865579,-0.062815579
1143,7.07726079,0.437804652,0.049252674,2.279521415,0.165927832,-0.062877832
1144,7.342853358,0.397857587,0.017433641,2.313994329,0.168314207,-0.065264207
1145,7.561576649,0.399375765,0.005854506,2.197671454,0.174726295,-0.071676295
1146,7.858415402,0.488284079,0,2.103269759,0.184417054,-0.081367054
1147,7.936530863,0.630708175,0,2.026660596,0.195975412,-0.092925412
1148,7.889661587,0.79751801,0,2.013327303,0.196950713,-0.093900713
1149,7.467838096,0.607745729,0,2.00672623,0.188816285,-0.085766285
1150,6.561698745,0.535062946,0,1.983959481,0.172464426,-0.069414426
1151,4.561942937,0.442833617,0,1.949208599,0.181926923,-0.078876923
1152,3.655803587,0.327926501,0,1.924690252,0.173460478,-0.070410478
1153,3.386361015,0.221274479,0,1.912660938,0.17483005,-0.07178005
1154,3.462288392,0.163678592,0,1.906702492,0.173522731,-0.070472731
1155,3.598957671,0.15978826,0,1.88034255,0.173522731,-0.070472731
1156,3.887481703,0.156182587,0,1.894896285,0.172319168,-0.069269168
1157,4.88972308,0.14849681,0,1.871717125,0.173564233,-0.070514233
1158,7.061246063,0.177911513,0,1.854701515,0.176054364,-0.073004364
1159,8.716462882,0.341874764,0,1.868859542,0.200374643,-0.097324643
1160,8.245713144,0.491130663,0.029353649,1.851895613,0.21209901,-0.10904901
1161,7.89644721,0.50669199,0.096143501,1.90373717,0.209276861,-0.106226861
1162,7.456068423,0.537814644,0.215010553,1.990411382,0.20222149,-0.09917149
1163,7.030875112,0.66107174,0.286083374,2.033393688,0.193547534,-0.090497534
1164,6.818278456,0.449096103,0.183176531,2.128874783,0.186035639,-0.082985639
1165,6.666423702,0.496064742,0.161744868,2.17039539,0.182466452,-0.079416452
1166,6.742351079,0.491415321,0.223292435,2.254333333,0.182092932,-0.079042932
1167,6.879020358,0.437804652,0.113046967,2.24606055,0.18586963,-0.08281963
1168,7.13717344,0.397857587,0.061196583,2.27106308,0.191306416,-0.088256416
1169,7.349770096,0.549390753,0.023619044,2.221602541,0.198673054,-0.095623054
1170,7.638294128,0.477087514,0,2.110522414,0.202906276,-0.099856276
1171,7.714221505,0.630708175,0,2.060779461,0.211206713,-0.108156713
1172,7.668665079,0.709938103,0,2.033393688,0.208758084,-0.105708084
1173,7.258657243,0.638488839,0,2.010021346,0.200768914,-0.097718914
1174,6.37789967,0.535062946,0,1.987180195,0.184313299,-0.081263299
1175,4.434158818,0.442833617,0,1.964852327,0.180681858,-0.077631858
1176,3.553401245,0.394441686,0,1.949208599,0.167484164,-0.064434164
1177,3.085101285,0.296708961,0,1.91865674,0.167940688,-0.064890688
1178,3.15427396,0.163678592,0,1.900781056,0.166571116,-0.063521116
1179,3.278784774,0.150109874,0,1.909677067,0.166550365,-0.063500365
1180,3.541640938,0.146124656,0,1.897834109,0.167753928,-0.064703928
1181,4.454720242,0.14849681,0,1.886137134,0.167919937,-0.064869937
1182,6.433058734,0.177911513,0,1.883235385,0.172111657,-0.069061657
1183,7.94102304,0.201538162,0,1.88904784,0.186326154,-0.083276154
1184,7.512152457,0.189772281,0.025060403,1.891967543,0.194066311,-0.091016311
1185,7.193958154,0.50669199,0.061331519,1.955436102,0.190082102,-0.087032102
1186,6.792756642,0.4675989,0.090237158,2.043577629,0.184811325,-0.081761325
1187,6.405389664,0.441125667,0.09298343,2.103269759,0.178897264,-0.075847264
1188,6.211706176,0.449096103,0.081456839,2.205590991,0.168687727,-0.065637727
1189,6.073360826,0.496064742,0.093120509,2.233764599,0.168397212,-0.065347212
1190,6.142533501,0.629379769,0.107352963,2.209572202,0.168604723,-0.065554723
1191,6.267044315,0.516655035,0.098590759,2.279521415,0.172090906,-0.069040906
1192,6.502231409,0.397857587,0.046626241,2.318376894,0.173709491,-0.070659491
1193,6.695914898,0.399375765,0.017707769,2.288042991,0.182072181,-0.079022181
1194,6.958771061,0.488284079,0,2.25849262,0.198714556,-0.095664556
1195,7.027943735,0.630708175,0,2.189808587,0.205292652,-0.102242652
1196,6.986440131,0.709938103,0,2.197671454,0.20182722,-0.09877722
1197,6.612907688,0.652626874,0,2.151323374,0.186222399,-0.083172399
1198,5.810504663,0.514377767,0,2.13630541,0.179436792,-0.076386792
1199,4.039684194,0.442833617,0,2.099662093,0.175514836,-0.072464836
1200,3.237281169,0.327926501,0,2.11782526,0.167110644,-0.064060644
1201,2.484374114,0.221274479,0,2.092483761,0.166218347,-0.063168347
1202,2.574480947,0.163678592,0,2.036777038,0.165429806,-0.062379806
1203,2.7160774,0.150109874,0,2.040171667,0.161424845,-0.058374845
1204,3.140866756,0.150679191,0,2.000168301,0.165803325,-0.062753325
1205,4.376617611,0.146978632,0,1.971180354,0.167878434,-0.064828434
1206,6.436202369,0.177911513,0,1.987180195,0.172028653,-0.068978653
1207,8.07099777,0.341874764,0,1.961703526,0.194979359,-0.091929359
1208,7.401632724,0.491130663,0.019140921,1.968011254,0.206475464,-0.103425464
1209,6.758012487,0.50669199,0.046986072,2.00672623,0.206309455,-0.103259455
1210,6.230243893,0.4675989,0.081846655,2.081807823,0.203196792,-0.100146792
1211,5.753964917,0.561156635,0.139379993,2.162726148,0.201142434,-0.098092434
1212,5.586623656,0.769621485,0.167670146,2.158911817,0.196245176,-0.093195176
1213,5.470772013,0.496064742,0.084527408,2.241946886,0.183815272,-0.080765272
1214,5.509389227,0.491415321,0.061376498,2.266857407,0.186533665,-0.083483665
1215,5.702475299,0.437804652,0.043965961,2.275284387,0.187633473,-0.084583473
1216,6.011413012,0.397857587,0.023505249,2.309628302,0.18852577,-0.08547577
1217,6.255988702,0.399375765,0.008837009,2.209572202,0.196369683,-0.093319683
1218,6.616416035,0.685077934,0,2.147549123,0.200872669,-0.097822669
1219,6.796629701,0.593607695,0,2.088912969,0.205624669,-0.102574669
1220,6.770884892,0.709938103,0,2.099662093,0.205811429,-0.102761429
1221,6.371840345,0.638488839,0,2.050423786,0.198361787,-0.095311787
1222,5.419282394,0.535062946,0,2.040171667,0.184479307,-0.081429307
1223,3.552783707,0.442833617,0,2.019971947,0.182839971,-0.079789971
1224,2.741822209,0.327926501,0,1.993653094,0.176324129,-0.073274129
1225,2.44795236,0.254484629,0,1.993653094,0.170098801,-0.067048801
1226,2.536738197,0.213588702,0,1.968011254,0.167753928,-0.064703928
1227,2.676258798,0.150109874,0,1.949208599,0.166695622,-0.063645622
1228,3.0948206,0.146124656,0,1.939941363,0.166425858,-0.063375858
1229,4.312454935,0.14849681,0,1.924690252,0.167919937,-0.064869937
1230,6.341845492,0.177911513,0,1.90373717,0.171696635,-0.068646635
1231,7.952674247,0.341874764,0,1.88904784,0.187156198,-0.084106198
1232,7.293122316,0.311036768,0.023625192,1.900781056,0.196348931,-0.093298931
1233,6.658937767,0.335991823,0.067576411,1.952317384,0.19784301,-0.09479301
1234,6.138906437,0.4675989,0.105176455,2.030021559,0.189957595,-0.086907595
1235,5.66960987,0.441125667,0.20159003,2.11416753,0.182694714,-0.079644714
1236,5.504721887,0.449096103,0.302167014,2.193732975,0.176469386,-0.073419386
1237,5.390568669,0.496064742,0.402638221,2.233764599,0.168666976,-0.065616976
1238,5.428619741,0.491415321,0.215075265,2.296628518,0.170140303,-0.067090303
1239,5.618875106,0.58241113,0.133615188,2.349525912,0.174249019,-0.071199019
1240,5.92328369,0.442548959,0.108792365,2.25849262,0.18205143,-0.07900143
1241,6.164273819,0.399375765,0.058827212,2.217577899,0.189127552,-0.086077552
1242,6.519417166,0.488284079,0.002953816,2.185898214,0.198071272,-0.095021272
1243,6.69698884,0.630708175,0,2.166553982,0.203238294,-0.100188294
1244,6.671621458,0.709938103,0,2.14004021,0.202989281,-0.099939281
1245,6.278427037,0.638488839,0,2.110522414,0.199689857,-0.096639857
1246,5.339833905,0.508969257,0,2.085354344,0.188774783,-0.085724783
1247,3.500698712,0.435527385,0,2.085354344,0.186595919,-0.083545919
1248,2.70162618,0.327926501,0,2.060779461,0.181636408,-0.078586408
1249,2.318717317,0.221274479,0,2.064254637,0.179125526,-0.076075526
1250,2.402815873,0.163678592,0,2.064254637,0.176718399,-0.073668399
1251,2.534970746,0.150109874,0,2.060779461,0.175722347,-0.072672347
1252,2.931435365,0.146124656,0,2.074750847,0.17520357,-0.07215357
1253,4.084786984,0.14602977,0,2.057315966,0.174705543,-0.071655543
1254,6.007039682,0.146599087,0,2.060779461,0.180204583,-0.077154583
1255,7.532827761,0.341874764,0.002978447,2.067741554,0.197635499,-0.094585499
1256,6.908095634,0.491130663,0.01783845,2.064254637,0.207243254,-0.104193254
1257,6.307391666,0.50669199,0.032609396,2.088912969,0.213302573,-0.110252573
1258,5.814814412,0.4675989,0.070879404,2.099662093,0.208467569,-0.105417569
1259,5.370293475,0.441125667,0.102884709,2.092483761,0.205396407,-0.102346407
1260,5.214110444,0.588294071,0.11152395,2.162726148,0.203155289,-0.100105289
1261,5.105983729,0.784518609,0.064822152,2.241946886,0.199814364,-0.096764364
1262,5.142025968,0.491415321,0.073543478,2.262667283,0.194709595,-0.091659595
1263,5.322237158,0.437804652,0.055991101,2.155110915,0.188256006,-0.085206006
1264,5.610575063,0.397857587,0.035409352,2.182001783,0.185911133,-0.082861133
1265,5.838842571,0.399375765,0.017729216,2.132583624,0.189459569,-0.086409569
1266,6.175236793,0.488284079,0.002957028,2.13630541,0.197677001,-0.094627001
1267,6.343433904,0.794766312,0,2.11782526,0.201785717,-0.098735717
1268,6.319405745,0.669042176,0,2.099662093,0.197780757,-0.094730757
1269,5.946969285,0.638488839,0,2.081807823,0.188629526,-0.085579526
1270,5.057927412,0.535062946,0,2.096066781,0.182321194,-0.079271194
1271,3.315885904,0.442833617,0,2.092483761,0.185558364,-0.082508364
1272,2.558998904,0.327926501,0,2.040171667,0.175224321,-0.072174321
1273,2.43622327,0.221274479,0,2.030021559,0.171987151,-0.068937151
1274,2.5245837,0.200779073,0,2.019971947,0.168874487,-0.065824487
1275,2.663435803,0.171079711,0,2.019971947,0.167878434,-0.064828434
1276,3.079992114,0.146124656,0,2.019971947,0.167774679,-0.064724679
1277,4.291792289,0.14849681,0,2.016644152,0.166944635,-0.063894635
1278,6.311459249,0.177911513,0,1.993653094,0.167816181,-0.064766181
1279,7.914569898,0.341874764,0,1.968011254,0.17045157,-0.06740157
1280,7.258178136,0.491130663,0.008910903,1.968011254,0.178357735,-0.075307735
1281,6.627032212,0.45431484,0.035563565,1.974359677,0.183462504,-0.080412504
1282,6.109492553,0.525669218,0.064963514,2.016644152,0.179623552,-0.076573552
1283,5.642444569,0.441125667,0.099901568,2.081807823,0.178004967,-0.074954967
1284,5.478346628,0.449096103,0.108620935,2.147549123,0.171945648,-0.068895648
1285,5.364740362,0.496064742,0.096920991,2.209572202,0.167048391,-0.063998391
1286,5.402609117,0.491415321,0.070699489,2.241946886,0.166342854,-0.063292854
1287,5.591952895,0.437804652,0.059006472,2.24606055,0.166965386,-0.063915386
1288,5.894902939,0.545690194,0.041376784,2.225641818,0.166695622,-0.063645622
1289,6.13473839,0.404974047,0.01481613,2.182001783,0.18091012,-0.07786012
1290,6.488180108,0.488284079,0,2.106889845,0.191596932,-0.088546932
1291,6.664900967,0.630708175,0,2.064254637,0.200063377,-0.097013377
1292,6.63965513,0.709938103,0,2.030021559,0.198818311,-0.095768311
1293,6.248344657,0.638488839,0,1.996905383,0.190559377,-0.087509377
1294,5.314248688,0.535062946,0,1.974359677,0.176780653,-0.073730653
1295,3.483925505,0.464942088,0,1.968011254,0.179353788,-0.076303788
1296,2.68868164,0.321189585,0,1.943020635,0.173979255,-0.070929255
1297,3.16048776,0.221274479,0,1.939941363,0.171530627,-0.068480627
1298,3.231350715,0.163678592,0,1.92166876,0.169746033,-0.066696033
1299,3.358904032,0.150109874,0,1.90373717,0.169766784,-0.066716784
1300,3.628183259,0.146124656,0,1.857515933,0.168189701,-0.065139701
1301,4.563574255,0.14849681,0,1.851895613,0.168189701,-0.065139701
1302,6.590254747,0.152102483,0,1.851895613,0.169912041,-0.066862041
1303,8.13506715,0.155423498,0,1.860338906,0.169787535,-0.066737535
1304,7.695716834,0.491130663,0.014794711,1.860338906,0.171862644,-0.068812644
1305,7.369747244,0.50669199,0.038418559,1.93076183,0.174207517,-0.071157517
1306,6.958742109,0.4675989,0.061938732,1.949208599,0.175618591,-0.072568591
1307,6.561909565,0.441125667,0.111401865,2.023310744,0.171177858,-0.068127858
1308,6.363493293,0.449096103,0.163004273,2.078273345,0.169953544,-0.066903544
1309,6.221767385,0.63232124,0.199777416,2.110522414,0.170119552,-0.067069552
1310,6.292630339,0.656706978,0.245745748,2.221602541,0.165678819,-0.062628819
1311,6.420183657,0.437804652,0.495040358,2.162726148,0.164724269,-0.061674269
1312,6.661117701,0.397857587,0.333470741,2.162726148,0.166197596,-0.063147596
1313,6.859533973,0.399375765,0.046851903,2.125178819,0.169912041,-0.066862041
1314,7.128813199,0.488284079,0.005890918,2.11416753,0.180972373,-0.077922373
1315,7.199676154,0.630708175,0,2.030021559,0.198880565,-0.095830565
1316,7.157158381,0.79751801,0,2.026660596,0.199855866,-0.096805866
1317,6.774498428,0.607745729,0,2.003441899,0.196805455,-0.093755455
1318,5.952488159,0.535062946,0,2.00672623,0.185309351,-0.082259351
1319,4.138396529,0.442833617,0,1.964852327,0.191928949,-0.088878949
1320,3.31638626,0.327926501,0,1.955436102,0.184562312,-0.081512312
1321,2.503394995,0.221274479,0,1.949208599,0.173356723,-0.070306723
1322,2.594191705,0.163678592,0,1.9585648,0.169870539,-0.066820539
1323,2.736872248,0.15978826,0,1.92166876,0.169829037,-0.066779037
1324,3.16491388,0.156182587,0,1.906702492,0.168521718,-0.065471718
1325,4.410125898,0.14849681,0,1.877458589,0.167878434,-0.064828434
1326,6.485479261,0.177911513,0,1.866010671,0.176199622,-0.073149622
1327,8.132790994,0.341874764,0.003024496,1.877458589,0.196846958,-0.093796958
1328,7.458301151,0.491130663,0.030188968,1.894896285,0.211082206,-0.108032206
1329,6.809753225,0.50669199,0.312855528,1.987180195,0.208405315,-0.105355315
1330,6.277943925,0.537814644,0.46430727,2.060779461,0.198299534,-0.095249534
1331,5.79801846,0.66107174,0.550258988,2.128874783,0.18680343,-0.08375343
1332,5.629395999,0.449096103,0.770863293,2.158911817,0.179893316,-0.076843316
1333,5.512657372,0.496064742,0.732790582,2.237848263,0.176241124,-0.073191124
1334,5.551570248,0.491415321,0.763223886,2.318376894,0.173937753,-0.070887753
1335,5.746134626,0.437804652,0.685404072,2.400201961,0.171655133,-0.068605133
1336,6.05743763,0.397857587,0.444947954,2.433604374,0.180204583,-0.077154583
1337,6.303885842,0.549390753,0.151587056,2.363133205,0.185184844,-0.082134844
1338,6.667072681,0.477087514,0.006974682,2.313994329,0.199191831,-0.096141831
1339,6.8486661,0.630708175,0,2.213567812,0.207326259,-0.104276259
1340,6.822724183,0.709938103,0,2.205590991,0.205935936,-0.102885936
1341,6.420624469,0.638488839,0,2.221602541,0.198071272,-0.095021272
1342,5.460773538,0.535062946,0,2.166553982,0.182466452,-0.079416452
1343,3.579984552,0.442833617,0,2.143788091,0.181034626,-0.077984626
1344,2.762814165,0.394441686,0,2.081807823,0.176884408,-0.073834408
1345,2.358916879,0.296708961,0,2.050423786,0.170036548,-0.066986548
1346,2.44447345,0.163678592,0,2.033393688,0.169829037,-0.066779037
1347,2.578919489,0.150109874,0,2.003441899,0.16949702,-0.06644702
1348,2.982257608,0.146124656,0,1.977549273,0.167504915,-0.064454915
1349,4.155604864,0.14849681,0,1.961703526,0.169351762,-0.066301762
1350,6.111183624,0.177911513,0,1.939941363,0.17483005,-0.07178005
1351,7.663424264,0.201538162,0.011667787,1.933812006,0.194190818,-0.091140818
1352,7.027861167,0.189772281,0.189756416,1.943020635,0.203113787,-0.100063787
1353,6.416742805,0.50669199,0.459118117,1.977549273,0.200706661,-0.097656661
1354,5.915625748,0.4675989,0.632099427,2.081807823,0.196639447,-0.093589447
1355,5.46339816,0.441125667,0.795859485,2.14004021,0.185164093,-0.082114093
1356,5.304507385,0.449096103,0.749195034,2.221602541,0.179561299,-0.076511299
1357,5.19450608,0.496064742,0.778495498,2.300945489,0.174560286,-0.071510286
1358,5.231173182,0.629379769,0.795635364,2.372292636,0.173979255,-0.070929255
1359,5.414508691,0.516655035,0.25155353,2.419175889,0.171717386,-0.068667386
1360,5.707845505,0.397857587,0.089954428,2.358579961,0.179063273,-0.076013273
1361,5.940070482,0.399375765,0.042246373,2.318376894,0.190331115,-0.087281115
1362,6.282296765,0.488284079,0.006062265,2.250189338,0.203985333,-0.100935333
1363,6.453409907,0.630708175,0,2.158911817,0.213759097,-0.110709097
1364,6.428965172,0.709938103,0,2.11782526,0.207056494,-0.104006494
1365,6.050071788,0.652626874,0,2.096066781,0.198714556,-0.095664556
1366,5.145616611,0.514377767,0,2.067741554,0.19176294,-0.08871294
1367,3.37337336,0.442833617,0,2.060779461,0.190165106,-0.087115106
1368,2.603364224,0.327926501,0,2.019971947,0.178980268,-0.075930268
1369,2.161865688,0.221274479,0,2.010021346,0.178087971,-0.075037971
1370,2.240275324,0.163678592,0,1.980749191,0.174850801,-0.071800801
1371,2.363490467,0.150109874,0,1.971180354,0.173107709,-0.070057709
1372,2.733135895,0.150679191,0,1.971180354,0.171883395,-0.068833395
1373,3.808468051,0.146978632,0,1.946109698,0.174311273,-0.071261273
1374,5.60068831,0.177911513,0,1.93076183,0.179125526,-0.076075526
1375,7.02326314,0.341874764,0.006109386,1.933812006,0.198548547,-0.095498547
1376,6.440791556,0.491130663,0.108383257,1.933812006,0.214879656,-0.111829656
1377,5.880722725,0.50669199,0.324759439,2.000168301,0.205500163,-0.102450163
1378,5.421466284,0.4675989,0.536858697,2.13630541,0.1967017,-0.0936517
1379,5.007015349,0.561156635,0.669475606,2.182001783,0.185537613,-0.082487613
1380,4.861397453,0.769621485,0.670906553,2.241946886,0.177693701,-0.074643701
1381,4.760585063,0.496064742,0.407161129,2.358579961,0.175286574,-0.072236574
1382,4.794189193,0.491415321,0.26185325,2.443319361,0.175182819,-0.072132819
1383,4.962209842,0.437804652,0.209158292,2.493081466,0.176178871,-0.073128871
1384,5.231042881,0.397857587,0.157360129,2.534374741,0.177340932,-0.074290932
1385,5.443869037,0.399375765,0.078022117,2.513558522,0.186305403,-0.083255403
1386,5.757507582,0.685077934,0.009077967,2.428775794,0.196639447,-0.093589447
1387,5.914326855,0.593607695,0,2.292327715,0.200872669,-0.097822669
1388,5.891924102,0.709938103,0,2.209572202,0.200582154,-0.097532154
1389,5.544681427,0.638488839,0,2.155110915,0.189936844,-0.086886844
1390,4.715779557,0.535062946,0,2.11416753,0.179333037,-0.076283037
1391,3.091579947,0.442833617,0,2.088912969,0.178938766,-0.075888766
1392,2.38589322,0.327926501,0,2.078273345,0.168189701,-0.065139701
1393,1.794261942,0.254484629,0,2.064254637,0.154846749,-0.051796749
1394,1.8593388,0.213588702,0,2.013327303,0.156154068,-0.053104068
1395,1.961602435,0.150109874,0,1.987180195,0.154888251,-0.051838251
1396,2.268393337,0.146124656,0,1.971180354,0.150343763,-0.047293763
1397,3.160875961,0.14849681,0,1.955436102,0.15314516,-0.05009516
1398,4.648347001,0.177911513,0,1.946109698,0.161383343,-0.058333343
1399,5.82902714,0.341874764,0.009183988,1.92772126,0.181138382,-0.078088382
1400,5.345599051,0.311036768,0.161928119,1.964852327,0.194460582,-0.091410582
1401,4.880764351,0.335991823,0.419660989,2.106889845,0.191555429,-0.088505429
1402,4.499599897,0.4675989,0.647021167,2.27106308,0.181657159,-0.078607159
1403,4.155622219,0.441125667,0.792974935,2.400201961,0.181179884,-0.078129884
1404,4.034765197,0.449096103,0.770271557,2.488014228,0.173750993,-0.070700993
1405,3.951094951,0.496064742,0.747283365,2.544912682,0.171904146,-0.068854146
1406,3.978985033,0.491415321,0.783115621,2.626830472,0.169995046,-0.066945046
1407,4.118435443,0.58241113,0.584439854,2.610027719,0.172007902,-0.068957902
1408,4.341556099,0.442548959,0.211484091,2.615604701,0.177506941,-0.074456941
1409,4.518193285,0.399375765,0.088388696,2.571644958,0.181719412,-0.078669412
1410,4.778500717,0.488284079,0.008991222,2.493081466,0.192717491,-0.089667491
1411,4.908654433,0.630708175,0,2.381523346,0.19879756,-0.09574756
1412,4.890061045,0.709938103,0,2.318376894,0.198818311,-0.095768311
1413,4.601863531,0.638488839,0,2.279521415,0.193775796,-0.090725796
1414,3.913908175,0.508969257,0,2.225641818,0.184769823,-0.081719823
1415,2.565887545,0.435527385,0,2.221602541,0.182715465,-0.079665465
1416,1.980195823,0.327926501,0,2.209572202,0.179042521,-0.075992521
1417,1.933187429,0.221274479,0,2.197671454,0.174809299,-0.071759299
1418,2.003303036,0.163678592,0,2.201624101,0.170036548,-0.066986548
1419,2.113484703,0.150109874,0,2.205590991,0.169144251,-0.066094251
1420,2.444029703,0.146124656,0,2.193732975,0.168314207,-0.065264207
1421,3.40561516,0.14602977,0,2.193732975,0.170513823,-0.067463823
1422,5.008257589,0.146599087,0,2.185898214,0.175286574,-0.072236574
1423,6.280355017,0.341874764,0.003027709,2.147549123,0.190061351,-0.087011351
1424,5.759496227,0.491130663,0.039184269,2.155110915,0.192613735,-0.089563735
1425,5.258670468,0.50669199,0.110641766,2.128874783,0.196784704,-0.093734704
1426,4.847993346,0.4675989,0.151673598,2.085354344,0.197386486,-0.094336486
1427,4.477382285,0.441125667,0.219935595,2.096066781,0.199191831,-0.096141831
1428,4.347167587,0.588294071,0.130366652,2.096066781,0.198818311,-0.095768311
1429,4.257018951,0.784518609,0.133146249,2.13630541,0.193817298,-0.090767298
1430,4.287068496,0.491415321,0.206196738,2.147549123,0.191410172,-0.088360172
1431,4.437316224,0.437804652,0.310583057,2.143788091,0.190393368,-0.087343368
1432,4.677712588,0.397857587,0.407263025,2.121495667,0.188442766,-0.085392766
1433,4.868026376,0.399375765,0.100351914,2.11782526,0.190434871,-0.087384871
1434,5.148488801,0.488284079,0.005955173,2.110522414,0.198444792,-0.095394792
1435,5.288720014,0.794766312,0,2.096066781,0.202179988,-0.099129988
1436,5.268686984,0.669042176,0,2.096066781,0.201972477,-0.098922477
1437,4.958175013,0.638488839,0,2.092483761,0.194024809,-0.090974809
1438,4.21695289,0.535062946,0,2.085354344,0.189604827,-0.086554827
1439,2.764558189,0.442833617,0,2.078273345,0.187778731,-0.084728731
1440,2.133517733,0.380493423,0,2.074750847,0.185205596,-0.082155596
1441,2.039725665,0.252776678,0,2.071240271,0.184749072,-0.081699072
1442,2.113705353,0.213683588,0,2.078273345,0.182860722,-0.079810722
1443,2.229959147,0.185502405,0,2.078273345,0.178316233,-0.075266233
1444,2.57872053,0.163583706,0,2.071240271,0.174996059,-0.071946059
1445,3.593299099,0.167189379,0,2.067741554,0.17520357,-0.07215357
1446,5.284263381,0.199735326,0,2.071240271,0.175992111,-0.072942111
1447,6.62646628,0.352691784,0.00905869,2.064254637,0.179001019,-0.075951019
1448,6.076902889,0.492364183,0.144100861,2.074750847,0.184188792,-0.081138792
1449,5.548476551,0.49217441,0.365168814,2.081807823,0.192426975,-0.089376975
1450,5.115166953,0.605468462,0.549759716,2.099662093,0.193900303,-0.090850303
1451,4.724131463,0.501188594,0.728548151,2.099662093,0.192447726,-0.089397726
1452,4.586740615,0.505743129,0.600476163,2.103269759,0.188173002,-0.085123002
1453,4.491623874,0.567798664,0.689710879,2.17039539,0.18414729,-0.08109729
1454,4.523329455,0.552806654,0.251403152,2.201624101,0.176490137,-0.073440137
1455,4.681857356,0.481167618,0.038265417,2.213567812,0.174518784,-0.071468784
1456,4.935501998,0.564287877,0.04712315,2.182001783,0.174352775,-0.071302775
1457,5.136304007,0.407251315,0.047106015,2.217577899,0.177963465,-0.074913465
1458,5.432222756,0.441505211,0.005901627,2.17039539,0.184022783,-0.080972783
1459,5.580182131,0.549770298,0,2.110522414,0.189521823,-0.086471823
1460,5.559045077,0.652531988,0,2.147549123,0.190165106,-0.087115106
1461,5.231420748,0.637824636,0,2.151323374,0.172464426,-0.069414426
1462,4.449349767,0.591899744,0,2.151323374,0.159598749,-0.056548749
1463,2.916913387,0.525953876,0,2.143788091,0.15638233,-0.05333233
1464,2.251096201,0.356677002,0,2.147549123,0.145633265,-0.042583265
1465,1.773124396,0.252776678,0,2.147549123,0.140300234,-0.037250234
1466,1.837434607,0.186641038,0,2.13630541,0.111041196,-0.007991196
1467,1.938493511,0.168043355,0,2.13630541,0.096868201,0.006181799
1468,2.241670221,0.163583706,0,2.121495667,0.09323676,0.00981324
1469,3.123638832,0.167189379,0,2.092483761,0.093195258,0.009854742
1470,4.593586518,0.17136437,0,2.110522414,0.093112253,0.009937747
1471,5.760357494,0.173546751,0.002961312,2.085354344,0.09024,0.01281
1472,5.282624496,0.492364183,0.067601042,2.096066781,0.09301,0.01004
1473,4.823265844,0.521778886,0.184401515,2.147549123,0.098984812,0.004065188
1474,4.44659175,0.515990832,0.234431011,2.221602541,0.093216009,0.009833991
1475,4.106666347,0.501188594,0.430102007,2.254333333,0.093278262,0.009771738
1476,3.987233098,0.505743129,0.538210162,2.275284387,0.099960113,0.003089887
1477,3.90454854,0.688398949,0.344810868,2.336074427,0.101391939,0.001658061
1478,3.932110059,0.640007017,0.273467711,2.363133205,0.095249616,0.007800384
1479,4.069917655,0.481167618,0.21647883,2.419175889,0.097200218,0.005849782
1480,4.290409808,0.430403533,0.111947754,2.381523346,0.102906768,0.000143232
1481,4.464966096,0.402886552,0.02905379,2.404917485,0.124176637,-0.021126637
1482,4.722206941,0.441505211,0.002915262,2.354044231,0.140196479,-0.037146479
1483,4.850827363,0.549770298,0,2.262667283,0.15903847,-0.05598847
1484,4.832453017,0.751688005,0,2.254333333,0.17292095,-0.06987095
1485,4.547650653,0.587345209,0,2.237848263,0.144574959,-0.041524959
1486,3.867799848,0.591899744,0,2.250189338,0.134386173,-0.031336173
1487,2.535659758,0.51504197,0,2.254333333,0.143475151,-0.040425151
1488,1.956867857,0.380493423,0,2.275284387,0.133452374,-0.030402374
1489,1.950798575,0.252776678,0,2.162726148,0.09298,0.01007
1490,2.021552928,0.186641038,0,2.103269759,0.09284,0.01021
1491,2.132738339,0.176298449,0,2.17039539,0.08619,0.01686
1492,2.466294572,0.168043355,0,2.057315966,0.08605,0.017
1493,3.436639977,0.167189379,0,2.14004021,0.09058,0.01247
1494,5.053882319,0.199735326,0,2.040171667,0.105998681,-0.002948681
1495,6.337568428,0.352691784,0.005865216,2.033393688,0.146650068,-0.043600068
1496,5.811964667,0.492364183,0.043789259,2.081807823,0.171821142,-0.068771142
1497,5.306576435,0.521778886,0.132912691,2.241946886,0.161736112,-0.058686112
1498,4.892158085,0.570740135,0.287764987,2.300945489,0.135984007,-0.032934007
1499,4.518170793,0.702442098,0.734257368,2.237848263,0.108696323,-0.005646323
1500,4.386769853,0.505743129,0.68549642,2.106889845,0.09323676,0.00981324
1501,4.295799971,0.567798664,0.716441783,2.110522414,0.101931467,0.001118533
1502,4.326123265,0.552806654,0.709529429,2.13630541,0.093195258,0.009854742
1503,4.477739735,0.481167618,0.693713013,2.17039539,0.104006576,-0.000956576
1504,4.720326086,0.430403533,0.374825307,2.250189338,0.119632148,-0.016582148
1505,4.912373614,0.556127669,0.276968379,2.217577899,0.123782366,-0.020732366
1506,5.195391024,0.424141048,0.015358439,2.158911817,0.149264706,-0.046214706
1507,5.336899729,0.549770298,0,2.143788091,0.181159133,-0.078109133
1508,5.3166842,0.652531988,0,2.078273345,0.182321194,-0.079271194
1509,5.003343496,0.637824636,0,2.11416753,0.146961335,-0.043911335
1510,4.255368913,0.591899744,0,2.125178819,0.136834802,-0.033784802
1511,2.78974304,0.51504197,0,2.000168301,0.113925598,-0.010875598
1512,2.152953868,0.442169414,0,2.00672623,0.09066,0.01239
1513,2.079981466,0.319861179,0,1.983959481,0.09297,0.01008
1514,2.155421208,0.186641038,0,1.977549273,0.09066,0.01239
1515,2.273969374,0.168043355,0,1.996905383,0.0881,0.01495
1516,2.629613874,0.163583706,0,2.026660596,0.09113,0.01192
1517,3.664216054,0.167189379,0,1.983959481,0.09082,0.01223
1518,5.38855302,0.199735326,0,1.993653094,0.116353475,-0.013303475
1519,6.757245487,0.222318227,0.020333227,2.000168301,0.162545404,-0.059495404
1520,6.196835973,0.24879146,0.119376064,2.016644152,0.184852827,-0.081802827
1521,5.657980671,0.521778886,0.324348507,2.060779461,0.177631447,-0.074581447
1522,5.216119323,0.515990832,0.583554207,2.121495667,0.164828024,-0.061778024
1523,4.8173664,0.501188594,0.707325285,2.17039539,0.14972123,-0.04667123
1524,4.677264021,0.505743129,0.737568652,2.178119217,0.15752364,-0.05447364
1525,4.580270067,0.567798664,0.714464684,2.24606055,0.160387291,-0.057337291
1526,4.612601385,0.673501825,0.603506414,2.213567812,0.163686714,-0.060636714
1527,4.774257976,0.517129465,0.392034399,2.229695811,0.171281613,-0.068231613
1528,5.032908521,0.430403533,0.222302418,2.24606055,0.184541561,-0.081491561
1529,5.237673535,0.402886552,0.097123182,2.25849262,0.189314312,-0.086264312
1530,5.539432504,0.441505211,0.011914989,2.229695811,0.195290626,-0.092240626
1531,5.690311989,0.549770298,0,2.185898214,0.207201752,-0.104151752
1532,5.668757777,0.652531988,0,2.205590991,0.207658276,-0.104608276
1533,5.33466749,0.684603503,0,2.17039539,0.199088075,-0.096038075
1534,4.537161643,0.54625951,0,2.155110915,0.192841997,-0.089791997
1535,2.974481267,0.51504197,0,2.125178819,0.188691779,-0.085641779
1536,2.295523586,0.380493423,0,2.081807823,0.179250032,-0.076200032
1537,2.159555885,0.252776678,0,2.036777038,0.167919937,-0.064869937
1538,2.237881746,0.186641038,0,2.013327303,0.160885317,-0.057835317
1539,2.360965243,0.168043355,0,2.010021346,0.161549352,-0.058499352
1540,2.730215731,0.166145632,0,1.990411382,0.159868513,-0.056818513
1541,3.804398969,0.163868365,0,1.980749191,0.15675585,-0.05370585
1542,5.594704366,0.199735326,0,1.961703526,0.161756863,-0.058706863
1543,7.015759275,0.352691784,0.008775966,1.91865674,0.18396053,-0.08091053
1544,6.433910021,0.492364183,0.058235408,1.952317384,0.191534678,-0.088484678
1545,5.874439584,0.521778886,0.17691266,2.003441899,0.19136867,-0.08831867
1546,5.415673826,0.515990832,0.30223863,2.110522414,0.176137369,-0.073087369
1547,5.001665703,0.619701383,0.412310329,2.11416753,0.161798365,-0.058748365
1548,4.85620339,0.778730555,0.258830784,2.13630541,0.1548675,-0.0518175
1549,4.755498711,0.567798664,0.294460694,2.189808587,0.152501876,-0.049451876
1550,4.789066937,0.552806654,0.38007567,2.296628518,0.152439623,-0.049389623
1551,4.956908068,0.481167618,0.440354589,2.283774254,0.153020653,-0.049970653
1552,5.225453878,0.430403533,0.239486603,2.275284387,0.152522627,-0.049472627
1553,5.438052644,0.402886552,0.134791571,2.27106308,0.153995955,-0.050945955
1554,5.751356088,0.604899145,0.009037604,2.250189338,0.169580024,-0.066530024
1555,5.908007811,0.522063545,0,2.213567812,0.183732268,-0.080682268
1556,5.885628993,0.652531988,0,2.162726148,0.18414729,-0.08109729
1557,5.538757322,0.637824636,0,2.147549123,0.176842906,-0.073792906
1558,4.710741076,0.591899744,0,2.151323374,0.15314516,-0.05009516
1559,3.08827681,0.51504197,0,2.110522414,0.154369474,-0.051319474
1560,2.38334406,0.380493423,0,2.106889845,0.150094749,-0.047044749
1561,2.103555382,0.277636847,0,2.060779461,0.145031483,-0.041981483
1562,2.179850137,0.236076717,0,2.060779461,0.142458348,-0.039408348
1563,2.299741895,0.168043355,0,2.040171667,0.136959309,-0.033909309
1564,2.659417167,0.163583706,0,2.033393688,0.130339711,-0.027289711
1565,3.705745233,0.167189379,0,2.026660596,0.138287379,-0.035237379
1566,5.449625343,0.199735326,0,2.088912969,0.141130278,-0.038080278
1567,6.83383018,0.352691784,0.008679583,2.166553982,0.158581946,-0.055531946
1568,6.267069145,0.353925304,0.040372258,2.128874783,0.175867605,-0.072817605
1569,5.72210661,0.422148439,0.206673642,2.103269759,0.174809299,-0.071759299
1570,5.275237332,0.515990832,0.314230021,2.110522414,0.160262784,-0.057212784
1571,4.871965057,0.501188594,0.250156527,2.147549123,0.151879343,-0.048829343
1572,4.730274798,0.505743129,0.245911374,2.178119217,0.152273614,-0.049223614
1573,4.632181542,0.567798664,0.186492032,2.213567812,0.151609579,-0.048559579
1574,4.664879294,0.552806654,0.141139063,2.318376894,0.146235046,-0.043185046
1575,4.828368054,0.612110492,0.149300365,2.225641818,0.150364514,-0.047314514
1576,5.08995007,0.459343806,0.118640864,2.221602541,0.150198505,-0.047148505
1577,5.297035833,0.402886552,0.079387752,2.237848263,0.151651081,-0.048601081
1578,5.602214853,0.441505211,0.008676371,2.217577899,0.163728216,-0.060678216
1579,5.754804362,0.549770298,0,2.209572202,0.184251045,-0.081201045
1580,5.733005861,0.652531988,0,2.185898214,0.186450661,-0.083400661
1581,5.39512909,0.637824636,0,2.147549123,0.175556338,-0.072506338
1582,4.588584539,0.559164026,0,2.125178819,0.149326959,-0.046276959
1583,3.008193189,0.484393747,0,2.11782526,0.153746941,-0.050696941
1584,2.321540396,0.380493423,0,2.128874783,0.107596515,-0.004546515
1585,2.137710946,0.252776678,0,2.128874783,0.118968113,-0.015918113
1586,2.215244504,0.186641038,0,2.11782526,0.09058,0.01247
1587,2.337082952,0.168043355,0,2.078273345,0.08808,0.01497
1588,2.702598295,0.163583706,0,2.046994983,0.09134,0.01171
1589,3.765915656,0.163773478,0,2.053864094,0.094627083,0.008422917
1590,5.53811126,0.164247909,0,2.099662093,0.134427676,-0.031377676
1591,6.944791519,0.352691784,0.022388447,2.092483761,0.146546313,-0.043496313
1592,6.368827948,0.492364183,0.130989297,2.081807823,0.167857683,-0.064807683
1593,5.815016822,0.521778886,0.512706435,2.099662093,0.160159029,-0.057109029
1594,5.360891699,0.515990832,0.666058268,2.11416753,0.145052234,-0.042002234
1595,4.951071466,0.501188594,0.734652636,2.14004021,0.140694505,-0.037644505
1596,4.807080573,0.652152443,0.684126446,2.143788091,0.146193544,-0.043143544
1597,4.707394571,0.788693599,0.728309455,2.158911817,0.141503798,-0.038453798
1598,4.740623238,0.552806654,0.484381043,2.151323374,0.141773562,-0.038723562
1599,4.906766576,0.481167618,0.435151966,2.17039539,0.145716269,-0.042666269
1600,5.172595916,0.430403533,0.172047955,2.241946886,0.163001928,-0.059951928
1601,5.383044144,0.402886552,0.091277272,2.189808587,0.172609683,-0.069559683
1602,5.693178375,0.441505211,0.017369454,2.143788091,0.182424949,-0.079374949
1603,5.84824549,0.695610296,0,2.125178819,0.194149316,-0.091099316
1604,5.826093045,0.610782086,0,2.099662093,0.198776809,-0.095726809
1605,5.482730147,0.637824636,0,2.078273345,0.184437805,-0.081387805
1606,4.663089681,0.591899744,0,2.099662093,0.177237177,-0.074187177
1607,3.057037415,0.51504197,0,2.081807823,0.174477281,-0.071427281
1608,2.359235397,0.380493423,0,2.103269759,0.15656909,-0.05351909
1609,1.934708666,0.252776678,0,2.078273345,0.150468269,-0.047418269
1610,2.004879446,0.213683588,0,2.099662093,0.12500668,-0.02195668
1611,2.115147816,0.185502405,0,2.078273345,0.101848463,0.001201537
1612,2.445952924,0.163583706,0,2.092483761,0.093195258,0.009854742
1613,3.408295059,0.167189379,0,2.106889845,0.093174507,0.009875493
1614,5.012198615,0.199735326,0,2.132583624,0.093112253,0.009937747
1615,6.285297064,0.352691784,0.014312796,2.147549123,0.09301,0.01004
1616,5.764028408,0.492364183,0.090301957,2.162726148,0.093319764,0.009730236
1617,5.262808546,0.49217441,0.176626016,2.147549123,0.113904847,-0.010854847
1618,4.85180826,0.605468462,0.291574012,2.162726148,0.110771432,-0.007721432
1619,4.480905562,0.501188594,0.363023871,2.197671454,0.109298104,-0.006248104
1620,4.350588398,0.505743129,0.358877214,2.241946886,0.115938453,-0.012888453
1621,4.260368823,0.567798664,0.318778221,2.292327715,0.094585581,0.008464419
1622,4.290442015,0.552806654,0.225036998,2.275284387,0.093133004,0.009916996
1623,4.440807973,0.481167618,0.181557299,2.283774254,0.09297,0.01008
1624,4.681393507,0.564287877,0.14575279,2.275284387,0.09223,0.01082
1625,4.871857054,0.407251315,0.066318447,2.189808587,0.093216009,0.009833991
1626,5.152540177,0.441505211,0.00849003,2.205590991,0.115793196,-0.012743196
1627,5.292881738,0.549770298,0,2.209572202,0.140362488,-0.037312488
1628,5.272832943,0.652531988,0,2.233764599,0.145093736,-0.042043736
1629,4.962076629,0.637824636,0,2.24606055,0.137913859,-0.034863859
1630,4.220271234,0.591899744,0,2.25849262,0.117868305,-0.014818305
1631,2.766733636,0.525953876,0,2.24606055,0.120794209,-0.017744209
1632,2.13519661,0.356677002,0,2.229695811,0.094544079,0.008505921
1633,1.694580399,0.252776678,0,2.221602541,0.07001,0.03304
1634,1.756041864,0.186641038,0,2.217577899,0.0819,0.02115
1635,1.852624167,0.168043355,0,2.217577899,0.0805,0.02255
1636,2.142371074,0.163583706,0,2.209572202,0.09016,0.01289
1637,2.985271169,0.167189379,0,2.178119217,0.09045,0.0126
1638,4.39010466,0.17136437,0,2.162726148,0.09219,0.01086
1639,5.505191244,0.173546751,0.008615328,2.193732975,0.103363292,-0.000313292
1640,5.048620359,0.492364183,0.054220866,2.221602541,0.133141108,-0.030091108
1641,4.609609893,0.521778886,0.07378983,2.288042991,0.147500863,-0.044450863
1642,4.249621311,0.515990832,0.093386946,2.262667283,0.153165911,-0.050115911
1643,3.924753566,0.501188594,0.238254156,2.266857407,0.149326959,-0.046276959
1644,3.810610845,0.505743129,0.24844779,2.331624762,0.160408042,-0.057358042
1645,3.731588961,0.688398949,0.221904655,2.283774254,0.157399133,-0.054349133
1646,3.757929589,0.640007017,0.184362402,2.358579961,0.150821038,-0.047771038
1647,3.889632729,0.481167618,0.106437067,2.414404339,0.140902016,-0.037852016
1648,4.100357753,0.430403533,0.089693556,2.250189338,0.140922767,-0.037872767
1649,4.26718173,0.402886552,0.039517662,2.322776091,0.142416846,-0.039366846
1650,4.513027591,0.441505211,0.019838461,2.275284387,0.153580933,-0.050530933
1651,4.635950521,0.549770298,0,2.266857407,0.157399133,-0.054349133
1652,4.618390102,0.751688005,0,2.182001783,0.177963465,-0.074913465
1653,4.346203614,0.587345209,0,2.189808587,0.155116513,-0.052066513
1654,3.696468124,0.591899744,0,2.174250444,0.144699466,-0.041649466
1655,2.423337772,0.51504197,0,2.151323374,0.148310156,-0.045260156
1656,1.870184585,0.380493423,0,2.106889845,0.140611501,-0.037561501
1657,2.368368281,0.252776678,0,2.096066781,0.138287379,-0.035237379
1658,2.454267649,0.186641038,0,2.071240271,0.134157911,-0.031107911
1659,2.58925237,0.176298449,0,2.043577629,0.138743903,-0.035693903
1660,2.994206532,0.168043355,0,2.030021559,0.126687519,-0.023637519
1661,4.172255003,0.167189379,0,2.036777038,0.130858488,-0.027808488
1662,6.135669122,0.199735326,0,2.046994983,0.143682662,-0.040632662
1663,7.69412908,0.352691784,0.01747862,2.040171667,0.174913054,-0.071863054
1664,7.056019491,0.492364183,0.10704021,2.046994983,0.192572233,-0.089522233
1665,6.442452579,0.521778886,0.180210344,1.996905383,0.192779744,-0.089729744
1666,5.939327711,0.570740135,0.170585676,1.90373717,0.190248111,-0.087198111
1667,5.485288195,0.702442098,0.226275708,1.968011254,0.187073194,-0.084023194
1668,5.325760798,0.505743129,0.178859214,2.000168301,0.181574155,-0.078524155
1669,5.215318754,0.567798664,0.098461798,1.909677067,0.175950609,-0.072900609
1670,5.252132769,0.552806654,0.098236904,1.93076183,0.173335971,-0.070285971
1671,5.436202843,0.481167618,0.078728128,1.971180354,0.169621526,-0.066571526
1672,5.73071496,0.430403533,0.070357483,2.013327303,0.170057299,-0.067007299
1673,5.963870387,0.556127669,0.031089757,2.026660596,0.173979255,-0.070929255
1674,6.307467858,0.424141048,0.008745112,1.993653094,0.18908605,-0.08603605
1675,6.479266593,0.549770298,0,1.971180354,0.197407237,-0.094357237
1676,6.454723917,0.652531988,0,1.9585648,0.213198817,-0.110148817
1677,6.074312431,0.637824636,0,1.943020635,0.196929962,-0.093879962
1678,5.166233401,0.591899744,0,1.943020635,0.191659185,-0.088609185
1679,3.386889356,0.51504197,0,1.943020635,0.191845945,-0.088795945
1680,2.613795046,0.442169414,0,1.936871835,0.184375552,-0.081325552
1681,2.499525822,0.319861179,0,1.933812006,0.178087971,-0.075037971
1682,2.590182199,0.186641038,0,1.92772126,0.173917002,-0.070867002
1683,2.73264222,0.168043355,0,1.936871835,0.169642277,-0.066592277
1684,3.160022283,0.163583706,0,1.936871835,0.165678819,-0.062628819
1685,4.403309739,0.167189379,0,1.92166876,0.161362592,-0.058312592
1686,6.475455498,0.199735326,0,1.93076183,0.168376461,-0.065326461
1687,8.120221195,0.222318227,0.014387761,1.92166876,0.19022736,-0.08717736
1688,7.446773823,0.24879146,0.085199532,1.93076183,0.201059429,-0.098009429
1689,6.799228273,0.521778886,0.087747262,1.987180195,0.199648355,-0.096598355
1690,6.268240922,0.515990832,0.19260973,2.060779461,0.192696739,-0.089646739
1691,5.789057216,0.501188594,0.150972138,2.11416753,0.18396053,-0.08091053
1692,5.620695373,0.505743129,0.422272059,2.103269759,0.173398225,-0.070348225
1693,5.504137174,0.567798664,0.379180983,2.13630541,0.167380408,-0.064330408
1694,5.542989907,0.673501825,0.180033215,2.143788091,0.158955465,-0.055905465
1695,5.737253572,0.517129465,0.164137689,2.147549123,0.157502889,-0.054452889
1696,6.048075435,0.430403533,0.331491607,2.17039539,0.161383343,-0.058333343
1697,6.294142744,0.402886552,0.10087729,2.166553982,0.166218347,-0.063168347
1698,6.656768252,0.441505211,0.020102204,2.143788091,0.176178871,-0.073128871
1699,6.838081006,0.549770298,0,2.110522414,0.184396303,-0.081346303
1700,6.812179184,0.652531988,0,2.088912969,0.179312286,-0.076262286
1701,6.410700943,0.684603503,0,2.092483761,0.161549352,-0.058499352
1702,5.45233353,0.54625951,0,2.096066781,0.14801964,-0.04496964
1703,3.574451435,0.51504197,0,2.132583624,0.142582854,-0.039532854
1704,2.758544042,0.380493423,0,2.182001783,0.093797039,0.009252961
1705,2.504325122,0.252776678,0,2.178119217,0.107721021,-0.004671021
1706,2.595155567,0.186641038,0,2.174250444,0.093174507,0.009875493
1707,2.737889123,0.168043355,0,2.11416753,0.09298,0.01007
1708,3.166089791,0.166145632,0,2.064254637,0.098134017,0.004915983
1709,4.411764463,0.163868365,0,2.040171667,0.109837633,-0.006787633
1710,6.487888917,0.199735326,0,2.033393688,0.132829842,-0.029779842
1711,8.135812701,0.352691784,0.038153376,2.023310744,0.146816077,-0.043766077
1712,7.461072254,0.492364183,0.077067315,2.023310744,0.16874998,-0.06569998
1713,6.812283362,0.521778886,0.109851664,2.057315966,0.147002837,-0.043952837
1714,6.280276471,0.515990832,0.2096742,2.016644152,0.131439519,-0.028389519
1715,5.800172691,0.619701383,0.182669995,2.043577629,0.097781249,0.005268751
1716,5.63148758,0.778730555,0.215236047,2.121495667,0.110148899,-0.007098899
1717,5.514705579,0.567798664,0.213388276,2.166553982,0.115461178,-0.012411178
1718,5.553632913,0.552806654,0.204593359,2.103269759,0.103902821,-0.000852821
1719,5.74826958,0.481167618,0.13967458,2.17039539,0.122039274,-0.018989274
1720,6.059688248,0.430403533,0.180659426,2.11416753,0.13469744,-0.03164744
1721,6.306228027,0.402886552,0.071133902,2.074750847,0.14249985,-0.03944985
1722,6.669549806,0.604899145,0.011487947,2.033393688,0.156589841,-0.053539841
1723,6.851210696,0.522063545,0,2.019971947,0.166820129,-0.063770129
1724,6.82525914,0.652531988,0,2.010021346,0.175867605,-0.072817605
1725,6.423010027,0.637824636,0,2.026660596,0.155822051,-0.052772051
1726,5.462802468,0.591899744,0,2.023310744,0.146006784,-0.042956784
1727,3.581314682,0.51504197,0,2.000168301,0.143475151,-0.040425151
1728,2.763840678,0.380493423,0,1.983959481,0.132269562,-0.029219562
1729,3.146387302,0.277636847,0,1.980749191,0.143205387,-0.040155387
1730,3.216934103,0.236076717,0,1.987180195,0.139221178,-0.036171178
1731,3.343918344,0.168043355,0,2.000168301,0.135319973,-0.032269973
1732,3.611996186,0.163583706,0,2.013327303,0.135589737,-0.032539737
1733,4.543213952,0.167189379,0,2.00672623,0.139387186,-0.036337186
1734,6.560852447,0.199735326,0,2.010021346,0.149243955,-0.046193955
1735,8.098772698,0.352691784,0.014435952,1.996905383,0.171260862,-0.068210862
1736,7.661382535,0.353925304,0.193340181,2.000168301,0.180972373,-0.077922373
1737,7.336867252,0.422148439,0.230249824,2.013327303,0.181449648,-0.078399648
1738,6.927695809,0.515990832,0.410016719,2.043577629,0.173066207,-0.070016207
1739,6.532633727,0.501188594,0.726673915,2.030021559,0.176718399,-0.073668399
1740,6.335102685,0.505743129,0.657275416,2.026660596,0.174581037,-0.071531037
1741,6.194009084,0.567798664,0.657600607,2.023310744,0.174518784,-0.071468784
1742,6.264555885,0.552806654,0.689144901,2.003441899,0.173294469,-0.070244469
1743,6.391540126,0.612110492,0.745462047,2.013327303,0.171468373,-0.068418373
1744,6.631399247,0.459343806,0.521499022,2.010021346,0.165367552,-0.062317552
1745,6.828930289,0.402886552,0.272542288,2.010021346,0.157606644,-0.054556644
1746,7.097008131,0.441505211,0.042372883,2.000168301,0.164890277,-0.061840277
1747,7.167554931,0.549770298,0,1.993653094,0.1710326,-0.0679826
1748,7.125226851,0.652531988,0,2.013327303,0.174249019,-0.071199019
1749,6.744274128,0.637824636,0,2.016644152,0.162773666,-0.059723666
1750,5.925931242,0.559164026,0,2.023310744,0.1548675,-0.0518175
1751,4.119933149,0.484393747,0,2.016644152,0.149866487,-0.046816487
1752,3.301590264,0.380493423,0,2.033393688,0.134054156,-0.031004156
1753,2.317286855,0.252776678,0,2.036777038,0.117764549,-0.014714549
1754,2.401333529,0.186641038,0,2.030021559,0.120918715,-0.017868715
1755,2.533406873,0.168043355,0,2.057315966,0.116643991,-0.013593991
1756,2.929626905,0.163583706,0,2.040171667,0.108924585,-0.005874585
1757,4.082266999,0.163773478,0,2.064254637,0.120379187,-0.017329187
1758,6.003333823,0.164247909,0,2.092483761,0.139283431,-0.036233431
1759,7.528180613,0.352691784,0.025160996,2.103269759,0.152398121,-0.049348121
1760,6.903833896,0.492364183,0.10913201,2.092483761,0.177693701,-0.074643701
1761,6.303500514,0.521778886,0.148450282,2.088912969,0.181366644,-0.078316644
1762,5.81122714,0.515990832,0.27731132,2.088912969,0.181428897,-0.078378897
1763,5.366980437,0.501188594,0.496199504,2.158911817,0.179250032,-0.076200032
1764,5.210893758,0.652152443,0.227477063,2.174250444,0.17806722,-0.07501722
1765,5.102833749,0.788693599,0.121684551,2.189808587,0.175867605,-0.072817605
1766,5.138853752,0.552806654,0.131936334,2.209572202,0.16264916,-0.05959916
1767,5.318953767,0.481167618,0.349585242,2.217577899,0.146774575,-0.043724575
1768,5.60711379,0.430403533,0.332516699,2.213567812,0.144429702,-0.041379702
1769,5.835240475,0.402886552,0.096178254,2.213567812,0.139656951,-0.036606951
1770,6.17142717,0.441505211,0.019785986,2.229695811,0.14382792,-0.04077792
1771,6.339520517,0.695610296,0,2.221602541,0.152709387,-0.049659387
1772,6.315507181,0.610782086,0,2.225641818,0.167629421,-0.064579421
1773,5.943300484,0.637824636,0,2.233764599,0.143558156,-0.040508156
1774,5.054807079,0.591899744,0,2.225641818,0.128721126,-0.025671126
1775,3.31384027,0.51504197,0,2.201624101,0.093195258,0.009854742
1776,2.557420208,0.380493423,0,2.213567812,0.115440427,-0.012390427
1777,1.671912769,0.252776678,0,2.205590991,0.09205,0.011
1778,1.732552092,0.213683588,0,2.209572202,0.09037,0.01268
1779,1.827842457,0.185502405,0,2.217577899,0.093070751,0.009979249
1780,2.113713553,0.163583706,0,2.209572202,0.09109,0.01196
1781,2.945338557,0.167189379,0,2.209572202,0.09724172,0.00580828
1782,4.331380231,0.199735326,0,2.197671454,0.097885004,0.005164996
1783,5.43155081,0.352691784,0.066451538,2.185898214,0.113738838,-0.010688838
1784,4.981087266,0.492364183,0.11922409,2.197671454,0.137851606,-0.034801606
1785,4.547949243,0.49217441,0.167035118,2.221602541,0.151007797,-0.047957797
1786,4.192776064,0.605468462,0.294561728,2.266857407,0.163977229,-0.060927229
1787,3.872253927,0.501188594,0.412336989,2.336074427,0.163894225,-0.060844225
1788,3.759638041,0.505743129,0.737834018,2.376899029,0.159266732,-0.056216732
1789,3.681673196,0.567798664,0.289433808,2.428775794,0.157170871,-0.054120871
1790,3.707661478,0.552806654,0.264760058,2.493081466,0.147770627,-0.044720627
1791,3.837602885,0.481167618,0.479005142,2.52913843,0.144429702,-0.041379702
1792,4.045509136,0.564287877,0.389881327,2.560884937,0.141607553,-0.038557553
1793,4.210101585,0.407251315,0.14181985,2.566253669,0.147480112,-0.044430112
1794,4.452658878,0.441505211,0.036456539,2.493081466,0.147480112,-0.044430112
1795,4.573937524,0.549770298,0,2.381523346,0.153124409,-0.050074409
1796,4.556612003,0.652531988,0,2.292327715,0.151713335,-0.048663335
1797,4.288066429,0.637824636,0,2.309628302,0.140320986,-0.037270986
1798,3.647022155,0.591899744,0,2.275284387,0.104961126,-0.001911126
1799,2.390921888,0.525953876,0,2.27106308,0.111912742,-0.008862742
1800,1.845167978,0.356677002,0,2.14004021,0.097407729,0.005642271
1801,1.745234404,0.252776678,0,2.096066781,0.09075,0.0123
1802,1.808533062,0.186641038,0,2.074750847,0.08971,0.01334
1803,1.90800238,0.168043355,0,2.064254637,0.08372,0.01933
1804,2.206410335,0.163583706,0,2.064254637,0.07952,0.02353
1805,3.074506205,0.167189379,0,2.106889845,0.08682,0.01623
1806,4.521332654,0.17136437,0,2.010021346,0.08315,0.0199
1807,5.669751148,0.173546751,0.034882458,2.174250444,0.08168,0.02137
1808,5.199532552,0.492364183,0.17332414,2.237848263,0.08179,0.02126
1809,4.747399287,0.521778886,0.500377869,2.318376894,0.08312,0.01993
1810,4.376650009,0.515990832,0.362026821,2.404917485,0.08452,0.01853
1811,4.042071393,0.501188594,0.372778241,2.433604374,0.08639,0.01666
1812,3.924516744,0.505743129,0.223758125,2.381523346,0.0923,0.01075
1813,3.843132756,0.688398949,0.118845825,2.428775794,0.08599,0.01706
1814,3.870260752,0.640007017,0.068489105,2.448206,0.08306,0.01999
1815,4.005900732,0.481167618,0.023034043,2.458038153,0.07569,0.02736
1816,4.222924699,0.430403533,0.008682796,2.395504892,0.07282,0.03023
1817,4.39473534,0.402886552,0.00580096,2.27106308,0.08304,0.02001
1818,4.647929968,0.441505211,0.002906695,2.078273345,0.104110332,-0.001060332
1819,4.774527283,0.549770298,0,2.013327303,0.1529584,-0.0499084
1820,4.756441952,0.751688005,0,2.010021346,0.1691235,-0.0660735
1821,4.476119328,0.587345209,0,2.00672623,0.156631343,-0.053581343
1822,3.806962095,0.591899744,0,2.016644152,0.141483047,-0.038433047
1823,2.495775625,0.51504197,0,1.980749191,0.14687833,-0.04382833
1824,1.926087711,0.380493423,0,2.000168301,0.128783379,-0.025733379
1825,2.287860115,0.252776678,0,2.000168301,0.129675676,-0.026625676
1826,2.370839497,0.186641038,0,1.990411382,0.119735903,-0.016685903
1827,2.50123567,0.176298449,0,1.980749191,0.122661807,-0.019611807
1828,2.892424187,0.168043355,0,1.990411382,0.123035327,-0.019985327
1829,4.030427145,0.167189379,0,1.983959481,0.105562908,-0.002512908
1830,5.927098743,0.199735326,0,1.980749191,0.139760706,-0.036710706
1831,7.432581824,0.352691784,0.013531075,1.996905383,0.178689753,-0.075639753
1832,6.816163554,0.492364183,0.041271833,1.974359677,0.189272809,-0.086222809
1833,6.22345368,0.521778886,0.094165086,1.990411382,0.184624565,-0.081574565
1834,5.737431583,0.570740135,0.120035532,2.046994983,0.178544495,-0.075494495
1835,5.298826276,0.702442098,0.161355453,2.040171667,0.16190212,-0.05885212
1836,5.144721709,0.505743129,0.227315363,2.106889845,0.159515745,-0.056465745
1837,5.038033932,0.567798664,0.226638166,2.081807823,0.150551273,-0.047501273
1838,5.073596524,0.552806654,0.199598191,2.099662093,0.143516654,-0.040466654
1839,5.251409486,0.481167618,0.181043902,2.162726148,0.14478247,-0.04173247
1840,5.535910226,0.430403533,0.101535346,2.074750847,0.143890173,-0.040840173
1841,5.761139978,0.556127669,0.043885642,2.125178819,0.166861631,-0.063811631
1842,6.093057508,0.424141048,0.008830583,2.057315966,0.180100827,-0.077050827
1843,6.259016273,0.549770298,0,1.993653094,0.187965491,-0.084915491
1844,6.235307878,0.652531988,0,1.974359677,0.193568285,-0.090518285
1845,5.867827756,0.637824636,0,1.971180354,0.18775798,-0.08470798
1846,4.990617142,0.591899744,0,1.946109698,0.182196687,-0.079146687
1847,3.271758506,0.51504197,0,1.933812006,0.17958205,-0.07653205
1848,2.524944065,0.442169414,0,1.909677067,0.169351762,-0.066301762
1849,3.130406519,0.319861179,0,1.900781056,0.174145264,-0.071095264
1850,3.200595006,0.186641038,0,1.883235385,0.17292095,-0.06987095
1851,3.326934282,0.168043355,0,1.883235385,0.170762836,-0.067712836
1852,3.593650533,0.163583706,0,1.88904784,0.168729229,-0.065679229
1853,4.520138561,0.167189379,0,1.874583461,0.168625474,-0.065575474
1854,6.527529288,0.199735326,0,1.868859542,0.176656146,-0.073606146
1855,8.057638304,0.222318227,0.011843493,1.886137134,0.190497124,-0.087447124
1856,7.622469685,0.24879146,0.04425511,1.871717125,0.199440844,-0.096390844
1857,7.299602645,0.521778886,0.088026767,1.891967543,0.205894433,-0.102844433
1858,6.892509421,0.515990832,0.116939287,1.92166876,0.196162172,-0.093112172
1859,6.499453893,0.501188594,0.148396575,2.003441899,0.189148303,-0.086098303
1860,6.30292613,0.505743129,0.210560308,2.074750847,0.185496111,-0.082446111
1861,6.162549156,0.567798664,0.165072481,2.103269759,0.182922976,-0.079872976
1862,6.232737643,0.673501825,0.170889368,2.085354344,0.18205143,-0.07900143
1863,6.35907692,0.517129465,0.238423596,2.143788091,0.181200635,-0.078150635
1864,6.597717775,0.430403533,0.142136644,2.189808587,0.183815272,-0.080765272
1865,6.794245539,0.402886552,0.058535266,2.13630541,0.185620617,-0.082570617
1866,7.060961789,0.441505211,0.014507881,2.125178819,0.194647342,-0.091597342
1867,7.131150276,0.549770298,0,2.064254637,0.20753377,-0.10448377
1868,7.089037184,0.652531988,0,2.026660596,0.219071376,-0.116021376
1869,6.710019354,0.684603503,0,1.990411382,0.202096984,-0.099046984
1870,5.895832906,0.54625951,0,1.971180354,0.189459569,-0.086409569
1871,4.099007639,0.51504197,0,1.939941363,0.185848879,-0.082798879
1872,3.28482119,0.380493423,0,1.915654147,0.178295482,-0.075245482
1873,3.140167353,0.252776678,0,1.92166876,0.172485177,-0.069435177
1874,3.210574693,0.186641038,0,1.891967543,0.168376461,-0.065326461
1875,3.337307905,0.168043355,0,1.883235385,0.165782574,-0.062732574
1876,3.604855796,0.166145632,0,1.883235385,0.164288496,-0.061238496
1877,4.534232681,0.163868365,0,1.866010671,0.165035535,-0.061985535
1878,6.547882598,0.199735326,0,1.866010671,0.170244059,-0.067194059
1879,8.082762604,0.352691784,0.023728001,1.860338906,0.183649264,-0.080599264
1880,7.646237098,0.492364183,0.084173588,1.900781056,0.190351866,-0.087301866
1881,7.322363335,0.521778886,0.276783462,1.996905383,0.184043534,-0.080993534
1882,6.914000764,0.515990832,0.478330626,2.064254637,0.182030679,-0.078980679
1883,6.519719662,0.619701383,0.266648172,2.074750847,0.174373526,-0.071323526
1884,6.32257911,0.778730555,0.389293001,2.174250444,0.175763849,-0.072713849
1885,6.181764431,0.567798664,0.491761879,2.209572202,0.171053351,-0.068003351
1886,6.252171771,0.552806654,0.750226464,2.266857407,0.170804338,-0.067754338
1887,6.378904982,0.481167618,0.694340911,2.250189338,0.172236164,-0.069186164
1888,6.618289937,0.430403533,0.463135255,2.279521415,0.176801404,-0.073751404
1889,6.815430489,0.402886552,0.05525859,2.254333333,0.180412094,-0.077362094
1890,7.08297838,0.604899145,0.008524952,2.201624101,0.187446713,-0.084396713
1891,7.15338572,0.522063545,0,2.14004021,0.199046573,-0.095996573
1892,7.111141316,0.652531988,0,2.096066781,0.208322311,-0.105272311
1893,6.730941681,0.637824636,0,2.057315966,0.194751097,-0.091701097
1894,5.91421654,0.591899744,0,2.033393688,0.184852827,-0.081802827
1895,4.111788642,0.51504197,0,2.040171667,0.182217438,-0.079167438
1896,3.295063501,0.380493423,0,2.026660596,0.175556338,-0.072506338
1897,2.365402774,0.277636847,0,2.023310744,0.16665412,-0.06360412
1898,2.451194584,0.236076717,0,1.996905383,0.165056286,-0.062006286
1899,2.586010286,0.168043355,0,1.987180195,0.162586906,-0.059536906
1900,2.990457393,0.163583706,0,1.987180195,0.161611605,-0.058561605
1901,4.167030793,0.167189379,0,1.983959481,0.161736112,-0.058686112
1902,6.127986461,0.199735326,0,1.964852327,0.16760867,-0.06455867
1903,7.684495022,0.352691784,0.026541685,1.971180354,0.184417054,-0.081367054
1904,7.04718443,0.353925304,0.118791859,2.00672623,0.189023796,-0.085973796
1905,6.434385784,0.422148439,0.468374562,2.057315966,0.18624315,-0.08319315
1906,5.931890894,0.515990832,0.527913493,2.143788091,0.178710504,-0.075660504
1907,5.478419896,0.501188594,0.426595018,2.185898214,0.172941701,-0.069891701
1908,5.319092248,0.505743129,0.265748952,2.233764599,0.167525666,-0.064475666
1909,5.208788492,0.567798664,0.326421613,2.27106308,0.166571116,-0.063521116
1910,5.24555641,0.552806654,0.388668058,2.358579961,0.164641264,-0.061591264
1911,5.429396004,0.612110492,0.39700811,2.395504892,0.164869526,-0.061819526
1912,5.723539354,0.459343806,0.232227432,2.423966337,0.169434766,-0.066384766
1913,5.95640284,0.402886552,0.115246515,2.404917485,0.174539535,-0.071489535
1914,6.299570082,0.441505211,0.042857866,2.336074427,0.183109735,-0.080059735
1915,6.471153703,0.549770298,0,2.250189338,0.189957595,-0.086907595
1916,6.446641757,0.652531988,0,2.197671454,0.207181001,-0.104131001
1917,6.066706596,0.637824636,0,2.213567812,0.191679936,-0.088629936
1918,5.1597646,0.559164026,0,2.17039539,0.184188792,-0.081138792
1919,3.382648526,0.484393747,0,2.085354344,0.180080076,-0.077030076
1920,2.610522232,0.380493423,0,2.023310744,0.174560286,-0.071510286
1921,2.195637454,0.252776678,0,2.00672623,0.173979255,-0.070929255
1922,2.275271974,0.186641038,0,1.996905383,0.167650172,-0.064600172
1923,2.400411932,0.168043355,0,1.9585648,0.169185753,-0.066135753
1924,2.775831808,0.163583706,0,1.968011254,0.16856322,-0.06551322
1925,3.867962355,0.163773478,0,1.924690252,0.168334958,-0.065284958
1926,5.688179934,0.164247909,0.002981659,1.92166876,0.175950609,-0.072900609
1927,7.132977637,0.352691784,0.076621424,1.912660938,0.18852577,-0.08547577
1928,6.541406924,0.492364183,0.333634633,1.977549273,0.198839062,-0.095789062
1929,5.972588931,0.521778886,0.558116715,2.081807823,0.195145368,-0.092095368
1930,5.506158176,0.515990832,0.594386814,2.125178819,0.186367657,-0.083317657
1931,5.085232861,0.501188594,0.744724751,2.182001783,0.176905159,-0.073855159
1932,4.937340183,0.652152443,0.6963369,2.229695811,0.16893674,-0.06588674
1933,4.834952944,0.788693599,0.594517397,2.336074427,0.165678819,-0.062628819
1934,4.869082023,0.552806654,0.383446762,2.367704062,0.164226242,-0.061176242
1935,5.039727421,0.481167618,0.22045723,2.414404339,0.16455826,-0.06150826
1936,5.312760058,0.430403533,0.132759799,2.448206,0.165678819,-0.062628819
1937,5.528910896,0.402886552,0.061811605,2.453112224,0.171447622,-0.068397622
1938,5.847448972,0.441505211,0.014187268,2.354044231,0.184458556,-0.081408556
1939,6.00671801,0.695610296,0,2.229695811,0.190393368,-0.087343368
1940,5.98396529,0.610782086,0,2.185898214,0.197158224,-0.094108224
1941,5.631298135,0.637824636,0,2.158911817,0.188505019,-0.085455019
1942,4.789447504,0.591899744,0,2.121495667,0.177320181,-0.074270181
1943,3.139875324,0.51504197,0,2.103269759,0.175846853,-0.072796853
1944,2.423164652,0.380493423,0,2.053864094,0.17007805,-0.06702805
1945,1.88192689,0.252776678,0,2.036777038,0.166778627,-0.063728627
1946,1.950183305,0.213683588,0,1.996905383,0.165554312,-0.062504312
1947,2.057443387,0.185502405,0,1.996905383,0.165471308,-0.062421308
1948,2.379223632,0.163583706,0,1.971180354,0.161736112,-0.058686112
1949,3.315311619,0.167189379,0,1.964852327,0.161632356,-0.058582356
1950,4.875458263,0.199735326,0,1.946109698,0.164848775,-0.061798775
1951,6.113824662,0.352691784,0.011706415,1.933812006,0.169081998,-0.066031998
1952,5.606777003,0.492364183,0.04956217,2.016644152,0.17368874,-0.07063874
1953,5.119231176,0.49217441,0.118334636,2.128874783,0.172796443,-0.069746443
1954,4.719443599,0.605468462,0.260650938,2.189808587,0.170617579,-0.067567579
1955,4.358659687,0.501188594,0.358252729,2.266857407,0.164703518,-0.061653518
1956,4.231897773,0.505743129,0.580532802,2.358579961,0.159349736,-0.056299736
1957,4.144139524,0.567798664,0.565819655,2.467949597,0.154929754,-0.051879754
1958,4.173392273,0.552806654,0.523052617,2.523923711,0.153352671,-0.050302671
1959,4.319656021,0.481167618,0.360427351,2.560884937,0.151671832,-0.048621832
1960,4.553678018,0.564287877,0.199312701,2.598944798,0.154307221,-0.051257221
1961,4.738945432,0.407251315,0.12579423,2.643850972,0.158166924,-0.055116924
1962,5.011971095,0.441505211,0.02582845,2.52913843,0.169829037,-0.066779037
1963,5.148483926,0.549770298,0,2.395504892,0.178233229,-0.075183229
1964,5.128982093,0.652531988,0,2.266857407,0.186409159,-0.083359159
1965,4.826703681,0.637824636,0,2.25849262,0.18072336,-0.07767336
1966,4.105135858,0.591899744,0,2.162726148,0.174186766,-0.071136766
1967,2.691252961,0.525953876,0,2.166553982,0.176780653,-0.073730653
1968,2.07694522,0.356677002,0,2.151323374,0.171758889,-0.068708889
1969,1.592266177,0.252776678,0,2.096066781,0.174290522,-0.071240522
1970,1.650016764,0.186641038,0,2.096066781,0.167857683,-0.064807683
1971,1.740767686,0.168043355,0,2.050423786,0.164537509,-0.061487509
1972,2.013020452,0.163583706,0,2.030021559,0.162794417,-0.059744417
1973,2.805028498,0.167189379,0,2.010021346,0.163292443,-0.060242443
1974,4.125041909,0.17136437,0.002500719,1.996905383,0.164018732,-0.060968732
1975,5.172802554,0.173546751,0.108234893,1.983959481,0.164267745,-0.061217745
1976,4.743798195,0.492364183,0.364664974,2.060779461,0.165637317,-0.062587317
1977,4.331294004,0.521778886,0.599693138,2.155110915,0.168998993,-0.065948993
1978,3.993040568,0.515990832,0.754418358,2.241946886,0.167359657,-0.064309657
1979,3.687787467,0.501188594,0.688142094,2.318376894,0.163147186,-0.060097186
1980,3.580536377,0.505743129,0.628347633,2.404917485,0.159474243,-0.056424243
1981,3.506285623,0.688398949,0.626015885,2.467949597,0.157585893,-0.054535893
1982,3.531035874,0.640007017,0.679494737,2.518730453,0.145093736,-0.042043736
1983,3.654787131,0.481167618,0.737015463,2.626830472,0.143122383,-0.040072383
1984,3.852789143,0.430403533,0.560224996,2.672713974,0.142416846,-0.039366846
1985,4.009540736,0.402886552,0.312926525,2.63247957,0.145135239,-0.042085239
1986,4.240543082,0.441505211,0.067059254,2.571644958,0.161570103,-0.058520103
1987,4.356044256,0.549770298,0.000533213,2.438452191,0.174747046,-0.071697046
1988,4.339544088,0.751688005,0,2.367704062,0.181449648,-0.078399648
1989,4.08379149,0.587345209,0,2.318376894,0.174664041,-0.071614041
1990,3.473285287,0.591899744,0,2.292327715,0.168459465,-0.065409465
1991,2.277023134,0.51504197,0,2.217577899,0.164579011,-0.061529011
1992,1.757267853,0.380493423,0,2.197671454,0.155282522,-0.052232522
1993,1.907078383,0.252776678,0,2.155110915,0.143558156,-0.040508156
1994,1.976247029,0.186641038,0,2.14004021,0.139739955,-0.036689955
1995,2.084940616,0.176298449,0,2.13630541,0.140798261,-0.037748261
1996,2.411021375,0.168043355,0,2.121495667,0.136399029,-0.033349029
1997,3.359619949,0.167189379,0,2.11416753,0.137810103,-0.034760103
1998,4.940617573,0.199735326,0.002940964,2.092483761,0.147106592,-0.044056592
1999,6.195534436,0.352691784,0.076214032,2.081807823,0.164537509,-0.061487509
2000,5.681710209,0.492364183,0.304299142,2.106889845,0.172713439,-0.069663439
2001,5.187648451,0.521778886,0.486517525,2.13630541,0.174332024,-0.071282024
2002,4.78251781,0.570740135,0.627200352,2.201624101,0.155158016,-0.052108016
2003,4.41691211,0.702442098,0.731604794,2.217577899,0.155220269,-0.052170269
2004,4.288456053,0.505743129,0.708090981,2.197671454,0.156942609,-0.053892609
2005,4.199524937,0.567798664,0.697339664,2.27106308,0.15542778,-0.05237778
2006,4.229168642,0.552806654,0.718384088,2.241946886,0.158063168,-0.055013168
2007,4.377387169,0.481167618,0.684770882,2.229695811,0.153746941,-0.050696941
2008,4.614536813,0.430403533,0.492842832,2.197671454,0.154618487,-0.051568487
2009,4.802280281,0.556127669,0.229066568,2.162726148,0.153103658,-0.050053658
2010,5.078954865,0.424141048,0.043710596,2.121495667,0.169165002,-0.066115002
2011,5.217292157,0.549770298,0,1.955436102,0.178544495,-0.075494495
2012,5.197529686,0.652531988,0,1.974359677,0.189438818,-0.086388818
2013,4.891211397,0.637824636,0,1.964852327,0.182009928,-0.078959928
2014,4.159999996,0.591899744,0,1.977549273,0.175660094,-0.072610094
2015,2.7272209,0.51504197,0,1.983959481,0.176033613,-0.072983613
2016,2.104703086,0.442169414,0,1.983959481,0.170991098,-0.067941098
2017,2.249982025,0.319861179,0,1.980749191,0.162047378,-0.058997378
2018,2.33158759,0.186641038,0,1.968011254,0.156942609,-0.053892609
2019,2.459824908,0.168043355,0,1.955436102,0.155448531,-0.052398531
2020,2.84453686,0.163583706,0,1.971180354,0.155324024,-0.052274024
2021,3.963698903,0.167189379,0,1.977549273,0.155365527,-0.052315527
2022,5.828968976,0.199735326,0,1.980749191,0.160491046,-0.057441046
2023,7.309527095,0.222318227,0.008634605,1.974359677,0.173979255,-0.070929255
2024,6.703314322,0.24879146,0.037290878,1.993653094,0.18186467,-0.07881467
2025,6.120417424,0.521778886,0.074179646,2.033393688,0.181760914,-0.078710914
2026,5.642441968,0.515990832,0.142821005,2.060779461,0.167546417,-0.064496417
2027,5.211098264,0.501188594,0.209854843,2.096066781,0.16057405,-0.05752405
2028,5.059545071,0.505743129,0.22066668,2.151323374,0.160657055,-0.057607055
2029,4.954623629,0.567798664,0.283448379,2.143788091,0.160511797,-0.057461797
2030,4.989597443,0.673501825,0.260355689,2.151323374,0.158996968,-0.055946968
2031,5.164466512,0.517129465,0.097191904,2.14004021,0.157108618,-0.054058618
2032,5.444257023,0.430403533,0.094166548,2.147549123,0.159328985,-0.056278985
2033,5.665757844,0.402886552,0.022794156,2.17039539,0.16360371,-0.06055371
2034,5.992180107,0.441505211,0.019980894,2.132583624,0.175556338,-0.072506338
2035,6.155391238,0.549770298,0,2.110522414,0.182279692,-0.079229692
2036,6.132075362,0.652531988,0,2.081807823,0.19556039,-0.09251039
2037,5.770679286,0.684603503,0,2.074750847,0.189355814,-0.086305814
2038,4.907991877,0.54625951,0,2.053864094,0.183047482,-0.079997482
2039,3.217590875,0.51504197,0,2.023310744,0.180785613,-0.077735613
2040,2.483140784,0.380493423,0,2.030021559,0.172775692,-0.069725692
2041,2.276325162,0.252776678,0,2.019971947,0.169040496,-0.065990496
2042,2.358886178,0.186641038,0,2.013327303,0.165284548,-0.062234548
2043,2.488624918,0.168043355,0,1.993653094,0.164163989,-0.061113989
2044,2.877841138,0.166145632,0,1.968011254,0.162296391,-0.059246391
2045,4.010106503,0.163868365,0,1.980749191,0.163894225,-0.060844225
2046,5.897215446,0.199735326,0.002904553,1.961703526,0.169455517,-0.066405517
2047,7.39510817,0.352691784,0.043419791,1.971180354,0.180225334,-0.077175334
2048,6.781797763,0.492364183,0.156869467,2.030021559,0.188505019,-0.085455019
2049,6.192076219,0.521778886,0.462208972,2.085354344,0.190663133,-0.087613133
2050,5.708504552,0.515990832,0.635754915,2.151323374,0.184230294,-0.081180294
2051,5.272110609,0.619701383,0.326150976,2.143788091,0.179125526,-0.076075526
2052,5.118783007,0.778730555,0.418632691,2.193732975,0.177320181,-0.074270181
2053,5.012633129,0.567798664,0.349974672,2.237848263,0.176054364,-0.073004364
2054,5.048016422,0.552806654,0.648556082,2.292327715,0.175182819,-0.072132819
2055,5.224932885,0.481167618,0.517479901,2.296628518,0.173460478,-0.070410478
2056,5.507999227,0.430403533,0.285198572,2.275284387,0.174954557,-0.071904557
2057,5.732093414,0.402886552,0.082853365,2.250189338,0.174352775,-0.071302775
2058,6.062337479,0.604899145,0.036859296,2.213567812,0.179146277,-0.076096277
2059,6.227459511,0.522063545,0,2.151323374,0.184707569,-0.081657569
2060,6.203870649,0.652531988,0,2.11416753,0.192468477,-0.089418477
2061,5.838243292,0.637824636,0,2.071240271,0.18433405,-0.08128405
2062,4.965455406,0.591899744,0,2.057315966,0.178585997,-0.075535997
2063,3.255262926,0.51504197,0,2.040171667,0.177776705,-0.074726705
2064,2.51221378,0.380493423,0,2.030021559,0.169663028,-0.066613028
2065,2.005392511,0.277636847,0,2.013327303,0.160968321,-0.057918321
2066,2.078126955,0.236076717,0,2.013327303,0.162918924,-0.059868924
2067,2.192423937,0.168043355,0,2.040171667,0.162317142,-0.059267142
2068,2.535314885,0.163583706,0,1.987180195,0.162130382,-0.059080382
2069,3.532815823,0.167189379,0,2.000168301,0.161777614,-0.058727614
2070,5.195317387,0.199735326,0.002862787,2.019971947,0.169144251,-0.066094251
2071,6.514928004,0.352691784,0.037068126,2.030021559,0.185350853,-0.082300853
2072,5.974614995,0.353925304,0.070946491,2.092483761,0.195000111,-0.091950111
2073,5.455083257,0.422148439,0.094701723,2.155110915,0.194294573,-0.091244573
2074,5.029067231,0.515990832,0.121224054,2.241946886,0.190123604,-0.087073604
2075,4.644613744,0.501188594,0.144365507,2.296628518,0.184603814,-0.081553814
2076,4.509535492,0.505743129,0.347207507,2.363133205,0.183026731,-0.079976731
2077,4.416019779,0.567798664,0.3028286,2.409651575,0.181325142,-0.078275142
2078,4.447191683,0.552806654,0.198211922,2.423966337,0.181013875,-0.077963875
2079,4.603051205,0.612110492,0.144467849,2.453112224,0.182404198,-0.079354198
2080,4.85242644,0.459343806,0.099345602,2.433604374,0.184541561,-0.081491561
2081,5.0498485,0.402886552,0.068359553,2.404917485,0.185330102,-0.082280102
2082,5.340786274,0.441505211,0.022631376,2.340541109,0.190538626,-0.087488626
2083,5.486255161,0.549770298,0,2.27106308,0.192987255,-0.089937255
2084,5.465473891,0.652531988,0,2.233764599,0.202553508,-0.099503508
2085,5.143364213,0.637824636,0,2.205590991,0.189770836,-0.086720836
2086,4.37445724,0.559164026,0,2.193732975,0.183275744,-0.080225744
2087,2.867815198,0.484393747,0,2.174250444,0.180993124,-0.077943124
2088,2.213205207,0.380493423,0,2.147549123,0.17464329,-0.07159329
2089,1.761364414,0.252776678,0,2.125178819,0.174560286,-0.071510286
2090,1.825248098,0.186641038,0,2.110522414,0.163811221,-0.060761221
2091,1.925636743,0.168043355,0,2.092483761,0.164516758,-0.061466758
2092,2.226802679,0.163583706,0,2.092483761,0.164579011,-0.061529011
2093,3.102921766,0.163773478,0,2.078273345,0.165658068,-0.062608068
2094,4.563120244,0.164247909,0.002886347,2.067741554,0.171987151,-0.068937151
2095,5.722152787,0.352691784,0.025905557,2.033393688,0.187591971,-0.084541971
2096,5.247588281,0.492364183,0.135871487,2.096066781,0.193568285,-0.090518285
2097,4.791276257,0.521778886,0.22397691,2.155110915,0.191866696,-0.088816696
2098,4.417100397,0.515990832,0.299009276,2.209572202,0.182424949,-0.079374949
2099,4.079429499,0.501188594,0.361060658,2.250189338,0.172319168,-0.069269168
2100,3.960788372,0.652152443,0.340480908,2.340541109,0.164620513,-0.061570513
2101,3.878652208,0.788693599,0.340841206,2.400201961,0.162420898,-0.059370898
2102,3.906030929,0.552806654,0.373082993,2.453112224,0.161258836,-0.058208836
2103,4.042924537,0.481167618,0.232373937,2.508407787,0.160283535,-0.057233535
2104,4.261954308,0.430403533,0.132188001,2.493081466,0.161798365,-0.058748365
2105,4.435352878,0.402886552,0.034214202,2.472935354,0.167774679,-0.064724679
2106,4.690887611,0.441505211,0.033616317,2.503278119,0.184354801,-0.081304801
2107,4.818654978,0.695610296,0.002879922,2.327192015,0.195850905,-0.092800905
2108,4.800402497,0.610782086,0,2.250189338,0.195415132,-0.092365132
2109,4.517489042,0.637824636,0,2.209572202,0.192530731,-0.089480731
2110,3.842147246,0.591899744,0,2.162726148,0.182362696,-0.079312696
2111,2.518842375,0.51504197,0,2.132583624,0.181760914,-0.078710914
2112,1.943889224,0.380493423,0,2.125178819,0.17464329,-0.07159329
2113,1.576245383,0.252776678,0,2.071240271,0.170845841,-0.067795841
2114,1.633414904,0.213683588,0,2.053864094,0.169165002,-0.066115002
2115,1.723252724,0.185502405,0,2.053864094,0.164350749,-0.061300749
2116,1.992766183,0.163583706,0,2.016644152,0.164869526,-0.061819526
2117,2.776805337,0.167189379,0,2.000168301,0.167919937,-0.064869937
2118,4.083537261,0.199735326,0.002920617,1.977549273,0.165720321,-0.062670321
2119,5.120755725,0.352691784,0.090312187,1.980749191,0.162586906,-0.059536906
2120,4.69606785,0.492364183,0.315877708,2.060779461,0.162005876,-0.058955876
2121,4.287714124,0.49217441,0.578610614,2.162726148,0.165533561,-0.062483561
2122,3.952864068,0.605468462,0.669708096,2.221602541,0.161881369,-0.058831369
2123,3.650682311,0.501188594,0.708648876,2.309628302,0.158685701,-0.055635701
2124,3.544510342,0.505743129,0.475092135,2.386165692,0.15372619,-0.05067619
2125,3.471006672,0.567798664,0.70707425,2.508407787,0.152750889,-0.049700889
2126,3.495507895,0.552806654,0.766774746,2.577058947,0.146836828,-0.043786828
2127,3.618014013,0.481167618,0.48656791,2.63247957,0.145861527,-0.042811527
2128,3.814023801,0.564287877,0.164177103,2.621205567,0.153746941,-0.050696941
2129,3.969198217,0.407251315,0.105467889,2.638153017,0.159494994,-0.056444994
2130,4.197876304,0.441505211,0.02537545,2.626830472,0.17063833,-0.06758833
2131,4.312215347,0.549770298,0,2.453112224,0.186409159,-0.083359159
2132,4.295881198,0.652531988,0,2.372292636,0.188422015,-0.085372015
2133,4.042701888,0.637824636,0,2.283774254,0.1824457,-0.0793957
2134,3.438338373,0.591899744,0,2.221602541,0.177154172,-0.074104172
2135,2.254112568,0.525953876,0,2.17039539,0.177838958,-0.074788958
2136,1.739586873,0.356677002,0,2.11782526,0.169517771,-0.066467771
2137,1.073674302,0.252776678,0,2.099662093,0.176261875,-0.073211875
2138,1.088086038,0.186641038,0,2.074750847,0.163499954,-0.060449954
2139,1.14573298,0.168043355,0,2.043577629,0.159349736,-0.056299736
2140,1.37632075,0.163583706,0,2.033393688,0.159245981,-0.056195981
2141,2.248230754,0.167189379,0,2.010021346,0.156423832,-0.053373832
2142,4.042491836,0.17136437,0,1.993653094,0.156984112,-0.053934112
2143,5.116166139,0.173546751,0.066394113,1.993653094,0.159474243,-0.056424243
2144,4.691019938,0.492364183,0.090287113,2.106889845,0.161673858,-0.058623858
2145,4.107344647,0.521778886,0.11745648,2.17039539,0.161072077,-0.058022077
2146,3.725433653,0.515990832,0.141076371,2.225641818,0.152854645,-0.049804645
2147,3.307493321,0.501188594,0.267730999,2.300945489,0.145280496,-0.042230496
2148,3.084111419,0.505743129,0.31641706,2.419175889,0.145238994,-0.042188994
2149,3.012052741,0.688398949,0.34325125,2.518730453,0.114755641,-0.011705641
2150,2.860729517,0.640007017,0.310653277,2.708192478,0.095353371,0.007696629
2151,2.860729517,0.481167618,0.375645996,2.714197339,0.095166611,0.007883389
2152,3.026464476,0.430403533,0.309590929,2.720228889,0.116934506,-0.013884506
2153,3.221022907,0.402886552,0.102443797,2.610027719,0.148517666,-0.045467666
2154,3.545286958,0.441505211,0.010604866,2.593438559,0.163541456,-0.060491456
2155,3.862345141,0.549770298,0,2.493081466,0.173335971,-0.070285971
2156,4.056903572,0.751688005,0,2.423966337,0.179789561,-0.076739561
2157,3.891168613,0.587345209,0,2.372292636,0.174145264,-0.071095264
2158,3.34352266,0.591899744,0,2.331624762,0.176676897,-0.073626897
2159,2.046466455,0.51504197,0,2.296628518,0.170887343,-0.067837343
2160,1.31146794,0.380493423,0,2.275284387,0.157502889,-0.054452889
2161,0.981674617,0.252776678,0,2.241946886,0.155220269,-0.052170269
2162,0.994851458,0.186641038,0,2.221602541,0.15752364,-0.05447364
2163,1.04755882,0.176298449,0,2.205590991,0.157544391,-0.054494391
2164,1.258388267,0.168043355,0,2.166553982,0.157565142,-0.054515142
2165,2.055587118,0.167189379,0,2.151323374,0.170285561,-0.067235561
2166,3.69610376,0.199735326,0,2.103269759,0.190746137,-0.087696137
2167,4.677778377,0.352691784,0.025934472,2.099662093,0.211227464,-0.108177464
2168,4.289061582,0.492364183,0.09157838,2.143788091,0.204192844,-0.101142844
2169,3.755399542,0.521778886,0.229169156,2.209572202,0.188401264,-0.085351264
2170,3.406213269,0.570740135,0.20120884,2.296628518,0.180619604,-0.077569604
2171,3.024084894,0.702442098,0.391943868,2.354044231,0.174207517,-0.071157517
2172,2.819843866,0.505743129,0.476515813,2.390826172,0.164226242,-0.061176242
2173,2.753959664,0.567798664,0.519044414,2.453112224,0.160055273,-0.057005273
2174,2.615602839,0.552806654,0.588009658,2.508407787,0.157585893,-0.054535893
2175,2.615602839,0.481167618,0.310212455,2.53963278,0.158519692,-0.055469692
2176,2.767136504,0.430403533,0.262065374,2.593438559,0.15903847,-0.05598847
2177,2.945023851,0.556127669,0.116320308,2.604474468,0.1672144,-0.0641644
2178,3.241502762,0.424141048,0.048435894,2.534374741,0.182404198,-0.079354198
2179,3.531393253,0.549770298,0.002875638,2.428775794,0.186637421,-0.083587421
2180,3.7092806,0.652531988,0,2.354044231,0.186554416,-0.083504416
2181,3.557746934,0.637824636,0,2.336074427,0.17483005,-0.07178005
2182,3.057026995,0.591899744,0,2.288042991,0.167338906,-0.064288906
2183,1.871111351,0.51504197,0,2.237848263,0.156652094,-0.053602094
2184,1.199092485,0.442169414,0,2.182001783,0.153456426,-0.050406426
2185,0.915743176,0.319861179,0,2.162726148,0.148932688,-0.045882688
2186,0.928035031,0.186641038,0,2.132583624,0.145820025,-0.042770025
2187,0.97720245,0.168043355,0,2.121495667,0.145259745,-0.042209745
2188,1.173872126,0.163583706,0,2.074750847,0.150157003,-0.047107003
2189,1.917529336,0.167189379,0,2.067741554,0.157461387,-0.054411387
2190,3.447865248,0.199735326,0.008034405,2.036777038,0.176656146,-0.073606146
2191,4.363608425,0.222318227,0.149027585,2.046994983,0.183898277,-0.080848277
2192,4.00099871,0.24879146,0.346136223,2.11416753,0.182549456,-0.079499456
2193,3.503178594,0.521778886,0.403373923,2.213567812,0.175079063,-0.072029063
2194,3.177444444,0.515990832,0.66045104,2.296628518,0.169165002,-0.066115002
2195,2.820980658,0.501188594,0.762077431,2.376899029,0.158187675,-0.055137675
2196,2.63045691,0.505743129,0.7347017,2.462983903,0.153228164,-0.050178164
2197,2.568997636,0.567798664,0.640663964,2.593438559,0.153414924,-0.050364924
2198,2.439933161,0.673501825,0.691059167,2.655321041,0.154244968,-0.051194968
2199,2.439933161,0.517129465,0.533269308,2.638153017,0.153414924,-0.050364924
2200,2.581289491,0.430403533,0.187249605,2.638153017,0.155510784,-0.052460784
2201,2.747229529,0.402886552,0.09454047,2.610027719,0.165844828,-0.062794828
2202,3.02379626,0.441505211,0.0335845,2.544912682,0.177569194,-0.074519194
2203,3.294217064,0.549770298,0.002829588,2.508407787,0.182590958,-0.079540958
2204,3.460157103,0.652531988,0,2.372292636,0.181740163,-0.078690163
2205,3.318800774,0.684603503,0,2.433604374,0.172319168,-0.069269168
2206,2.851710294,0.54625951,0,2.386165692,0.165844828,-0.062794828
2207,1.74544337,0.51504197,0,2.354044231,0.156735099,-0.053685099
2208,1.118558779,0.380493423,0,2.354044231,0.159245981,-0.056195981
2209,1.0096391,0.252776678,0,2.318376894,0.158415937,-0.055365937
2210,1.023191302,0.186641038,0,2.300945489,0.157544391,-0.054494391
2211,1.077400113,0.168043355,0,2.27106308,0.157772653,-0.054722653
2212,1.294235356,0.166145632,0,2.25849262,0.160636304,-0.057586304
2213,2.114143618,0.163868365,0,2.237848263,0.165678819,-0.062628819
2214,3.801392852,0.199735326,0.005740989,2.174250444,0.18223819,-0.07918819
2215,4.811031952,0.352691784,0.081596613,2.193732975,0.193174015,-0.090124015
2216,4.411241973,0.492364183,0.138213619,2.213567812,0.20182722,-0.09877722
2217,3.862377764,0.521778886,0.468536436,2.279521415,0.20659997,-0.10354997
2218,3.503244393,0.515990832,0.687617818,2.318376894,0.195705648,-0.092655648
2219,3.110230515,0.619701383,0.56289119,2.414404339,0.192634486,-0.089584486
2220,2.900171374,0.778730555,0.480815531,2.482967546,0.186450661,-0.083400661
2221,2.83241036,0.567798664,0.489401045,2.458038153,0.182507954,-0.079457954
2222,2.690112232,0.552806654,0.58532805,2.477941296,0.179727308,-0.076677308
2223,2.690112232,0.481167618,0.495419305,2.523923711,0.179125526,-0.076075526
2224,2.845962563,0.430403533,0.295133957,2.513558522,0.179644303,-0.076594303
2225,3.028917299,0.402886552,0.225803431,2.322776091,0.181615657,-0.078565657
2226,3.333841859,0.604899145,0.067158677,2.174250444,0.187342958,-0.084292958
2227,3.631990318,0.522063545,0.002765333,2.11416753,0.1995446,-0.0964946
2228,3.814945055,0.652531988,0,2.085354344,0.201661211,-0.098611211
2229,3.659094724,0.637824636,0,2.067741554,0.18452081,-0.08147081
2230,3.144111022,0.591899744,0,2.060779461,0.174186766,-0.071136766
2231,1.924412781,0.51504197,0,2.060779461,0.168957491,-0.065907491
2232,1.233250444,0.380493423,0,2.050423786,0.166923884,-0.063873884
2233,2.179439523,0.277636847,0,2.050423786,0.165927832,-0.062877832
2234,2.258486553,0.236076717,0,2.046994983,0.161528601,-0.058478601
2235,2.382703313,0.168043355,0,2.057315966,0.160677806,-0.057627806
2236,2.755353594,0.163583706,0,2.057315966,0.163873474,-0.060823474
2237,3.83942714,0.167189379,0,2.057315966,0.169538522,-0.066488522
2238,5.646216382,0.199735326,0.005738847,2.060779461,0.185745124,-0.082695124
2239,7.080355343,0.352691784,0.112460673,2.060779461,0.204358853,-0.101308853
2240,6.493148839,0.353925304,0.141492297,2.060779461,0.217266031,-0.114216031
2241,5.928527201,0.422148439,0.3503617,1.990411382,0.190414119,-0.087364119
2242,5.465537458,0.515990832,0.619155798,2.000168301,0.192655237,-0.089605237
2243,5.047717445,0.501188594,0.650638322,1.990411382,0.190580128,-0.087530128
2244,4.90091582,0.505743129,0.602006706,1.968011254,0.177818207,-0.074768207
2245,4.799283925,0.567798664,0.6462149,1.949208599,0.178793508,-0.075743508
2246,4.833161223,0.552806654,0.542379515,1.968011254,0.173128461,-0.070078461
2247,5.002547714,0.612110492,0.561715881,1.977549273,0.172526679,-0.069476679
2248,5.273566101,0.459343806,0.151258979,1.964852327,0.172111657,-0.069061657
2249,5.488122323,0.402886552,0.022794156,1.955436102,0.176220373,-0.073170373
2250,5.804310441,0.441505211,0.014280668,1.955436102,0.186907185,-0.083857185
2251,5.962404499,0.549770298,0.002859574,1.949208599,0.19784301,-0.09479301
2252,5.939819634,0.652531988,0,1.946109698,0.194585089,-0.091535089
2253,5.589754218,0.637824636,0,1.943020635,0.18396053,-0.08091053
2254,4.754114194,0.559164026,0,1.946109698,0.17292095,-0.06987095
2255,3.116711443,0.484393747,0,1.949208599,0.169414015,-0.066364015
2256,2.405288179,0.380493423,0,1.952317384,0.166425858,-0.063375858
2257,2.407257355,0.252776678,0,1.949208599,0.16665412,-0.06360412
2258,2.494567208,0.186641038,0,1.955436102,0.164620513,-0.061570513
2259,2.631768404,0.168043355,0,1.9585648,0.163105684,-0.060055684
2260,3.043371993,0.163583706,0,1.9585648,0.168106696,-0.065056696
2261,4.240764253,0.163773478,0,1.964852327,0.173211465,-0.070161465
2262,6.236418019,0.164247909,0.010594464,1.964852327,0.186097892,-0.083047892
2263,7.820468196,0.352691784,0.095715399,1.974359677,0.2033628,-0.1003128
2264,7.171880722,0.492364183,0.119314241,1.980749191,0.214796651,-0.111746651
2265,6.54823892,0.521778886,0.149872764,2.000168301,0.204358853,-0.101308853
2266,6.036852643,0.515990832,0.195821931,2.036777038,0.189708582,-0.086658582
2267,5.575357709,0.501188594,0.345923034,2.096066781,0.184375552,-0.081325552
2268,5.413210841,0.652152443,0.567487853,2.121495667,0.178502993,-0.075452993
2269,5.300955316,0.788693599,0.690478553,2.189808587,0.176220373,-0.073170373
2270,5.338373825,0.552806654,0.758945835,2.155110915,0.173232216,-0.070182216
2271,5.525466365,0.481167618,0.180972396,2.221602541,0.172609683,-0.069559683
2272,5.82481443,0.430403533,0.282205083,2.201624101,0.173232216,-0.070182216
2273,6.061798315,0.402886552,0.270466903,2.201624101,0.178046469,-0.074996469
2274,6.411037724,0.441505211,0.077472816,2.17039539,0.185081089,-0.082031089
2275,6.585657428,0.695610296,0.005973903,2.155110915,0.191057403,-0.088007403
2276,6.560711756,0.610782086,0,2.11782526,0.190455622,-0.087405622
2277,6.174053839,0.637824636,0,2.067741554,0.180183832,-0.077133832
2278,5.251063972,0.591899744,0,2.046994983,0.178814259,-0.075764259
2279,3.442502747,0.51504197,0,2.010021346,0.17673915,-0.07368915
2280,2.656714076,0.380493423,0,2.010021346,0.179478294,-0.076428294
2281,2.208161705,0.252776678,0,1.987180195,0.175763849,-0.072713849
2282,2.288250471,0.213683588,0,1.974359677,0.17254743,-0.06949743
2283,2.414104247,0.185502405,0,1.949208599,0.167961439,-0.064911439
2284,2.791665575,0.163583706,0,1.943020635,0.168023692,-0.064973692
2285,3.890025801,0.167189379,0,1.92772126,0.170389317,-0.067339317
2286,5.720626178,0.199735326,0.019442123,1.912660938,0.174394277,-0.071344277
2287,7.173665227,0.352691784,0.129610507,1.946109698,0.180266836,-0.077216836
2288,6.578720105,0.492364183,0.368195777,1.987180195,0.184479307,-0.081429307
2289,6.006657487,0.49217441,0.569254608,2.003441899,0.189563325,-0.086513325
2290,5.53756614,0.605468462,0.739306107,2.036777038,0.181698661,-0.078648661
2291,5.114239803,0.501188594,0.689172124,2.155110915,0.177942714,-0.074892714
2292,4.965503522,0.505743129,0.623791766,2.327192015,0.164765771,-0.061715771
2293,4.862532251,0.567798664,0.609904577,2.381523346,0.162898173,-0.059848173
2294,4.896856008,0.552806654,0.662672351,2.448206,0.157440636,-0.054390636
2295,5.068474794,0.481167618,0.766649137,2.443319361,0.157419885,-0.054369885
2296,5.34306485,0.564287877,0.569710989,2.472935354,0.157461387,-0.054411387
2297,5.560448645,0.407251315,0.326570576,2.458038153,0.160304286,-0.057254286
2298,5.880803711,0.441505211,0.091649577,2.386165692,0.178710504,-0.075660504
2299,6.040981244,0.549770298,0.00584264,2.327192015,0.182092932,-0.079042932
2300,6.018098739,0.652531988,0,2.279521415,0.17995557,-0.07690557
2301,5.663419916,0.637824636,0,2.217577899,0.176033613,-0.072983613
2302,4.816767242,0.591899744,0,2.17039539,0.174415028,-0.071365028
2303,3.15778565,0.525953876,0,2.147549123,0.168210452,-0.065160452
2304,2.436986752,0.356677002,0,2.11782526,0.167857683,-0.064807683
2305,1.897505371,0.252776678,0,2.096066781,0.171302365,-0.068252365
2306,1.96632681,0.186641038,0,2.110522414,0.170098801,-0.067048801
2307,2.074474784,0.168043355,0,2.085354344,0.166716373,-0.063666373
2308,2.398918708,0.163583706,0,2.078273345,0.167006889,-0.063956889
2309,3.342755576,0.167189379,0,2.096066781,0.168106696,-0.065056696
2310,4.915817024,0.17136437,0.012590519,2.092483761,0.169185753,-0.066135753
2311,6.164434548,0.173546751,0.15300919,2.088912969,0.174871552,-0.071821552
2312,5.653189578,0.492364183,0.386059581,2.128874783,0.17711267,-0.07406267
2313,5.161607875,0.521778886,0.612722254,2.193732975,0.177423936,-0.074373936
2314,4.758510879,0.515990832,0.734827043,2.217577899,0.169061247,-0.066011247
2315,4.39474042,0.501188594,0.67327871,2.283774254,0.165658068,-0.062608068
2316,4.266929177,0.505743129,0.625209105,2.292327715,0.165014784,-0.061964784
2317,4.17844447,0.688398949,0.620154103,2.390826172,0.158415937,-0.055365937
2318,4.207939373,0.640007017,0.66351977,2.414404339,0.151215308,-0.048165308
2319,4.355413883,0.481167618,0.728591898,2.390826172,0.153062155,-0.050012155
2320,4.591373101,0.430403533,0.538832079,2.390826172,0.158208426,-0.055158426
2321,4.778174147,0.402886552,0.303869755,2.381523346,0.165409055,-0.062359055
2322,5.053459901,0.441505211,0.087862176,2.363133205,0.182072181,-0.079022181
2323,5.191102777,0.549770298,0.005783214,2.318376894,0.18985384,-0.08680384
2324,5.171439509,0.751688005,0,2.262667283,0.196079167,-0.093029167
2325,4.866658854,0.587345209,0,2.225641818,0.189065298,-0.086015298
2326,4.139117934,0.591899744,0,2.201624101,0.18757122,-0.08452122
2327,2.713530997,0.51504197,0,2.193732975,0.184375552,-0.081325552
2328,2.094138052,0.380493423,0,2.182001783,0.173647238,-0.070597238
2329,1.666255264,0.252776678,0,2.158911817,0.171281613,-0.068231613
2330,1.726689393,0.186641038,0,2.147549123,0.169268758,-0.066218758
2331,1.821657309,0.176298449,0,2.151323374,0.168376461,-0.065326461
2332,2.106561059,0.168043355,0,2.151323374,0.170244059,-0.067194059
2333,2.935371968,0.167189379,0,2.147549123,0.179374539,-0.076324539
2334,4.316723482,0.199735326,0.013355064,2.151323374,0.207097997,-0.104047997
2335,5.413171247,0.352691784,0.148100736,2.158911817,0.216456739,-0.113406739
2336,4.964232004,0.492364183,0.370118962,2.182001783,0.217556547,-0.114506547
2337,4.532559656,0.521778886,0.574657215,2.221602541,0.214692896,-0.111642896
2338,4.178588331,0.570740135,0.731840572,2.25849262,0.194937857,-0.091887857
2339,3.859150793,0.702442098,0.690619075,2.27106308,0.185184844,-0.082134844
2340,3.746915982,0.505743129,0.648805951,2.305278719,0.181906172,-0.078856172
2341,3.66921496,0.567798664,0.660289827,2.331624762,0.179893316,-0.076843316
2342,3.695115301,0.552806654,0.76405849,2.358579961,0.17692591,-0.07387591
2343,3.824617005,0.481167618,0.545897969,2.428775794,0.176407133,-0.073357133
2344,4.031819732,0.430403533,0.436577687,2.419175889,0.175494085,-0.072444085
2345,4.195855225,0.556127669,0.219926632,2.322776091,0.181947674,-0.078897674
2346,4.43759174,0.424141048,0.089936817,2.279521415,0.186533665,-0.083483665
2347,4.558459997,0.549770298,0.011055294,2.24606055,0.193609787,-0.090559787
2348,4.541193103,0.652531988,0,2.25849262,0.189708582,-0.086658582
2349,4.273556247,0.637824636,0,2.225641818,0.183151238,-0.080101238
2350,3.634681172,0.591899744,0,2.193732975,0.180080076,-0.077030076
2351,2.382831362,0.51504197,0,2.178119217,0.170742085,-0.067692085
2352,1.838924203,0.442169414,0,2.162726148,0.165160042,-0.062110042
2353,1.63129985,0.319861179,0,2.158911817,0.165035535,-0.061985535
2354,1.690466166,0.186641038,0,2.147549123,0.166923884,-0.063873884
2355,1.783441805,0.168043355,0,2.151323374,0.165595814,-0.062545814
2356,2.062368722,0.163583706,0,2.151323374,0.165927832,-0.062877832
2357,2.873792481,0.167189379,0,2.147549123,0.170804338,-0.067754338
2358,4.226165414,0.199735326,0.005685301,2.155110915,0.19099515,-0.08794515
2359,5.299611429,0.222318227,0.031101537,2.158911817,0.201121682,-0.098071682
2360,4.860090226,0.24879146,0.090530578,2.17039539,0.207845036,-0.104795036
2361,4.437473685,0.521778886,0.173021149,2.185898214,0.195705648,-0.092655648
2362,4.090928121,0.515990832,0.29724784,2.197671454,0.190019849,-0.086969849
2363,3.77819188,0.501188594,0.473143856,2.209572202,0.185994137,-0.082944137
2364,3.668311579,0.505743129,0.48417345,2.237848263,0.181781666,-0.078731666
2365,3.592240602,0.567798664,0.235835032,2.262667283,0.178004967,-0.074954967
2366,3.617597594,0.673501825,0.306758843,2.305278719,0.17520357,-0.07215357
2367,3.744382557,0.517129465,0.220251137,2.309628302,0.170617579,-0.067567579
2368,3.947238497,0.430403533,0.133964895,2.354044231,0.17063833,-0.06758833
2369,4.107832782,0.402886552,0.124750336,2.331624762,0.177527692,-0.074477692
2370,4.344498045,0.441505211,0.060251454,2.296628518,0.184541561,-0.081491561
2371,4.462830677,0.549770298,0.005593201,2.275284387,0.190600879,-0.087550879
2372,4.445926015,0.652531988,0,2.225641818,0.188380512,-0.085330512
2373,4.18390376,0.684603503,0,2.205590991,0.181781666,-0.078731666
2374,3.558431278,0.54625951,0,2.185898214,0.180225334,-0.077175334
2375,2.332843308,0.51504197,0,2.151323374,0.174124513,-0.071074513
2376,1.800346466,0.380493423,0,2.151323374,0.170887343,-0.067837343
2377,1.766068478,0.252776678,0,2.13630541,0.170202557,-0.067152557
2378,1.830122775,0.186641038,0,2.128874783,0.168874487,-0.065824487
2379,1.930779528,0.168043355,0,2.11782526,0.167297404,-0.064247404
2380,2.232749786,0.166145632,0,2.11782526,0.169061247,-0.066011247
2381,3.111208718,0.163868365,0,2.11416753,0.173045456,-0.069995456
2382,4.575306938,0.199735326,0.013236098,2.106889845,0.190559377,-0.087509377
2383,5.7374349,0.352691784,0.088021675,2.110522414,0.205998189,-0.102948189
2384,5.261602979,0.492364183,0.213288592,2.125178819,0.213447831,-0.110397831
2385,4.804072285,0.521778886,0.503389577,2.143788091,0.19802977,-0.09497977
2386,4.428897116,0.515990832,0.619937058,2.158911817,0.188940792,-0.085890792
2387,4.090324403,0.619701383,0.677740055,2.182001783,0.185267849,-0.082217849
2388,3.971366422,0.778730555,0.634852474,2.193732975,0.178461491,-0.075411491
2389,3.889010897,0.567798664,0.60261424,2.189808587,0.176012862,-0.072962862
2390,3.916462739,0.552806654,0.731673612,2.221602541,0.17236067,-0.06931067
2391,4.053721947,0.481167618,0.317386633,2.225641818,0.171074103,-0.068024103
2392,4.27333668,0.430403533,0.434091744,2.217577899,0.172153159,-0.069103159
2393,4.447198344,0.402886552,0.263118082,2.213567812,0.181449648,-0.078399648
2394,4.703415532,0.604899145,0.133579848,2.201624101,0.189542574,-0.086492574
2395,4.831524127,0.522063545,0.014241927,2.178119217,0.19099515,-0.08794515
2396,4.813222899,0.652531988,0,2.174250444,0.190517875,-0.087467875
2397,4.529553869,0.637824636,0,2.178119217,0.185516862,-0.082466862
2398,3.852408442,0.591899744,0,2.182001783,0.181449648,-0.078399648
2399,2.52556943,0.51504197,0,2.166553982,0.17445653,-0.07140653
2400,1.949080756,0.380493423,0,2.162726148,0.170866592,-0.067816592
2401,1.905645353,0.277636847,0,2.158911817,0.169974295,-0.066924295
2402,1.974762024,0.236076717,0,2.147549123,0.169974295,-0.066924295
2403,2.083373935,0.168043355,0,2.128874783,0.168832985,-0.065782985
2404,2.409209669,0.163583706,0,2.11416753,0.170036548,-0.066986548
2405,3.357095441,0.167189379,0,2.103269759,0.173709491,-0.070659491
2406,4.93690506,0.199735326,0.019836043,2.099662093,0.192468477,-0.089418477
2407,6.190878946,0.352691784,0.174000208,2.092483761,0.210086154,-0.107036154
2408,5.677440819,0.353925304,0.405586672,2.074750847,0.215979464,-0.112929464
2409,5.183750313,0.422148439,0.625411056,2.074750847,0.200333141,-0.097283141
2410,4.778924098,0.515990832,0.720942136,2.078273345,0.193796547,-0.090746547
2411,4.413593124,0.501188594,0.65469424,2.11416753,0.188463517,-0.085413517
2412,4.285233592,0.505743129,0.604309646,2.155110915,0.184251045,-0.081201045
2413,4.196369301,0.567798664,0.605340312,2.209572202,0.175763849,-0.072713849
2414,4.225990732,0.552806654,0.648106167,2.24606055,0.173771744,-0.070721744
2415,4.374097883,0.612110492,0.724932077,2.237848263,0.174560286,-0.071510286
2416,4.611069326,0.459343806,0.391013456,2.221602541,0.173979255,-0.070929255
2417,4.798671719,0.402886552,0.210989853,2.197671454,0.184188792,-0.081138792
2418,5.075138402,0.441505211,0.076519482,2.182001783,0.192011953,-0.088961953
2419,5.213371744,0.549770298,0.008303689,2.182001783,0.205147394,-0.102097394
2420,5.193624123,0.652531988,0,2.166553982,0.203010032,-0.099960032
2421,4.88753601,0.637824636,0,2.14004021,0.194771849,-0.091721849
2422,4.156874061,0.559164026,0,2.14004021,0.19099515,-0.08794515
2423,2.725171593,0.484393747,0,2.121495667,0.184458556,-0.081408556
2424,2.103121556,0.380493423,0,2.096066781,0.17520357,-0.07215357
2425,2.087526525,0.252776678,0,2.078273345,0.174000006,-0.070950006
2426,2.163239922,0.186641038,0,2.040171667,0.171800391,-0.068750391
2427,2.282218118,0.168043355,0,2.010021346,0.170285561,-0.067235561
2428,2.639152705,0.163583706,0,1.990411382,0.170866592,-0.067816592
2429,3.677507868,0.163773478,0,1.974359677,0.178233229,-0.075183229
2430,5.408099805,0.164247909,0.021549703,1.961703526,0.196016914,-0.092966914
2431,6.781757156,0.352691784,0.070925287,1.971180354,0.215439935,-0.112389935
2432,6.219314776,0.492364183,0.20300145,1.996905383,0.217722555,-0.114672555
2433,5.678504796,0.521778886,0.158838646,2.067741554,0.200021875,-0.096971875
2434,5.235040611,0.515990832,0.550059824,2.092483761,0.194668093,-0.091618093
2435,4.834841226,0.501188594,0.745995734,2.193732975,0.190559377,-0.087509377
2436,4.694230631,0.652152443,0.764402785,2.221602541,0.186637421,-0.083587421
2437,4.596884834,0.788693599,0.663230407,2.296628518,0.184583063,-0.081533063
2438,4.629333433,0.552806654,0.630972925,2.233764599,0.180432845,-0.077382845
2439,4.791576427,0.481167618,0.625910825,2.233764599,0.177444687,-0.074394687
2440,5.051165218,0.430403533,0.497015205,2.217577899,0.173086958,-0.070036958
2441,5.256673011,0.402886552,0.363337151,2.217577899,0.179644303,-0.076594303
2442,5.5595266,0.441505211,0.120408575,2.174250444,0.189397316,-0.086347316
2443,5.710953394,0.695610296,0.022377657,2.158911817,0.193547534,-0.090497534
2444,5.689320995,0.610782086,0,2.14004021,0.192821246,-0.089771246
2445,5.354018807,0.637824636,0,2.128874783,0.187176949,-0.084126949
2446,4.553620036,0.591899744,0,2.11416753,0.186990189,-0.083940189
2447,2.985271092,0.51504197,0,2.103269759,0.182839971,-0.079789971
2448,2.303850517,0.380493423,0,2.088912969,0.185973386,-0.082923386
2449,2.281667092,0.252776678,0,2.074750847,0.1833795,-0.0803295
2450,2.364421857,0.213683588,0,2.053864094,0.180951622,-0.077901622
2451,2.494465059,0.185502405,0,2.019971947,0.176282626,-0.073232626
2452,2.884594666,0.163583706,0,2.016644152,0.174913054,-0.071863054
2453,4.019517157,0.167189379,0,2.013327303,0.177984216,-0.074934216
2454,5.911054643,0.199735326,0.008467541,2.010021346,0.183898277,-0.080848277
2455,7.412462522,0.352691784,0.053698267,2.010021346,0.186637421,-0.083587421
2456,6.79771284,0.492364183,0.207257419,2.026660596,0.191161159,-0.088111159
2457,6.206607375,0.49217441,0.468068594,2.085354344,0.190497124,-0.087447124
2458,5.721900894,0.605468462,0.619711933,2.088912969,0.181138382,-0.078088382
2459,5.284482851,0.501188594,0.716717731,2.110522414,0.175743098,-0.072693098
2460,5.13079543,0.505743129,0.678843577,2.151323374,0.173086958,-0.070036958
2461,5.024396447,0.567798664,0.685927629,2.155110915,0.171945648,-0.068895648
2462,5.059862774,0.552806654,0.704020641,2.178119217,0.170057299,-0.067007299
2463,5.237194414,0.481167618,0.730047936,2.24606055,0.168625474,-0.065575474
2464,5.520925037,0.564287877,0.586974396,2.182001783,0.16702764,-0.06397764
2465,5.745545113,0.407251315,0.274499138,2.155110915,0.171551378,-0.068501378
2466,6.076564173,0.441505211,0.085387667,2.103269759,0.182341945,-0.079291945
2467,6.242073703,0.549770298,0.019777828,2.071240271,0.188691779,-0.085641779
2468,6.218429484,0.652531988,0,2.053864094,0.18908605,-0.08603605
2469,5.851944097,0.637824636,0,2.040171667,0.182487203,-0.079437203
2470,4.977108009,0.591899744,0,2.030021559,0.176552391,-0.073502391
2471,3.262902163,0.525953876,0,2.010021346,0.165844828,-0.062794828
2472,2.518109278,0.356677002,0,1.993653094,0.168957491,-0.065907491
2473,3.086606953,0.252776678,0,1.983959481,0.166322103,-0.063272103
2474,3.155813387,0.186641038,0,1.977549273,0.165741072,-0.062691072
2475,3.280384968,0.168043355,0,1.974359677,0.169019744,-0.065969744
2476,3.543369417,0.163583706,0,1.968011254,0.170306312,-0.067256312
2477,4.456894345,0.167189379,0,1.964852327,0.169849788,-0.066799788
2478,6.436198356,0.17136437,0.025151264,1.946109698,0.170576076,-0.067526076
2479,7.944898616,0.173546751,0.160758528,1.924690252,0.172277666,-0.069227666
2480,7.515818725,0.492364183,0.321632666,1.939941363,0.176801404,-0.073751404
2481,7.197469129,0.521778886,0.516341081,1.968011254,0.175556338,-0.072506338
2482,6.796071812,0.515990832,0.703969916,1.974359677,0.170036548,-0.066986548
2483,6.408515782,0.501188594,0.724524382,1.996905383,0.168583972,-0.065533972
2484,6.214737767,0.505743129,0.659783831,2.026660596,0.165450557,-0.062400557
2485,6.076324899,0.688398949,0.639312973,2.016644152,0.163333946,-0.060283946
2486,6.145531333,0.640007017,0.701209886,2.030021559,0.154784496,-0.051734496
2487,6.270102914,0.481167618,0.558597547,2.023310744,0.153165911,-0.050115911
2488,6.50540479,0.430403533,0.335739726,2.013327303,0.157917911,-0.054867911
2489,6.699182805,0.402886552,0.19604951,2.00672623,0.165761823,-0.062711823
2490,6.962167254,0.441505211,0.076592603,2.010021346,0.179934818,-0.076884818
2491,7.031373688,0.549770298,0.008409254,2.013327303,0.185807377,-0.082757377
2492,6.989849827,0.751688005,0,2.00672623,0.1900406,-0.0869906
2493,6.616135084,0.587345209,0,2.000168301,0.182860722,-0.079810722
2494,5.81334045,0.591899744,0,2.000168301,0.173128461,-0.070078461
2495,4.041655742,0.51504197,0,2.003441899,0.172132408,-0.069082408
2496,3.238861108,0.380493423,0,2.00672623,0.166882382,-0.063832382
2497,2.197021741,0.252776678,0,2.00672623,0.170057299,-0.067007299
2498,2.276706467,0.186641038,0,2.000168301,0.170181806,-0.067131806
2499,2.401925323,0.176298449,0,1.961703526,0.173771744,-0.070721744
2500,2.77758189,0.168043355,0,1.955436102,0.171883395,-0.068833395
2501,3.870400995,0.167189379,0,1.952317384,0.181449648,-0.078399648
2502,5.691766168,0.199735326,0.014264605,1.936871835,0.197282731,-0.094232731
2503,7.137474775,0.352691784,0.087857928,2.00672623,0.214983411,-0.111933411
2504,6.545531094,0.492364183,0.15167045,2.067741554,0.218241333,-0.115191333
2505,5.976354477,0.521778886,0.218079441,2.13630541,0.19118191,-0.08813191
2506,5.509629651,0.570740135,0.27112375,2.158911817,0.182321194,-0.079271194
2507,5.088438955,0.702442098,0.445748226,2.25849262,0.176552391,-0.073502391
2508,4.940453034,0.505743129,0.536867586,2.262667283,0.159557247,-0.056507247
2509,4.838001243,0.567798664,0.6489075,2.358579961,0.15619557,-0.05314557
2510,4.87215184,0.552806654,0.442175669,2.404917485,0.159536496,-0.056486496
2511,5.042904825,0.481167618,0.483341597,2.448206,0.167069142,-0.064019142
2512,5.316109601,0.430403533,0.428586005,2.513558522,0.166882382,-0.063832382
2513,5.532396716,0.556127669,0.140675172,2.513558522,0.178046469,-0.074996469
2514,5.851135621,0.424141048,0.045039737,2.513558522,0.190600879,-0.087550879
2515,6.010505074,0.549770298,0.005554648,2.386165692,0.195290626,-0.092240626
2516,5.987738009,0.652531988,0,2.300945489,0.193817298,-0.090767298
2517,5.634848507,0.637824636,0,2.254333333,0.187882486,-0.084832486
2518,4.792467114,0.591899744,0,2.209572202,0.18109688,-0.07804688
2519,3.141854925,0.51504197,0,2.178119217,0.165616566,-0.062566566
2520,2.424692388,0.442169414,0,2.147549123,0.170161055,-0.067111055
2521,1.711244896,0.319861179,0,2.110522414,0.167442662,-0.064392662
2522,1.773310773,0.186641038,0,2.096066781,0.1691235,-0.0660735
2523,1.870842866,0.168043355,0,2.057315966,0.167816181,-0.064766181
2524,2.163439143,0.163583706,0,2.019971947,0.165803325,-0.062753325
2525,3.014628314,0.167189379,0,2.030021559,0.170700583,-0.067650583
2526,4.433276933,0.199735326,0.008464328,1.993653094,0.188961543,-0.085911543
2527,5.559329273,0.222318227,0.033738712,2.088912969,0.20108018,-0.09803018
2528,5.098268472,0.24879146,0.047741602,2.121495667,0.201391447,-0.098341447
2529,4.654940779,0.521778886,0.084758968,2.225641818,0.189791587,-0.086741587
2530,4.291412071,0.515990832,0.170986224,2.275284387,0.177548443,-0.074498443
2531,3.963349578,0.501188594,0.216545147,2.349525912,0.167131395,-0.064081395
2532,3.848084377,0.505743129,0.248155537,2.467949597,0.165990085,-0.062940085
2533,3.768285393,0.567798664,0.158424627,2.598944798,0.161424845,-0.058374845
2534,3.794885054,0.673501825,0.195484755,2.555538622,0.164682766,-0.061632766
2535,3.927883362,0.517129465,0.206354576,2.508407787,0.169870539,-0.066820539
2536,4.140680655,0.430403533,0.212972838,2.544912682,0.174560286,-0.071510286
2537,4.309145178,0.402886552,0.163946204,2.523923711,0.185392355,-0.082342355
2538,4.557408687,0.441505211,0.067679251,2.498169388,0.196265927,-0.093215927
2539,4.681540441,0.549770298,0.008416136,2.472935354,0.202927027,-0.099877027
2540,4.663807333,0.652531988,0,2.395504892,0.19746949,-0.09441949
2541,4.388944163,0.684603503,0,2.345024904,0.192530731,-0.089480731
2542,3.732819177,0.54625951,0,2.250189338,0.18414729,-0.08109729
2543,2.447168867,0.51504197,0,2.237848263,0.173564233,-0.070514233
2544,1.888575973,0.380493423,0,2.229695811,0.162566155,-0.059516155
2545,0.971827065,0.252776678,0,2.217577899,0.16150785,-0.05845785
2546,0.984871724,0.186641038,0,2.205590991,0.165720321,-0.062670321
2547,1.037050358,0.168043355,0,2.201624101,0.165720321,-0.062670321
2548,1.245764896,0.166145632,0,2.189808587,0.166425858,-0.063375858
2549,2.034966741,0.163868365,0,2.185898214,0.17177964,-0.06872964
2550,3.659026736,0.199735326,0.027226377,2.182001783,0.190206609,-0.087156609
2551,4.630853802,0.352691784,0.156248703,2.197671454,0.197697752,-0.094647752
2552,4.246036373,0.492364183,0.37218389,2.237848263,0.201432949,-0.098382949
2553,3.7177277,0.521778886,0.586846641,2.283774254,0.197635499,-0.094585499
2554,3.372044247,0.515990832,0.749422918,2.327192015,0.192675988,-0.089625988
2555,2.993749148,0.619701383,0.670700176,2.409651575,0.175473334,-0.072423334
2556,2.79155694,0.778730555,0.6188511,2.482967546,0.167048391,-0.063998391
2557,2.726333647,0.567798664,0.61299072,2.523923711,0.16379047,-0.06074047
2558,2.589364731,0.552806654,0.649565703,2.53963278,0.168002941,-0.064952941
2559,2.589364731,0.481167618,0.761983064,2.638153017,0.165782574,-0.062732574
2560,2.739378305,0.430403533,0.556131859,2.708192478,0.166695622,-0.063645622
2561,2.915481196,0.402886552,0.326098173,2.678562363,0.173418976,-0.070368976
2562,3.208986015,0.604899145,0.090105754,2.638153017,0.188691779,-0.085641779
2563,3.495968504,0.522063545,0.016817547,2.550214583,0.19574715,-0.09269715
2564,3.672071395,0.652531988,0,2.488014228,0.192841997,-0.089791997
2565,3.522057821,0.637824636,0,2.419175889,0.186077141,-0.083027141
2566,3.026360794,0.591899744,0,2.367704062,0.178191727,-0.075141727
2567,1.852341521,0.51504197,0,2.309628302,0.170430819,-0.067380819
2568,1.187063932,0.380493423,0,2.262667283,0.171758889,-0.068708889
2569,0.73579475,0.277636847,0,2.25849262,0.17045157,-0.06740157
2570,0.745671189,0.236076717,0,2.205590991,0.170327063,-0.067277063
2571,0.785176948,0.168043355,0,2.185898214,0.165720321,-0.062670321
2572,0.943199981,0.163583706,0,2.158911817,0.165803325,-0.062753325
2573,1.540724576,0.167189379,0,2.11416753,0.172049404,-0.068999404
2574,2.770341305,0.199735326,0.028950442,2.103269759,0.192281718,-0.089231718
2575,3.506136055,0.352691784,0.184278036,2.158911817,0.200851918,-0.097801918
2576,3.214781087,0.353925304,0.405163098,2.221602541,0.207824285,-0.104774285
2577,2.814785284,0.422148439,0.609667134,2.318376894,0.196660198,-0.093610198
2578,2.553059634,0.515990832,0.71304312,2.363133205,0.185537613,-0.082487613
2579,2.266642886,0.501188594,0.64051155,2.472935354,0.176863657,-0.073813657
2580,2.113558073,0.505743129,0.590805425,2.582495781,0.171302365,-0.068252365
2581,2.064175875,0.567798664,0.586516309,2.649573593,0.155573037,-0.052523037
2582,1.960473259,0.552806654,0.643062004,2.782052273,0.149326959,-0.046276959
2583,1.960473259,0.612110492,0.730817503,2.80115103,0.155593789,-0.052543789
2584,2.074052314,0.459343806,0.557127711,2.846751163,0.163894225,-0.060844225
2585,2.207384249,0.402886552,0.326254442,2.788389522,0.174809299,-0.071759299
2586,2.429604139,0.441505211,0.090380821,2.714197339,0.18661667,-0.08356667
2587,2.646885811,0.549770298,0.019451895,2.621205567,0.19537363,-0.09232363
2588,2.780217745,0.652531988,0,2.534374741,0.193049508,-0.089999508
2589,2.66663869,0.637824636,0,2.467949597,0.184832076,-0.081782076
2590,2.291333985,0.559164026,0,2.395504892,0.182673962,-0.079623962
2591,1.402454422,0.484393747,0,2.349525912,0.178046469,-0.074996469
2592,0.898756003,0.380493423,0,2.313994329,0.167525666,-0.064475666
2593,0.552134602,0.252776678,0,2.288042991,0.16057405,-0.05752405
2594,0.559545805,0.186641038,0,2.221602541,0.15885171,-0.05580171
2595,0.589190616,0.168043355,0,2.193732975,0.157108618,-0.054058618
2596,0.707769859,0.163583706,0,2.217577899,0.159598749,-0.056548749
2597,1.156147623,0.163773478,0,2.178119217,0.163582959,-0.060532959
2598,2.078842361,0.164247909,0.030108524,2.166553982,0.171717386,-0.068667386
2599,2.630976963,0.352691784,0.194699521,2.24606055,0.177091919,-0.074041919
2600,2.412346483,0.492364183,0.413181113,2.27106308,0.184002032,-0.080952032
2601,2.112192773,0.521778886,0.616351646,2.423966337,0.181615657,-0.078565657
2602,1.915795901,0.515990832,0.7668823,2.477941296,0.171821142,-0.068771142
2603,1.700871023,0.501188594,0.656468589,2.566253669,0.164267745,-0.061217745
2604,1.585997381,0.652152443,0.601734567,2.690336264,0.145903029,-0.042853029
2605,1.548941367,0.788693599,0.601656079,2.775743764,0.104172585,-0.001122585
2606,1.471123739,0.552806654,0.64926925,2.853386946,0.103467048,-0.000417048
2607,1.471123739,0.481167618,0.731437098,2.900718009,0.136316025,-0.033266025
2608,1.55635257,0.430403533,0.554695117,2.907608076,0.150073998,-0.047023998
2609,1.656403806,0.402886552,0.325937548,2.873481221,0.166301352,-0.063251352
2610,1.823155867,0.441505211,0.091428355,2.873481221,0.180080076,-0.077030076
2611,1.986202327,0.695610296,0.01928958,2.732372768,0.183690766,-0.080640766
2612,2.086253564,0.610782086,0,2.582495781,0.182694714,-0.079644714
2613,2.001024733,0.637824636,0,2.508407787,0.184541561,-0.081491561
2614,1.71939903,0.591899744,0,2.477941296,0.184105788,-0.081055788
2615,1.052390785,0.51504197,0,2.414404339,0.179416041,-0.076366041
2616,0.674419447,0.380493423,0,2.331624762,0.163333946,-0.060283946
2617,0.304482826,0.252776678,0,2.300945489,0.158561195,-0.055511195
2618,0.298453463,0.213683588,0,2.250189338,0.155303273,-0.052253273
2619,0.328600277,0.185502405,0,2.221602541,0.155344775,-0.052294775
2620,0.464260942,0.163583706,0,2.209572202,0.158415937,-0.055365937
2621,0.934551247,0.167189379,0,2.158911817,0.165409055,-0.062359055
2622,2.08917424,0.199735326,0.031089024,2.151323374,0.172215413,-0.069165413
2623,2.680051803,0.352691784,0.180405001,2.221602541,0.173149212,-0.070099212
2624,2.176600002,0.492364183,0.368216145,2.363133205,0.170534574,-0.067484574
2625,1.802779503,0.49217441,0.594484522,2.400201961,0.171281613,-0.068231613
2626,1.802779503,0.605468462,0.758806719,2.488014228,0.157440636,-0.054390636
2627,1.438003049,0.501188594,0.662261002,2.560884937,0.151941597,-0.048891597
2628,1.431973686,0.505743129,0.619176123,2.708192478,0.148891186,-0.045841186
2629,1.329474517,0.567798664,0.645105036,2.833571759,0.140362488,-0.037312488
2630,1.157637674,0.552806654,0.760597158,2.880242353,0.136689545,-0.033639545
2631,1.094329364,0.481167618,0.706321229,2.887035377,0.144803221,-0.041753221
2632,1.055138505,0.564287877,0.545685954,2.963929782,0.151028549,-0.047978549
2633,1.1696964,0.407251315,0.323284556,2.921486874,0.171966399,-0.068916399
2634,1.254107481,0.441505211,0.090196715,2.860053738,0.18624315,-0.08319315
2635,1.434988367,0.549770298,0.019424872,2.744625561,0.190414119,-0.087364119
2636,1.588737121,0.652531988,0,2.604474468,0.185620617,-0.082570617
2637,1.597781165,0.637824636,0,2.560884937,0.183130486,-0.080080486
2638,1.338518561,0.591899744,0,2.513558522,0.181242137,-0.078192137
2639,0.883301663,0.525953876,0,2.438452191,0.178897264,-0.075847264
2640,0.482349031,0.356677002,0,2.414404339,0.169725282,-0.066675282
2641,0.28765641,0.252776678,0,2.331624762,0.163645212,-0.060595212
2642,0.281960244,0.186641038,0,2.318376894,0.157980164,-0.054930164
2643,0.310441076,0.168043355,0,2.250189338,0.158042417,-0.054992417
2644,0.438604823,0.163583706,0,2.233764599,0.161985125,-0.058935125
2645,0.882905813,0.167189379,0,2.221602541,0.161736112,-0.058686112
2646,1.973721705,0.17136437,0.033918569,2.201624101,0.16418474,-0.06113474
2647,2.531946026,0.173546751,0.184938146,2.254333333,0.163645212,-0.060595212
2648,2.05631612,0.492364183,0.395319661,2.345024904,0.16360371,-0.06055371
2649,1.703153795,0.521778886,0.590125351,2.52913843,0.159930767,-0.056880767
2650,1.703153795,0.515990832,0.748869903,2.555538622,0.153435675,-0.050385675
2651,1.358535719,0.501188594,0.661804285,2.661093478,0.15333192,-0.05028192
2652,1.352839553,0.505743129,0.618282916,2.744625561,0.150053247,-0.047003247
2653,1.256004722,0.688398949,0.626532862,2.690336264,0.113801091,-0.010751091
2654,1.093663975,0.640007017,0.671549438,2.744625561,0.106060934,-0.003010934
2655,1.033854227,0.481167618,0.70100878,2.833571759,0.113178558,-0.010128558
2656,0.996829144,0.430403533,0.514801125,2.914530952,0.139532444,-0.036482444
2657,1.105056308,0.402886552,0.302222673,2.860053738,0.159204478,-0.056154478
2658,1.18480264,0.441505211,0.096480725,2.814029885,0.179893316,-0.076843316
2659,1.355687636,0.549770298,0.024328867,2.678562363,0.188982294,-0.085932294
2660,1.500939883,0.751688005,0,2.587955603,0.188671028,-0.085621028
2661,1.509484133,0.587345209,0,2.493081466,0.184686818,-0.081636818
2662,1.264548971,0.591899744,0,2.493081466,0.178918015,-0.075868015
2663,0.834488398,0.51504197,0,2.367704062,0.172609683,-0.069559683
2664,0.455693323,0.380493423,0,2.349525912,0.150717282,-0.047667282
2665,0.281719484,0.252776678,0,2.318376894,0.132850593,-0.029800593
2666,0.276140881,0.186641038,0,2.275284387,0.120026418,-0.016976418
2667,0.304033899,0.176298449,0,2.254333333,0.113821842,-0.010771842
2668,0.429552481,0.168043355,0,2.237848263,0.104483851,-0.001433851
2669,0.864683566,0.167189379,0,2.217577899,0.123803117,-0.020753117
2670,1.932986165,0.199735326,0.033794936,2.151323374,0.103716061,-0.000666061
2671,2.479689323,0.352691784,0.186614152,2.209572202,0.100229878,0.002820122
2672,2.013875918,0.492364183,0.39119171,2.288042991,0.128181597,-0.025131597
2673,1.668002491,0.521778886,0.587714965,2.376899029,0.106434454,-0.003384454
2674,1.668002491,0.570740135,0.743756231,2.482967546,0.08779,0.01526
2675,1.330496971,0.702442098,0.665420085,2.655321041,0.03814,0.06491
2676,1.324918367,0.505743129,0.632311584,2.769463801,0.03097,0.07208
2677,1.230082105,0.567798664,0.631455954,2.853386946,0.01574,0.08731
2678,1.071091901,0.552806654,0.659791997,2.949645783,0.01004,0.09301
2679,1.012516563,0.481167618,0.627459829,2.914530952,0.01308,0.08997
2680,0.976255639,0.430403533,0.507308814,2.900718009,0.0243,0.07875
2681,1.082249108,0.556127669,0.288072348,2.788389522,0.04998,0.05307
2682,1.160349559,0.424141048,0.093209886,2.833571759,0.09266,0.01039
2683,1.327707669,0.549770298,0.029475551,2.696262115,0.124301143,-0.021251143
2684,1.469962062,0.652531988,0,2.566253669,0.128389108,-0.025339108
2685,1.478329967,0.637824636,0,2.560884937,0.099233825,0.003816175
2686,1.23845001,0.591899744,0,2.513558522,0.093112253,0.009937747
2687,0.817265435,0.51504197,0,2.467949597,0.0742,0.02885
2688,0.446288292,0.442169414,0,2.433604374,0.09133,0.01172
2689,0.274857624,0.319861179,0,2.400201961,0.0861,0.01695
2690,0.269414898,0.186641038,0,2.376899029,0.08341,0.01964
2691,0.296628525,0.168043355,0,2.318376894,0.08202,0.02103
2692,0.419089842,0.163583706,0,2.300945489,0.08349,0.01956
2693,0.843622409,0.167189379,0,2.296628518,0.107243746,-0.004193746
2694,1.885904289,0.199735326,0.048768708,2.283774254,0.154161963,-0.051111963
2695,2.41929136,0.222318227,0.170214163,2.296628518,0.173605736,-0.070555736
2696,1.964823805,0.24879146,0.318685426,2.345024904,0.173003954,-0.069953954
2697,1.627374841,0.521778886,0.527376215,2.400201961,0.150966295,-0.047916295
2698,1.627374841,0.515990832,0.608877514,2.498169388,0.127227047,-0.024177047
2699,1.298089965,0.501188594,0.728761725,2.63247957,0.093112253,0.009937747
2700,1.29264724,0.505743129,0.760957932,2.788389522,0.08307,0.01998
2701,1.200120911,0.567798664,0.656837299,2.696262115,0.08308,0.01997
2702,1.045003242,0.673501825,0.694237924,2.678562363,0.08856,0.01449
2703,0.987854627,0.517129465,0.43740557,2.827027714,0.093319764,0.009730236
2704,0.952476914,0.430403533,0.245660061,2.827027714,0.120192427,-0.017142427
2705,1.055888693,0.402886552,0.075577488,2.820513825,0.158540443,-0.055490443
2706,1.132086846,0.441505211,0.041764908,2.814029885,0.173107709,-0.070057709
2707,1.295368602,0.549770298,0.005520379,2.714197339,0.178357735,-0.075307735
2708,1.434158096,0.652531988,0,2.666891068,0.177465439,-0.074415439
2709,1.442322183,0.684603503,0,2.513558522,0.168521718,-0.065471718
2710,1.208284999,0.54625951,0,2.571644958,0.155490033,-0.052440033
2711,0.797359245,0.51504197,0,2.419175889,0.150572025,-0.047522025
2712,0.435418018,0.380493423,0,2.390826172,0.144865474,-0.041815474
2713,0.283216892,0.252776678,0,2.367704062,0.144035431,-0.040985431
2714,0.277608636,0.186641038,0,2.313994329,0.138847658,-0.035797658
2715,0.305649913,0.168043355,0,2.288042991,0.130298209,-0.027248209
2716,0.431835656,0.166145632,0,2.275284387,0.144948479,-0.041898479
2717,0.869279568,0.163868365,0,2.237848263,0.150177754,-0.047127754
2718,1.943260454,0.199735326,0.039262782,2.241946886,0.176261875,-0.073211875
2719,2.492869471,0.352691784,0.197160478,2.292327715,0.182653211,-0.079603211
2720,2.024580156,0.492364183,0.362264939,2.448206,0.184043534,-0.080993534
2721,1.676868328,0.521778886,0.5076204,2.604474468,0.180142329,-0.077092329
2722,1.676868328,0.515990832,0.741075109,2.678562363,0.173667989,-0.070617989
2723,1.337568884,0.619701383,0.75869145,2.814029885,0.164496007,-0.061446007
2724,1.331960629,0.778730555,0.632531228,2.820513825,0.155282522,-0.052232522
2725,1.236620289,0.567798664,0.610170785,2.914530952,0.160532548,-0.057482548
2726,1.076785013,0.552806654,0.663524764,2.907608076,0.158623448,-0.055573448
2727,1.017898333,0.481167618,0.724751171,2.971123786,0.157751902,-0.054701902
2728,0.981444674,0.430403533,0.551382939,3.022476543,0.163645212,-0.060595212
2729,1.088001524,0.402886552,0.309018091,2.942555288,0.178087971,-0.075037971
2730,1.166517098,0.604899145,0.092616385,2.788389522,0.188816285,-0.085766285
2731,1.334764756,0.522063545,0.019424232,2.404917485,0.188567272,-0.085517272
2732,1.477775266,0.652531988,0,2.292327715,0.18510184,-0.08205184
2733,1.486187649,0.637824636,0,2.254333333,0.181076128,-0.078026128
2734,1.245032672,0.591899744,0,2.209572202,0.172111657,-0.069061657
2735,0.821609398,0.51504197,0,2.189808587,0.157378382,-0.054328382
2736,0.448660422,0.380493423,0,2.174250444,0.151402068,-0.048352068
2737,0.320369425,0.277636847,0,2.155110915,0.147210348,-0.044160348
2738,0.314025476,0.236076717,0,2.132583624,0.14953447,-0.04648447
2739,0.345745221,0.168043355,0,2.128874783,0.152501876,-0.049451876
2740,0.488484074,0.163583706,0,2.106889845,0.158000915,-0.054950915
2741,0.983312097,0.167189379,0,2.096066781,0.171675884,-0.068625884
2742,2.198178333,0.199735326,0.041998534,2.103269759,0.184624565,-0.081574565
2743,2.819885336,0.352691784,0.175799616,2.13630541,0.198507045,-0.095457045
2744,2.290165594,0.353925304,0.38520271,2.225641818,0.19309101,-0.09004101
2745,1.896840755,0.422148439,0.515761676,2.381523346,0.185205596,-0.082155596
2746,1.896840755,0.515990832,0.713399049,2.604474468,0.178669002,-0.075619002
2747,1.51303184,0.501188594,0.692232491,2.696262115,0.171177858,-0.068127858
2748,1.506687891,0.505743129,0.638665514,2.696262115,0.166135343,-0.063085343
2749,1.398840757,0.567798664,0.683025319,2.814029885,0.159453492,-0.056403492
2750,1.21803821,0.552806654,0.760145865,2.775743764,0.156361579,-0.053311579
2751,1.151426746,0.612110492,0.671381788,2.99291687,0.158125422,-0.055075422
2752,1.110191077,0.459343806,0.47313236,2.887035377,0.165201544,-0.062151544
2753,1.230726109,0.402886552,0.299971308,2.873481221,0.178565246,-0.075515246
2754,1.319541395,0.441505211,0.081142883,2.794755708,0.188961543,-0.085911543
2755,1.509859865,0.549770298,0.037936163,2.756988739,0.212348023,-0.109298023
2756,1.671630565,0.652531988,0,2.615604701,0.217349036,-0.114299036
2757,1.681146488,0.637824636,0,2.493081466,0.192198713,-0.089148713
2758,1.408356681,0.559164026,0,2.414404339,0.180640356,-0.077590356
2759,0.92938853,0.484393747,0,2.288042991,0.17406226,-0.07101226
2760,0.507515921,0.380493423,0,2.221602541,0.169829037,-0.066779037
2761,1.055561257,0.252776678,0,2.182001783,0.165678819,-0.062628819
2762,1.069729864,0.186641038,0,2.166553982,0.162628408,-0.059578408
2763,1.126404294,0.168043355,0,2.185898214,0.165429806,-0.062379806
2764,1.353102014,0.163583706,0,2.182001783,0.16874998,-0.06569998
2765,2.210302766,0.163773478,0,2.17039539,0.175058312,-0.072008312
2766,3.974294397,0.164247909,0.008448264,2.125178819,0.187425962,-0.084375962
2767,5.029855654,0.352691784,0.028197052,2.121495667,0.204275848,-0.101225848
2768,4.611881733,0.492364183,0.081513836,2.096066781,0.210044652,-0.106994652
2769,4.03805313,0.521778886,0.281829767,2.085354344,0.202906276,-0.099856276
2770,3.662585032,0.515990832,0.201562854,2.088912969,0.196660198,-0.093610198
2771,3.251695415,0.501188594,0.249036154,2.078273345,0.190455622,-0.087405622
2772,3.032082,0.652152443,0.270820133,2.103269759,0.184271796,-0.081221796
2773,2.961238962,0.788693599,0.26193773,2.110522414,0.1805366,-0.0774866
2774,2.812468584,0.552806654,0.195468456,2.103269759,0.176780653,-0.073730653
2775,2.812468584,0.481167618,0.326726798,2.14004021,0.17711267,-0.07406267
2776,2.97540757,0.430403533,0.306933533,2.17039539,0.179084024,-0.076034024
2777,3.166683771,0.402886552,0.245208749,2.178119217,0.187923988,-0.084873988
2778,3.485477439,0.441505211,0.101520365,2.189808587,0.18642991,-0.08337991
2779,3.797186803,0.695610296,0.033500246,2.143788091,0.194854853,-0.091804853
2780,3.988463004,0.610782086,0,2.11782526,0.196099918,-0.093049918
2781,3.825524018,0.637824636,0,2.103269759,0.189355814,-0.086305814
2782,3.287116934,0.591899744,0,2.085354344,0.180142329,-0.077092329
2783,2.011942261,0.51504197,0,2.078273345,0.169932793,-0.066882793
2784,1.28934328,0.380493423,0,2.060779461,0.159494994,-0.056444994
2785,1.747879245,0.252776678,0,2.064254637,0.155510784,-0.052460784
2786,1.811273829,0.213683588,0,2.078273345,0.15333192,-0.05028192
2787,1.91089389,0.185502405,0,2.053864094,0.151236059,-0.048186059
2788,2.209754072,0.163583706,0,2.033393688,0.149970243,-0.046920243
2789,3.079165509,0.167189379,0.002872425,2.040171667,0.14857992,-0.04552992
2790,4.528184573,0.199735326,0.046838856,2.067741554,0.149119448,-0.046069448
2791,5.678343454,0.352691784,0.218829959,2.11416753,0.15943274,-0.05638274
2792,5.207412259,0.492364183,0.431652203,2.205590991,0.170285561,-0.067235561
2793,4.754593801,0.49217441,0.594951493,2.189808587,0.166529614,-0.063479614
2794,4.383282666,0.605468462,0.721473211,2.182001783,0.160885317,-0.057835317
2795,4.048197008,0.501188594,0.653585366,2.189808587,0.15943274,-0.05638274
2796,3.930464209,0.505743129,0.602095503,2.24606055,0.156299326,-0.053249326
2797,3.848956887,0.567798664,0.60659407,2.300945489,0.150945544,-0.047895544
2798,3.876125994,0.552806654,0.653684861,2.305278719,0.144823972,-0.041773972
2799,4.011971531,0.481167618,0.736942498,2.372292636,0.150779535,-0.047729535
2800,4.229324391,0.564287877,0.552479267,2.217577899,0.15733688,-0.05428688
2801,4.401395405,0.407251315,0.308867603,2.182001783,0.161736112,-0.058686112
2802,4.654973741,0.441505211,0.094903591,2.155110915,0.171945648,-0.068895648
2803,4.781762909,0.549770298,0.030059955,2.143788091,0.175888356,-0.072838356
2804,4.763650171,0.652531988,0,2.088912969,0.174498033,-0.071448033
2805,4.482902727,0.637824636,0,2.081807823,0.171136356,-0.068086356
2806,3.81273141,0.591899744,0,2.092483761,0.168500967,-0.065450967
2807,2.499557884,0.525953876,0,2.085354344,0.158561195,-0.055511195
2808,1.929006628,0.356677002,0,2.078273345,0.157876409,-0.054826409
2809,2.060333222,0.252776678,0,2.023310744,0.15333192,-0.05028192
2810,2.135060334,0.186641038,0,2.036777038,0.155303273,-0.052253273
2811,2.252488652,0.168043355,0,2.043577629,0.153228164,-0.050178164
2812,2.604773608,0.163583706,0,2.036777038,0.154327972,-0.051277972
2813,3.629602568,0.167189379,0.002839227,2.019971947,0.155220269,-0.052170269
2814,5.337650835,0.17136437,0.046388382,2.036777038,0.156776601,-0.053726601
2815,6.693414147,0.173546751,0.129368466,2.053864094,0.158747954,-0.055697954
2816,6.13829846,0.492364183,0.395249384,2.064254637,0.159557247,-0.056507247
2817,5.604533377,0.521778886,0.545517579,2.036777038,0.164454504,-0.061404504
2818,5.166846008,0.515990832,0.707684927,2.078273345,0.164599762,-0.061549762
2819,4.771859847,0.501188594,0.722703378,2.088912969,0.166778627,-0.063728627
2820,4.633080925,0.505743129,0.622156111,2.197671454,0.160698557,-0.057648557
2821,4.53700321,0.688398949,0.736579552,2.166553982,0.15829143,-0.05524143
2822,4.569029115,0.640007017,0.626404191,2.254333333,0.156133317,-0.053083317
2823,4.72915864,0.481167618,0.687347655,2.178119217,0.154825998,-0.051775998
2824,4.98536588,0.430403533,0.432869069,2.185898214,0.158913963,-0.055863963
2825,5.188196612,0.402886552,0.320672471,2.201624101,0.166737124,-0.063687124
2826,5.487105059,0.441505211,0.075946754,2.189808587,0.179540548,-0.076490548
2827,5.636559282,0.549770298,0.02711542,2.143788091,0.187093945,-0.084043945
2828,5.615208679,0.751688005,0,2.11416753,0.19213646,-0.08908646
2829,5.284274327,0.587345209,0,2.103269759,0.188650277,-0.085600277
2830,4.494302003,0.591899744,0,2.088912969,0.192157211,-0.089107211
2831,2.946383261,0.51504197,0,2.064254637,0.185516862,-0.082466862
2832,2.273839256,0.380493423,0,2.067741554,0.173003954,-0.069953954
2833,2.142043009,0.252776678,0,2.064254637,0.168210452,-0.065160452
2834,2.219733688,0.186641038,0,2.060779461,0.166861631,-0.063811631
2835,2.341819041,0.176298449,0,2.040171667,0.16569957,-0.06264957
2836,2.7080751,0.168043355,0,2.030021559,0.163977229,-0.060927229
2837,3.77354727,0.167189379,0,2.040171667,0.16893674,-0.06588674
2838,5.549334221,0.199735326,0.025298344,2.030021559,0.190206609,-0.087156609
2839,6.958865113,0.352691784,0.165731092,2.064254637,0.202553508,-0.099503508
2840,6.381734354,0.492364183,0.270499966,2.081807823,0.210729438,-0.107679438
2841,5.826800932,0.521778886,0.542790845,2.110522414,0.199503097,-0.096453097
2842,5.371755526,0.570740135,0.691069386,2.13630541,0.190559377,-0.087509377
2843,4.961104793,0.702442098,0.740555864,2.209572202,0.187695726,-0.084645726
2844,4.816822104,0.505743129,0.652917879,2.225641818,0.184479307,-0.081429307
2845,4.716934088,0.567798664,0.589310427,2.217577899,0.182279692,-0.079229692
2846,4.750230093,0.552806654,0.58475926,2.205590991,0.177444687,-0.074394687
2847,4.91671012,0.481167618,0.621443018,2.205590991,0.17483005,-0.07178005
2848,5.183078162,0.430403533,0.526003731,2.213567812,0.175846853,-0.072796853
2849,5.393952863,0.556127669,0.223315104,2.17039539,0.181034626,-0.077984626
2850,5.704715579,0.424141048,0.091308942,2.17039539,0.186367657,-0.083317657
2851,5.860096937,0.549770298,0.026965491,2.147549123,0.190746137,-0.087696137
2852,5.8378996,0.652531988,0,2.13630541,0.192260967,-0.089210967
2853,5.493840879,0.637824636,0,2.132583624,0.190185857,-0.087135857
2854,4.672539414,0.591899744,0,2.132583624,0.186139395,-0.083089395
2855,3.06323249,0.51504197,0,2.132583624,0.172796443,-0.069746443
2856,2.364016378,0.442169414,0,2.132583624,0.16360371,-0.06055371
2857,2.042873127,0.319861179,0,2.128874783,0.167899186,-0.064849186
2858,2.116966971,0.186641038,0,2.11782526,0.165678819,-0.062628819
2859,2.233400154,0.168043355,0,2.11416753,0.166176845,-0.063126845
2860,2.582699705,0.163583706,0,2.099662093,0.164516758,-0.061466758
2861,3.598843851,0.167189379,0.002849936,2.092483761,0.169912041,-0.066862041
2862,5.292417427,0.199735326,0.034029574,2.085354344,0.187716478,-0.084666478
2863,6.636691454,0.222318227,0.230961489,2.106889845,0.201246189,-0.098196189
2864,6.086280041,0.24879146,0.453746229,2.11782526,0.217556547,-0.114506547
2865,5.557038299,0.521778886,0.650890183,2.125178819,0.199855866,-0.096805866
2866,5.12306007,0.515990832,0.71009269,2.128874783,0.191472425,-0.088422425
2867,4.73142118,0.501188594,0.625354518,2.158911817,0.186118644,-0.083068644
2868,4.593818327,0.505743129,0.678611227,2.178119217,0.177818207,-0.074768207
2869,4.498554813,0.567798664,0.576425006,2.201624101,0.168770731,-0.065720731
2870,4.530309318,0.673501825,0.699173906,2.229695811,0.165637317,-0.062587317
2871,4.689081841,0.517129465,0.55632052,2.266857407,0.165554312,-0.062504312
2872,4.943117877,0.430403533,0.404131978,2.237848263,0.166384356,-0.063334356
2873,5.144229739,0.402886552,0.315026575,2.225641818,0.178752006,-0.075702006
2874,5.440605115,0.441505211,0.052470979,2.209572202,0.190766888,-0.087716888
2875,5.588792803,0.549770298,0.008348668,2.217577899,0.205935936,-0.102885936
2876,5.567623134,0.652531988,0,2.182001783,0.200457648,-0.097407648
2877,5.239493253,0.684603503,0,2.143788091,0.194128565,-0.091078565
2878,4.456215474,0.54625951,0,2.11416753,0.18908605,-0.08603605
2879,2.92141442,0.51504197,0,2.11782526,0.183130486,-0.080080486
2880,2.254569824,0.380493423,0,2.106889845,0.171904146,-0.068854146
2881,1.622117814,0.252776678,0,2.099662093,0.166093841,-0.063043841
2882,1.680951103,0.186641038,0,2.096066781,0.160781561,-0.057731561
2883,1.773403414,0.168043355,0,2.081807823,0.1577104,-0.0546604
2884,2.050760346,0.166145632,0,2.078273345,0.154390225,-0.051340225
2885,2.857616875,0.163868365,0,2.071240271,0.154722243,-0.051672243
2886,4.202377758,0.199735326,0.007150438,2.074750847,0.150136252,-0.047086252
2887,5.269781708,0.352691784,0.019928418,2.060779461,0.150323011,-0.047273011
2888,4.832734421,0.492364183,0.045461078,2.071240271,0.157170871,-0.054120871
2889,4.412496646,0.521778886,0.070759079,2.166553982,0.154058208,-0.051008208
2890,4.067901669,0.515990832,0.124543844,2.275284387,0.152979151,-0.049929151
2891,3.756925715,0.619701383,0.188353256,2.358579961,0.152501876,-0.049451876
2892,3.647663894,0.778730555,0.405580417,2.414404339,0.136876304,-0.033826304
2893,3.572021094,0.567798664,0.631081252,2.513558522,0.103218035,-0.000168035
2894,3.597235361,0.552806654,0.704451446,2.566253669,0.09059,0.01246
2895,3.723306693,0.481167618,0.688089213,2.610027719,0.09023,0.01282
2896,3.925020826,0.430403533,0.476699044,2.63247957,0.097158716,0.005891284
2897,4.084711181,0.402886552,0.306062636,2.649573593,0.13374289,-0.03069289
2898,4.320044335,0.604899145,0.146255639,2.63247957,0.154576985,-0.051526985
2899,4.437710912,0.522063545,0.05287997,2.610027719,0.164662015,-0.061612015
2900,4.420901401,0.652531988,0.002815666,2.395504892,0.170347814,-0.067297814
2901,4.16035398,0.637824636,0,2.300945489,0.161943622,-0.058893622
2902,3.538402072,0.591899744,0,2.254333333,0.166052338,-0.063002338
2903,2.319712522,0.51504197,0,2.201624101,0.155220269,-0.052170269
2904,1.790212925,0.380493423,0,2.162726148,0.157751902,-0.054701902
2905,1.103859573,0.277636847,0,2.14004021,0.150468269,-0.047418269
2906,1.11867648,0.236076717,0,2.125178819,0.149513719,-0.046463719
2907,1.177944108,0.168043355,0,2.103269759,0.146401055,-0.043351055
2908,1.415014621,0.163583706,0,2.067741554,0.149015693,-0.045965693
2909,2.311437496,0.167189379,0,2.046994983,0.159308234,-0.056258234
2910,4.15614242,0.199735326,0.031136877,2.053864094,0.179685805,-0.076635805
2911,5.260001993,0.352691784,0.11740978,2.128874783,0.187508967,-0.084458967
2912,4.822903236,0.353925304,0.280061684,2.237848263,0.190953648,-0.087903648
2913,4.222818502,0.422148439,0.347700751,2.322776091,0.182902224,-0.079852224
2914,3.830170466,0.515990832,0.498010193,2.395504892,0.175431832,-0.072381832
2915,3.400480162,0.501188594,0.451833004,2.482967546,0.170493072,-0.067443072
2916,3.170818103,0.505743129,0.540948928,2.52913843,0.158249928,-0.055199928
2917,3.096733568,0.567798664,0.434231481,2.638153017,0.159245981,-0.056195981
2918,2.941156044,0.552806654,0.58197399,2.708192478,0.164267745,-0.061217745
2919,2.941156044,0.612110492,0.425632554,2.534374741,0.169829037,-0.066779037
2920,3.111550475,0.459343806,0.252807594,2.363133205,0.170825089,-0.067775089
2921,3.31157872,0.402886552,0.111736242,2.409651575,0.176905159,-0.073855159
2922,3.644959128,0.441505211,0.052450631,2.376899029,0.188463517,-0.085413517
2923,3.970931082,0.549770298,0.01950112,2.354044231,0.190953648,-0.087903648
2924,4.170959327,0.652531988,0,2.331624762,0.19136867,-0.08831867
2925,4.000564896,0.637824636,0,2.185898214,0.187799482,-0.084749482
2926,3.437522429,0.559164026,0,2.182001783,0.185848879,-0.082798879
2927,2.104000797,0.484393747,0,2.189808587,0.179602801,-0.076552801
2928,1.348338539,0.380493423,0,2.193732975,0.162130382,-0.059080382
2929,1.595958054,0.252776678,0,2.201624101,0.165471308,-0.062421308
2930,1.653842543,0.186641038,0,2.193732975,0.162773666,-0.059723666
2931,1.744803883,0.168043355,0,2.178119217,0.160449544,-0.057399544
2932,2.017687903,0.163583706,0,2.166553982,0.161736112,-0.058686112
2933,2.811532324,0.163773478,0,2.162726148,0.167670924,-0.064620924
2934,4.134606359,0.164247909,0.01128233,2.14004021,0.180100827,-0.077050827
2935,5.184796374,0.352691784,0.02808996,2.14004021,0.190559377,-0.087509377
2936,4.754797312,0.492364183,0.053223837,2.155110915,0.197012966,-0.093962966
2937,4.341336676,0.521778886,0.111720107,2.174250444,0.192530731,-0.089480731
2938,4.002298955,0.515990832,0.190043943,2.174250444,0.190372617,-0.087322617
2939,3.696338085,0.501188594,0.575438867,2.189808587,0.18948032,-0.08643032
2940,3.588838319,0.652152443,0.665563279,2.193732975,0.183732268,-0.080682268
2941,3.514415405,0.788693599,0.370377002,2.217577899,0.175722347,-0.072672347
2942,3.539223043,0.552806654,0.345729823,2.197671454,0.1691235,-0.0660735
2943,3.663261234,0.481167618,0.368671576,2.250189338,0.166944635,-0.063894635
2944,3.861722339,0.430403533,0.199205278,2.262667283,0.16665412,-0.06360412
2945,4.018837381,0.402886552,0.177180785,2.27106308,0.173750993,-0.070700993
2946,4.250375337,0.441505211,0.074322393,2.250189338,0.180225334,-0.077175334
2947,4.366144315,0.695610296,0.013868363,2.225641818,0.184271796,-0.081221796
2948,4.349605889,0.610782086,0,2.205590991,0.185537613,-0.082487613
2949,4.093260295,0.637824636,0,2.158911817,0.186263901,-0.083213901
2950,3.481338554,0.591899744,0,2.128874783,0.1871977,-0.0841477
2951,2.28230271,0.51504197,0,2.143788091,0.180225334,-0.077175334
2952,1.761342309,0.380493423,0,2.14004021,0.175473334,-0.072423334
2953,1.959442258,0.252776678,0,2.13630541,0.169351762,-0.066301762
2954,2.030510112,0.213683588,0,2.128874783,0.16684088,-0.06379088
2955,2.142188168,0.185502405,0,2.125178819,0.165471308,-0.062421308
2956,2.477222337,0.163583706,0,2.121495667,0.165637317,-0.062587317
2957,3.451867191,0.167189379,0.002797461,2.11416753,0.164662015,-0.061612015
2958,5.07627528,0.199735326,0.019568588,2.125178819,0.166903133,-0.063853133
2959,6.365649201,0.352691784,0.036274572,2.13630541,0.177859709,-0.074809709
2960,5.837716572,0.492364183,0.24082812,2.174250444,0.18642991,-0.08337991
2961,5.330089044,0.49217441,0.24212043,2.205590991,0.186575168,-0.083525168
2962,4.913834471,0.605468462,0.241086536,2.233764599,0.183566259,-0.080516259
2963,4.538190101,0.501188594,0.449597808,2.241946886,0.181553404,-0.078503404
2964,4.406206943,0.505743129,0.478682677,2.237848263,0.177216425,-0.074166425
2965,4.314833988,0.567798664,0.303277019,2.174250444,0.169787535,-0.066737535
2966,4.34529164,0.552806654,0.317395159,2.241946886,0.165575063,-0.062525063
2967,4.497579898,0.481167618,0.322592827,2.233764599,0.161528601,-0.058478601
2968,4.741241112,0.564287877,0.174933647,2.016644152,0.160864566,-0.057814566
2969,4.934139572,0.407251315,0.209370379,1.983959481,0.163831972,-0.060781972
2970,5.218410988,0.441505211,0.127301507,1.996905383,0.178959517,-0.075909517
2971,5.360546696,0.549770298,0.0329199,1.987180195,0.186160146,-0.083110146
2972,5.340241595,0.652531988,0,1.964852327,0.186035639,-0.082985639
2973,5.025512527,0.637824636,0,1.961703526,0.187467464,-0.084417464
2974,4.274223786,0.591899744,0,1.955436102,0.18833901,-0.08528901
2975,2.802103955,0.525953876,0,1.961703526,0.184977334,-0.081927334
2976,2.162493269,0.356677002,0,1.961703526,0.16607309,-0.06302309
2977,2.363178859,0.252776678,0,1.964852327,0.159494994,-0.056444994
2978,2.448890009,0.186641038,0,1.964852327,0.153311169,-0.050261169
2979,2.58357896,0.168043355,0,1.961703526,0.153020653,-0.049970653
2980,2.987645811,0.163583706,0,1.9585648,0.153311169,-0.050261169
2981,4.163113016,0.167189379,0.002793177,1.9585648,0.151028549,-0.047978549
2982,6.122225023,0.17136437,0.068489041,1.964852327,0.151256811,-0.048206811
2983,7.677270179,0.173546751,0.135983729,1.980749191,0.153248915,-0.050198915
2984,7.040558777,0.492364183,0.428249349,1.993653094,0.15675585,-0.05370585
2985,6.428336274,0.521778886,0.594649912,2.016644152,0.155905055,-0.052855055
2986,5.926313822,0.515990832,0.687133848,2.046994983,0.152107605,-0.049057605
2987,5.473269171,0.501188594,0.584578397,2.057315966,0.152667885,-0.049617885
2988,5.31409132,0.505743129,0.648468407,2.081807823,0.151339815,-0.048289815
2989,5.20389127,0.688398949,0.631282259,2.110522414,0.14783288,-0.04478288
2990,5.24062462,0.640007017,0.681190804,2.11782526,0.126500759,-0.023450759
2991,5.424291371,0.481167618,0.527408008,2.132583624,0.125649964,-0.022599964
2992,5.718158172,0.430403533,0.437858337,2.162726148,0.13812137,-0.03507137
2993,5.950802723,0.402886552,0.253087793,2.125178819,0.15675585,-0.05370585
2994,6.293647324,0.441505211,0.097231081,2.110522414,0.16036654,-0.05731654
2995,6.465069625,0.549770298,0.027068198,2.096066781,0.172879447,-0.069829447
2996,6.440580724,0.751688005,0.002725709,2.078273345,0.178793508,-0.075743508
2997,6.061002773,0.587345209,0,2.040171667,0.178772757,-0.075722757
2998,5.15491347,0.591899744,0,2.00672623,0.18091012,-0.07786012
2999,3.379468213,0.51504197,0,2.00672623,0.175452583,-0.072402583
3000,2.60806786,0.380493423,0,2.000168301,0.171696635,-0.068646635
3001,2.390557843,0.252776678,0,1.990411382,0.165658068,-0.062608068
3002,2.477262013,0.186641038,0,1.980749191,0.16551281,-0.06246281
3003,2.613511424,0.176298449,0,1.964852327,0.162234138,-0.059184138
3004,3.022259656,0.168043355,0,1.955436102,0.161673858,-0.058623858
3005,4.211345423,0.167189379,0.005601769,1.936871835,0.168480216,-0.065430216
3006,6.193155033,0.199735326,0.045776554,1.955436102,0.188193753,-0.085143753
3007,7.766216412,0.352691784,0.08263751,1.993653094,0.200187883,-0.097137883
3008,7.122128288,0.492364183,0.139923512,2.019971947,0.194398329,-0.091348329
3009,6.502812785,0.521778886,0.246193108,2.081807823,0.186886434,-0.083836434
3010,5.994974072,0.570740135,0.592334906,2.178119217,0.185911133,-0.082861133
3011,5.5366806,0.702442098,0.672337377,2.162726148,0.186512914,-0.083462914
3012,5.375658569,0.505743129,0.637236173,2.213567812,0.185184844,-0.082134844
3013,5.264181778,0.567798664,0.642050524,2.14004021,0.184749072,-0.081699072
3014,5.301340708,0.552806654,0.674949387,2.158911817,0.180370591,-0.077320591
3015,5.487135359,0.481167618,0.675964144,2.217577899,0.178316233,-0.075266233
3016,5.784406801,0.430403533,0.516186765,2.205590991,0.178461491,-0.075411491
3017,6.019746692,0.556127669,0.327208515,2.185898214,0.184085037,-0.081035037
3018,6.366563374,0.424141048,0.124695983,2.17039539,0.190974399,-0.087924399
3019,6.539971715,0.549770298,0.055276947,2.166553982,0.205935936,-0.102885936
3020,6.515199095,0.652531988,0.002728922,2.147549123,0.209546625,-0.106496625
3021,6.131223483,0.637824636,0,2.132583624,0.209546625,-0.106496625
3022,5.214636538,0.591899744,0,2.110522414,0.207181001,-0.104131001
3023,3.418621578,0.51504197,0,2.081807823,0.187114696,-0.084064696
3024,2.638284044,0.442169414,0,2.046994983,0.180868618,-0.077818618
3025,2.108752738,0.319861179,0,1.996905383,0.178087971,-0.075037971
3026,2.185235998,0.186641038,0,1.977549273,0.177714452,-0.074664452
3027,2.305423978,0.168043355,0,1.964852327,0.176116618,-0.073066618
3028,2.665987918,0.163583706,0,1.9585648,0.176116618,-0.073066618
3029,3.714901197,0.167189379,0.005657457,1.949208599,0.18167791,-0.07862791
3030,5.463089995,0.199735326,0.06336041,1.974359677,0.200104879,-0.097054879
3031,6.850714854,0.222318227,0.231587117,2.019971947,0.217888564,-0.114838564
3032,6.282553495,0.24879146,0.43580179,2.081807823,0.225649472,-0.122599472
3033,5.736244495,0.521778886,0.61722346,2.11416753,0.212431027,-0.109381027
3034,5.288271116,0.515990832,0.766503637,2.205590991,0.198071272,-0.095021272
3035,4.884002456,0.501188594,0.657921096,2.27106308,0.199295586,-0.096245586
3036,4.741962116,0.505743129,0.617333075,2.262667283,0.191845945,-0.088795945
3037,4.643626496,0.567798664,0.620222858,2.386165692,0.19460584,-0.09155584
3038,4.676405036,0.673501825,0.656296944,2.372292636,0.192655237,-0.089605237
3039,4.840297736,0.517129465,0.531051994,2.419175889,0.190102853,-0.087052853
3040,5.102526056,0.430403533,0.546521013,2.381523346,0.190787639,-0.087737639
3041,5.310123476,0.402886552,0.291229606,2.367704062,0.19460584,-0.09155584
3042,5.616056515,0.441505211,0.078152844,2.363133205,0.212265018,-0.109215018
3043,5.769023035,0.549770298,0.043384222,2.305278719,0.227911341,-0.124861341
3044,5.747170675,0.652531988,0.005629239,2.27106308,0.235423236,-0.132373236
3045,5.408459096,0.684603503,0,2.237848263,0.207181001,-0.104131001
3046,4.599921776,0.54625951,0,2.205590991,0.198839062,-0.095789062
3047,3.015625678,0.51504197,0,2.197671454,0.18642991,-0.08337991
3048,2.327276338,0.380493423,0,2.182001783,0.18472832,-0.08167832
3049,1.896085823,0.252776678,0,2.14004021,0.174041509,-0.070991509
3050,1.964855775,0.186641038,0,2.143788091,0.167670924,-0.064620924
3051,2.072922843,0.168043355,0,2.13630541,0.167318155,-0.064268155
3052,2.397124046,0.166145632,0,2.14004021,0.165844828,-0.062794828
3053,3.340254818,0.163868365,0.005644606,2.17039539,0.16874998,-0.06569998
3054,4.912139438,0.199735326,0.065633945,2.155110915,0.185039587,-0.081989587
3055,6.159822855,0.352691784,0.229507342,2.162726148,0.195643394,-0.092593394
3056,5.648960354,0.492364183,0.433123077,2.178119217,0.194771849,-0.091721849
3057,5.15774641,0.521778886,0.62033719,2.205590991,0.188920041,-0.085870041
3058,4.754950976,0.515990832,0.766126677,2.205590991,0.185724373,-0.082674373
3059,4.391452657,0.619701383,0.652719579,2.254333333,0.183317246,-0.080267246
3060,4.263737032,0.778730555,0.605078431,2.275284387,0.182009928,-0.078959928
3061,4.175318522,0.567798664,0.611751457,2.288042991,0.172298417,-0.069248417
3062,4.204791359,0.552806654,0.653622887,2.250189338,0.167297404,-0.064247404
3063,4.352155542,0.481167618,0.702096576,2.283774254,0.165471308,-0.062421308
3064,4.587938235,0.430403533,0.512708843,2.25849262,0.164392251,-0.061342251
3065,4.774599534,0.402886552,0.267068113,2.25849262,0.166903133,-0.063853133
3066,5.049679342,0.604899145,0.090931691,2.233764599,0.170555325,-0.067505325
3067,5.187219246,0.522063545,0.039336193,2.233764599,0.174373526,-0.071323526
3068,5.167570689,0.652531988,0.002856794,2.185898214,0.175245072,-0.072195072
3069,4.863018044,0.637824636,0,2.147549123,0.171924897,-0.068874897
3070,4.136021407,0.591899744,0,2.14004021,0.166176845,-0.063126845
3071,2.71150097,0.51504197,0,2.147549123,0.160657055,-0.057607055
3072,2.092571401,0.380493423,0,2.13630541,0.163437701,-0.060387701
3073,1.621980016,0.277636847,0,2.103269759,0.159474243,-0.056424243
3074,1.680808307,0.236076717,0,2.096066781,0.155842802,-0.052792802
3075,1.773252764,0.168043355,0,2.064254637,0.156735099,-0.053685099
3076,2.050586135,0.163583706,0,2.092483761,0.161736112,-0.058686112
3077,2.857374122,0.167189379,0.005621045,2.085354344,0.169974295,-0.066924295
3078,4.202020768,0.199735326,0.065564979,2.106889845,0.188484268,-0.085434268
3079,5.269334043,0.352691784,0.230911306,2.185898214,0.196639447,-0.093589447
3080,4.832323883,0.353925304,0.434124615,2.221602541,0.206475464,-0.103425464
3081,4.412121806,0.422148439,0.60048689,2.24606055,0.201349944,-0.098299944
3082,4.067556103,0.515990832,0.728287579,2.209572202,0.1967017,-0.0936517
3083,3.756606566,0.501188594,0.704477867,2.254333333,0.196660198,-0.093610198
3084,3.647354026,0.505743129,0.754820038,2.400201961,0.194834102,-0.091784102
3085,3.571717653,0.567798664,0.648402265,2.448206,0.192157211,-0.089107211
3086,3.596929777,0.552806654,0.658789312,2.503278119,0.188006993,-0.084956993
3087,3.7229904,0.612110492,0.732598194,2.488014228,0.187114696,-0.084064696
3088,3.924687397,0.459343806,0.500398053,2.488014228,0.187550469,-0.084500469
3089,4.084364186,0.402886552,0.272851674,2.433604374,0.196203674,-0.093153674
3090,4.319677349,0.441505211,0.108195757,2.409651575,0.196763953,-0.093713953
3091,4.437333931,0.549770298,0.057561415,2.27106308,0.207284756,-0.104234756
3092,4.420525848,0.652531988,0.002746057,2.25849262,0.207679027,-0.104629027
3093,4.16000056,0.637824636,0,2.233764599,0.196597945,-0.093547945
3094,3.538101486,0.559164026,0,2.237848263,0.194875604,-0.091825604
3095,2.319515464,0.484393747,0,2.237848263,0.184354801,-0.081304801
3096,1.790060847,0.380493423,0,2.233764599,0.176261875,-0.073211875
3097,1.046765957,0.252776678,0,2.241946886,0.173626487,-0.070576487
3098,1.060816506,0.186641038,0,2.237848263,0.170949596,-0.067899596
3099,1.117018705,0.168043355,0,2.237848263,0.170347814,-0.067297814
3100,1.341827501,0.163583706,0,2.205590991,0.170181806,-0.067131806
3101,2.191885762,0.163773478,0.00280817,2.17039539,0.174020757,-0.070970757
3102,3.941179206,0.164247909,0.05925066,2.174250444,0.191887447,-0.088837447
3103,4.987945163,0.352691784,0.090708112,2.193732975,0.206309455,-0.103259455
3104,4.573453945,0.492364183,0.15364907,2.233764599,0.209608879,-0.106558879
3105,4.00440668,0.521778886,0.354558698,2.237848263,0.20317604,-0.10012604
3106,3.632067111,0.515990832,0.330880426,2.275284387,0.196431936,-0.093381936
3107,3.224601168,0.501188594,0.255255721,2.340541109,0.190434871,-0.087384871
3108,3.006817647,0.652152443,0.311292506,2.363133205,0.181657159,-0.078607159
3109,2.936564899,0.788693599,0.267562281,2.458038153,0.170866592,-0.067816592
3110,2.789034126,0.552806654,0.291856711,2.400201961,0.170036548,-0.066986548
3111,2.789034126,0.481167618,0.303969613,2.518730453,0.169953544,-0.066903544
3112,2.950615448,0.430403533,0.224937677,2.493081466,0.170617579,-0.067567579
3113,3.14029787,0.402886552,0.061193866,2.534374741,0.181657159,-0.078607159
3114,3.456435239,0.441505211,0.033738712,2.493081466,0.194522835,-0.091472835
3115,3.765547334,0.695610296,0.028132797,2.376899029,0.197801508,-0.094751508
3116,3.955229756,0.610782086,0.002816737,2.345024904,0.200914172,-0.097864172
3117,3.793648434,0.637824636,0,2.27106308,0.199814364,-0.096764364
3118,3.259727543,0.591899744,0,2.27106308,0.199337089,-0.096287089
3119,1.995178065,0.51504197,0,2.262667283,0.193630539,-0.090580539
3120,1.278600028,0.380493423,0,2.25849262,0.184479307,-0.081429307
3121,1.07099155,0.252776678,0,2.24606055,0.176054364,-0.073004364
3122,1.085367275,0.213683588,0,2.233764599,0.17177964,-0.06872964
3123,1.142870177,0.185502405,0,2.233764599,0.168832985,-0.065782985
3124,1.372881785,0.163583706,0,2.225641818,0.170161055,-0.067111055
3125,2.242613178,0.167189379,0.005698152,2.241946886,0.169476269,-0.066426269
3126,4.032391003,0.199735326,0.07028507,2.262667283,0.170825089,-0.067775089
3127,5.103382553,0.352691784,0.236797059,2.283774254,0.174207517,-0.071157517
3128,4.679298651,0.492364183,0.441428054,2.327192015,0.180557351,-0.077507351
3129,4.097081768,0.49217441,0.596248109,2.381523346,0.182279692,-0.079229692
3130,3.716125042,0.605468462,0.685936706,2.349525912,0.174394277,-0.071344277
3131,3.299229003,0.501188594,0.684132473,2.354044231,0.173398225,-0.070348225
3132,3.076405257,0.505743129,0.623110564,2.275284387,0.169517771,-0.066467771
3133,3.00452663,0.567798664,0.630196037,2.367704062,0.168210452,-0.065160452
3134,2.853581512,0.552806654,0.68769148,2.354044231,0.162379395,-0.059329395
3135,2.853581512,0.481167618,0.723410914,2.358579961,0.159640251,-0.056590251
3136,3.018902355,0.564287877,0.539996297,2.250189338,0.159640251,-0.056590251
3137,3.21297465,0.407251315,0.331224152,2.24606055,0.165056286,-0.062006286
3138,3.536428473,0.441505211,0.086402172,2.217577899,0.170576076,-0.067526076
3139,3.852694434,0.549770298,0.036938799,2.182001783,0.175846853,-0.072796853
3140,4.046766729,0.652531988,0.002890195,2.17039539,0.171655133,-0.068605133
3141,3.881445885,0.637824636,0,2.13630541,0.171094854,-0.068044854
3142,3.335168316,0.591899744,0,2.14004021,0.170368565,-0.067318565
3143,2.041353021,0.525953876,0,2.151323374,0.165720321,-0.062670321
3144,1.308191021,0.356677002,0,2.155110915,0.167297404,-0.064247404
3145,1.649474153,0.252776678,0,2.147549123,0.154390225,-0.051340225
3146,1.70929964,0.186641038,0,2.13630541,0.148455413,-0.045405413
3147,1.80331112,0.168043355,0,2.128874783,0.140071972,-0.037021972
3148,2.085345561,0.163583706,0,2.121495667,0.136440531,-0.033390531
3149,2.905809388,0.167189379,0.005646747,2.11416753,0.135382226,-0.032332226
3150,4.273249101,0.17136437,0.072631398,2.11416753,0.142105579,-0.039055579
3151,5.358654372,0.173546751,0.230582322,2.110522414,0.140860514,-0.037810514
3152,4.914236466,0.492364183,0.421541524,2.147549123,0.148642173,-0.045592173
3153,4.486911556,0.521778886,0.611425504,2.197671454,0.135257719,-0.032207719
3154,4.136505129,0.515990832,0.761455755,2.209572202,0.113655833,-0.010605833
3155,3.820284696,0.501188594,0.651101918,2.24606055,0.109754628,-0.006704628
3156,3.709180219,0.505743129,0.598483509,2.296628518,0.112722034,-0.009672034
3157,3.632261735,0.688398949,0.598745414,2.358579961,0.09254,0.01051
3158,3.65790123,0.640007017,0.649331931,2.209572202,0.07799,0.02506
3159,3.786098703,0.481167618,0.566324507,2.174250444,0.07009,0.03296
3160,3.99121466,0.430403533,0.535338424,2.162726148,0.08451,0.01854
3161,4.153598126,0.402886552,0.250022688,2.166553982,0.113614331,-0.010564331
3162,4.392900075,0.441505211,0.116799464,2.162726148,0.15600881,-0.05295881
3163,4.51255105,0.549770298,0.040158199,2.151323374,0.169663028,-0.066613028
3164,4.495458054,0.751688005,0.002856579,2.143788091,0.176054364,-0.073004364
3165,4.23051661,0.587345209,0,2.13630541,0.177859709,-0.074809709
3166,3.598075743,0.591899744,0,2.128874783,0.180038574,-0.076988574
3167,2.358833503,0.51504197,0,2.11782526,0.16779543,-0.06474543
3168,1.820404117,0.380493423,0,2.110522414,0.167110644,-0.064060644
3169,1.658927581,0.252776678,0,2.103269759,0.154763745,-0.051713745
3170,1.719095939,0.186641038,0,2.064254637,0.153995955,-0.050945955
3171,1.813646216,0.176298449,0,2.081807823,0.154078959,-0.051028959
3172,2.097297046,0.168043355,0,2.071240271,0.15619557,-0.05314557
3173,2.922463097,0.167189379,0.005586776,2.053864094,0.167193648,-0.064143648
3174,4.297739848,0.199735326,0.057611734,2.081807823,0.188837036,-0.085787036
3175,5.389365769,0.352691784,0.248447365,2.143788091,0.203051534,-0.100001534
3176,4.942400825,0.492364183,0.185337796,2.189808587,0.203051534,-0.100001534
3177,4.51262684,0.521778886,0.40919755,2.262667283,0.191119657,-0.088069657
3178,4.160212173,0.570740135,0.361719195,2.305278719,0.176054364,-0.073004364
3179,3.842179424,0.702442098,0.390401478,2.275284387,0.169206504,-0.066156504
3180,3.730438188,0.505743129,0.53339271,2.318376894,0.165056286,-0.062006286
3181,3.653078871,0.567798664,0.514443874,2.283774254,0.160989072,-0.057939072
3182,3.67886531,0.552806654,0.656713691,2.305278719,0.158063168,-0.055013168
3183,3.807797505,0.481167618,0.657528841,2.345024904,0.15733688,-0.05428688
3184,4.014089018,0.430403533,0.400152562,2.322776091,0.159577998,-0.056527998
3185,4.177403132,0.556127669,0.227016979,2.363133205,0.167857683,-0.064807683
3186,4.418076564,0.424141048,0.041411811,2.358579961,0.183524757,-0.080474757
3187,4.538413279,0.549770298,0.052715149,2.336074427,0.194626591,-0.091576591
3188,4.52122232,0.652531988,0.005601769,2.25849262,0.194647342,-0.091597342
3189,4.254762449,0.637824636,0,2.182001783,0.191845945,-0.088795945
3190,3.618696952,0.591899744,0,2.178119217,0.190331115,-0.087281115
3191,2.372352396,0.51504197,0,2.162726148,0.178669002,-0.075619002
3192,1.830837175,0.442169414,0,2.121495667,0.172609683,-0.069559683
3193,1.640887167,0.319861179,0,2.155110915,0.167401159,-0.064351159
3194,1.70040121,0.186641038,0,2.13630541,0.166342854,-0.063292854
3195,1.793923276,0.168043355,0,2.106889845,0.165595814,-0.062545814
3196,2.074489476,0.163583706,0,2.092483761,0.166923884,-0.063873884
3197,2.890682056,0.167189379,0.005691726,2.078273345,0.173543482,-0.070493482
3198,4.251003024,0.199735326,0.028357691,2.081807823,0.193547534,-0.090497534
3199,5.330757792,0.222318227,0.056479095,2.128874783,0.206682975,-0.103632975
3200,4.888653478,0.24879146,0.076084208,2.205590991,0.208280809,-0.105230809
3201,4.463553175,0.521778886,0.145623413,2.279521415,0.190538626,-0.087488626
3202,4.114970927,0.515990832,0.136731698,2.300945489,0.177527692,-0.074477692
3203,3.800396704,0.501188594,0.142646377,2.340541109,0.168376461,-0.065326461
3204,3.689870625,0.505743129,0.22163577,2.292327715,0.164143238,-0.061093238
3205,3.613352571,0.567798664,0.313751476,2.414404339,0.16360371,-0.06055371
3206,3.638858589,0.673501825,0.158215715,2.395504892,0.163271692,-0.060221692
3207,3.766388679,0.517129465,0.187460663,2.313994329,0.163686714,-0.060636714
3208,3.970436825,0.430403533,0.116635515,2.400201961,0.165533561,-0.062483561
3209,4.131974939,0.402886552,0.074729709,2.331624762,0.17045157,-0.06740157
3210,4.370031109,0.441505211,0.050418789,2.275284387,0.184251045,-0.081201045
3211,4.489059194,0.549770298,0.008545895,2.275284387,0.192468477,-0.089418477
3212,4.472055181,0.652531988,0,2.229695811,0.193589036,-0.090539036
3213,4.208492994,0.684603503,0,2.182001783,0.193402277,-0.090352277
3214,3.579344546,0.54625951,0,2.162726148,0.186824181,-0.083774181
3215,2.346553669,0.51504197,0,2.128874783,0.176801404,-0.073751404
3216,1.810927288,0.380493423,0,2.103269759,0.170036548,-0.066986548
3217,1.779046733,0.252776678,0,2.071240271,0.167089893,-0.064039893
3218,1.843571744,0.186641038,0,2.060779461,0.166861631,-0.063811631
3219,1.94496819,0.168043355,0,2.053864094,0.166591867,-0.063541867
3220,2.249157528,0.166145632,0,2.033393688,0.164392251,-0.061342251
3221,3.134071965,0.163868365,0.002827447,2.036777038,0.168189701,-0.065139701
3222,4.60892936,0.199735326,0.016938875,2.043577629,0.18985384,-0.08680384
3223,5.779597417,0.352691784,0.05336627,2.071240271,0.198859813,-0.095809813
3224,5.300268764,0.492364183,0.081281815,2.110522414,0.207326259,-0.104276259
3225,4.839375828,0.521778886,0.222153692,2.162726148,0.192281718,-0.089231718
3226,4.46144362,0.515990832,0.111588805,2.229695811,0.186097892,-0.083047892
3227,4.120382848,0.619701383,0.279547318,2.254333333,0.178004967,-0.074954967
3228,4.000550684,0.778730555,0.760746429,2.25849262,0.17350198,-0.07045198
3229,3.917589956,0.567798664,0.727526851,2.233764599,0.167069142,-0.064019142
3230,3.945243532,0.552806654,0.125339903,2.292327715,0.166861631,-0.063811631
3231,4.083511413,0.481167618,0.09966623,2.288042991,0.16418474,-0.06113474
3232,4.304740022,0.430403533,0.373960508,2.275284387,0.166757876,-0.063707876
3233,4.479879338,0.402886552,0.16082883,2.266857407,0.176054364,-0.073004364
3234,4.737979382,0.604899145,0.030177402,2.279521415,0.184583063,-0.081533063
3235,4.867029404,0.522063545,0.008493243,2.25849262,0.188089997,-0.085039997
3236,4.848593687,0.652531988,0.00283173,2.229695811,0.185122591,-0.082072591
3237,4.562840066,0.637824636,0,2.201624101,0.182756967,-0.079706967
3238,3.880718521,0.591899744,0,2.178119217,0.183317246,-0.080267246
3239,2.544129007,0.51504197,0,2.121495667,0.173792495,-0.070742495
3240,1.963403907,0.380493423,0,2.103269759,0.164641264,-0.061591264
3241,1.758386362,0.277636847,0,2.078273345,0.164641264,-0.061591264
3242,1.822162033,0.236076717,0,2.064254637,0.163624461,-0.060574461
3243,1.922380945,0.168043355,0,2.067741554,0.159598749,-0.056548749
3244,2.223037681,0.163583706,0,2.040171667,0.16171536,-0.05866536
3245,3.097675457,0.167189379,0.002832801,2.033393688,0.165782574,-0.062732574
3246,4.555405084,0.199735326,0.009875664,2.036777038,0.181657159,-0.078607159
3247,5.712477975,0.352691784,0.067409615,2.071240271,0.191015901,-0.087965901
3248,5.238715846,0.353925304,0.039596316,2.13630541,0.195352879,-0.092302879
3249,4.783175338,0.422148439,0.095548309,2.158911817,0.186554416,-0.083504416
3250,4.409632121,0.515990832,0.186091017,2.185898214,0.184832076,-0.081782076
3251,4.072532145,0.501188594,0.222599377,2.201624101,0.184209543,-0.081159543
3252,3.954091613,0.505743129,0.112172283,2.283774254,0.17958205,-0.07653205
3253,3.872094321,0.567798664,0.150559345,2.275284387,0.175992111,-0.072942111
3254,3.899426752,0.552806654,0.095210513,2.305278719,0.173709491,-0.070659491
3255,4.036088904,0.612110492,0.100468824,2.340541109,0.171841893,-0.068791893
3256,4.254748348,0.459343806,0.114138819,2.376899029,0.167546417,-0.064496417
3257,4.427853741,0.402886552,0.134486476,2.419175889,0.174083011,-0.071033011
3258,4.682956426,0.441505211,0.053622683,2.400201961,0.17806722,-0.07501722
3259,4.810507768,0.549770298,0.050360959,2.327192015,0.18186467,-0.07881467
3260,4.792286148,0.652531988,0.005625329,2.25849262,0.179333037,-0.076283037
3261,4.509851033,0.637824636,0,2.209572202,0.178918015,-0.075868015
3262,3.83565108,0.559164026,0,2.205590991,0.177776705,-0.074726705
3263,2.514583606,0.484393747,0,2.162726148,0.169393264,-0.066343264
3264,1.940602566,0.380493423,0,2.143788091,0.167131395,-0.064081395
3265,0.997539416,0.252776678,0,2.106889845,0.166052338,-0.063002338
3266,1.010929207,0.186641038,0,2.088912969,0.164122487,-0.061072487
3267,1.06448837,0.168043355,0,2.071240271,0.163167937,-0.060117937
3268,1.278725023,0.163583706,0,2.064254637,0.16360371,-0.06055371
3269,2.088807368,0.163773478,0.005663882,2.060779461,0.167940688,-0.064890688
3270,3.755836325,0.164247909,0.022588539,2.057315966,0.178399238,-0.075349238
3271,4.753375741,0.352691784,0.036664388,2.13630541,0.190704635,-0.087654635
3272,4.358376912,0.492364183,0.075859675,2.209572202,0.199150329,-0.096100329
3273,3.816090384,0.521778886,0.104125571,2.283774254,0.195083115,-0.092033115
3274,3.461260927,0.515990832,0.11208758,2.354044231,0.189065298,-0.086015298
3275,3.072956993,0.501188594,0.162928129,2.462983903,0.188567272,-0.085517272
3276,2.865415236,0.652152443,0.180275871,2.534374741,0.186139395,-0.083089395
3277,2.798466281,0.788693599,0.223246008,2.684436404,0.179374539,-0.076324539
3278,2.657873478,0.552806654,0.384548554,2.726287305,0.174290522,-0.071240522
3279,2.657873478,0.481167618,0.194362442,2.744625561,0.17292095,-0.06987095
3280,2.811856072,0.430403533,0.340452088,2.827027714,0.17406226,-0.07101226
3281,2.992618248,0.402886552,0.2440217,2.794755708,0.18130439,-0.07825439
3282,3.293888542,0.441505211,0.129317199,2.76321219,0.193755045,-0.090705045
3283,3.58846394,0.695610296,0.052694801,2.63247957,0.202864774,-0.099814774
3284,3.769226116,0.610782086,0.005591059,2.52913843,0.202823272,-0.099773272
3285,3.615243521,0.637824636,0,2.453112224,0.195249124,-0.092199124
3286,3.10643147,0.591899744,0,2.390826172,0.193319272,-0.090269272
3287,1.901350296,0.51504197,0,2.354044231,0.183254993,-0.080204993
3288,1.218470965,0.380493423,0,2.318376894,0.170596827,-0.067546827
3289,0.738535729,0.252776678,0,2.309628302,0.164413002,-0.061363002
3290,0.74844896,0.213683588,0,2.288042991,0.165367552,-0.062317552
3291,0.788101885,0.185502405,0,2.250189338,0.163831972,-0.060781972
3292,0.946713585,0.163583706,0,2.233764599,0.165180793,-0.062130793
3293,1.546464076,0.167189379,0.00860561,2.233764599,0.162400146,-0.059350146
3294,2.780661368,0.199735326,0.042263194,2.237848263,0.163437701,-0.060387701
3295,3.519197097,0.352691784,0.124865465,2.262667283,0.168251954,-0.065201954
3296,3.226756775,0.492364183,0.114253693,2.318376894,0.173958504,-0.070908504
3297,2.825270909,0.49217441,0.292735447,2.409651575,0.170908094,-0.067858094
3298,2.562570281,0.605468462,0.358284907,2.443319361,0.165927832,-0.062877832
3299,2.275086574,0.501188594,0.681036219,2.493081466,0.165243046,-0.062193046
3300,2.12143149,0.505743129,0.644363422,2.571644958,0.163396199,-0.060346199
3301,2.071865333,0.567798664,0.645984902,2.534374741,0.161632356,-0.058582356
3302,1.967776405,0.552806654,0.67850469,2.63247957,0.160200531,-0.057150531
3303,1.967776405,0.481167618,0.704275008,2.696262115,0.162047378,-0.058997378
3304,2.081778564,0.564287877,0.481184272,2.738485459,0.163811221,-0.060761221
3305,2.215607186,0.407251315,0.237923269,2.714197339,0.166425858,-0.063375858
3306,2.43865489,0.441505211,0.157587984,2.690336264,0.182466452,-0.079416452
3307,2.656745978,0.549770298,0.06270888,2.610027719,0.186595919,-0.083545919
3308,2.7905746,0.652531988,0.005565357,2.508407787,0.186782678,-0.083732678
3309,2.67657244,0.637824636,0,2.472935354,0.185911133,-0.082861133
3310,2.299869652,0.591899744,0,2.433604374,0.186346906,-0.083296906
3311,1.407678839,0.525953876,0,2.313994329,0.180204583,-0.077154583
3312,0.902104045,0.356677002,0,2.296628518,0.175348827,-0.072298827
3313,0.647872859,0.252776678,0,2.275284387,0.16779543,-0.06474543
3314,0.656569139,0.186641038,0,2.279521415,0.165678819,-0.062628819
3315,0.691354259,0.168043355,0,2.266857407,0.163665963,-0.060615963
3316,0.830494738,0.163583706,0,2.27106308,0.164226242,-0.061176242
3317,1.356619677,0.167189379,0.011338018,2.27106308,0.163665963,-0.060615963
3318,2.439306535,0.17136437,0.077104067,2.27106308,0.162296391,-0.059246391
3319,3.087179394,0.173546751,0.23571938,2.288042991,0.163686714,-0.060636714
3320,2.830639135,0.492364183,0.420346173,2.322776091,0.165824076,-0.062774076
3321,2.478439795,0.521778886,0.422453022,2.386165692,0.165720321,-0.062670321
3322,2.247988376,0.515990832,0.505913882,2.448206,0.163769718,-0.060719718
3323,1.995796256,0.501188594,0.715547427,2.458038153,0.163811221,-0.060761221
3324,1.861003917,0.505743129,0.747323921,2.577058947,0.163188688,-0.060138688
3325,1.817522517,0.688398949,0.76002016,2.593438559,0.154556234,-0.051506234
3326,1.726211577,0.640007017,0.621853847,2.626830472,0.149928741,-0.046878741
3327,1.726211577,0.481167618,0.539423472,2.678562363,0.150094749,-0.047044749
3328,1.826218797,0.430403533,0.07735349,2.714197339,0.155884304,-0.052834304
3329,1.943618576,0.402886552,0.161295045,2.76321219,0.164579011,-0.061529011
3330,2.139284876,0.441505211,0.135442972,2.498169388,0.172485177,-0.069435177
3331,2.330603036,0.549770298,0.090916387,2.443319361,0.180785613,-0.077735613
3332,2.448002815,0.751688005,0.008497813,2.381523346,0.18091012,-0.07786012
3333,2.347995596,0.587345209,0,2.363133205,0.179602801,-0.076552801
3334,2.017536956,0.591899744,0,2.349525912,0.182964478,-0.079914478
3335,1.234871758,0.51504197,0,2.331624762,0.173854749,-0.070804749
3336,0.791361479,0.380493423,0,2.305278719,0.17045157,-0.06740157
3337,0.786018167,0.252776678,0,2.309628302,0.165678819,-0.062628819
3338,0.796568747,0.186641038,0,2.313994329,0.16474502,-0.06169502
3339,0.838771065,0.176298449,0,2.309628302,0.163873474,-0.060823474
3340,1.007580335,0.168043355,0,2.305278719,0.163126435,-0.060076435
3341,1.645890391,0.167189379,0.005659598,2.296628518,0.167836932,-0.064786932
3342,2.95943753,0.199735326,0.02531762,2.283774254,0.192779744,-0.089729744
3343,3.745455697,0.352691784,0.066572428,2.279521415,0.219361891,-0.116311891
3344,3.434213604,0.492364183,0.121743582,2.318376894,0.224238398,-0.121188398
3345,3.006915137,0.521778886,0.165802165,2.288042991,0.212846049,-0.109796049
3346,2.727324782,0.570740135,0.338564951,2.296628518,0.210563429,-0.107513429
3347,2.421357979,0.702442098,0.53784773,2.300945489,0.208218556,-0.105168556
3348,2.257823998,0.505743129,0.635766598,2.296628518,0.200934923,-0.097884923
3349,2.2050711,0.567798664,0.617750721,2.318376894,0.197407237,-0.094357237
3350,2.094290016,0.552806654,0.556430184,2.313994329,0.191804443,-0.088754443
3351,2.094290016,0.481167618,0.577037025,2.327192015,0.18852577,-0.08547577
3352,2.21562168,0.430403533,0.295687528,2.288042991,0.186637421,-0.083587421
3353,2.358054502,0.556127669,0.194016168,2.283774254,0.188691779,-0.085641779
3354,2.595442539,0.424141048,0.093008622,2.279521415,0.192468477,-0.089418477
3355,2.827555287,0.549770298,0.035740409,2.283774254,0.195539639,-0.092489639
3356,2.969988109,0.652531988,0.008319753,2.313994329,0.188878539,-0.085828539
3357,2.848656446,0.637824636,0,2.318376894,0.188089997,-0.085039997
3358,2.447734427,0.591899744,0,2.305278719,0.184707569,-0.081657569
3359,1.498182279,0.51504197,0,2.292327715,0.171198609,-0.068148609
3360,0.960102728,0.442169414,0,2.279521415,0.166093841,-0.063043841
3361,0.9372818,0.319861179,0,2.262667283,0.164516758,-0.061466758
3362,0.949862764,0.186641038,0,2.262667283,0.161777614,-0.058727614
3363,1.000186619,0.168043355,0,2.250189338,0.158395186,-0.055345186
3364,1.201482039,0.163583706,0,2.24606055,0.160221282,-0.057171282
3365,1.962630346,0.167189379,0.014340343,2.237848263,0.165761823,-0.062711823
3366,3.528960334,0.199735326,0.086960073,2.233764599,0.177735203,-0.074685203
3367,4.466242134,0.222318227,0.228302233,2.229695811,0.196971464,-0.093921464
3368,4.095103703,0.24879146,0.422433719,2.233764599,0.212597036,-0.109547036
3369,3.585574671,0.521778886,0.622342511,2.229695811,0.207181001,-0.104131001
3370,3.252179131,0.515990832,0.710628592,2.237848263,0.20203473,-0.09898473
3371,2.887331182,0.501188594,0.671972564,2.250189338,0.199191831,-0.096141831
3372,2.692326244,0.505743129,0.603865111,2.262667283,0.196494189,-0.093444189
3373,2.629421425,0.567798664,0.607882769,2.27106308,0.189065298,-0.086015298
3374,2.497321306,0.673501825,0.660068261,2.275284387,0.184873578,-0.081823578
3375,2.497321306,0.517129465,0.718361004,2.292327715,0.181553404,-0.078503404
3376,2.642002389,0.430403533,0.508589502,2.300945489,0.179914067,-0.076864067
3377,2.8118454,0.402886552,0.282358351,2.305278719,0.185143342,-0.082093342
3378,3.094917084,0.441505211,0.082762875,2.296628518,0.188401264,-0.085351264
3379,3.371698287,0.549770298,0.032484038,2.300945489,0.190497124,-0.087447124
3380,3.541541298,0.652531988,0.00831103,2.296628518,0.186160146,-0.083110146
3381,3.396860214,0.684603503,0,2.288042991,0.184583063,-0.081533063
3382,2.918783592,0.54625951,0,2.283774254,0.181387395,-0.078337395
3383,1.786496854,0.51504197,0,2.279521415,0.168480216,-0.065430216
3384,1.144867702,0.380493423,0,2.275284387,0.160823064,-0.057773064
3385,0.819097332,0.252776678,0,2.275284387,0.160491046,-0.057441046
3386,0.830091928,0.186641038,0,2.266857407,0.154597736,-0.051547736
3387,0.874070308,0.168043355,0,2.262667283,0.153228164,-0.050178164
3388,1.049983829,0.166145632,0,2.262667283,0.154493981,-0.051443981
3389,1.71515683,0.163868365,0.008554813,2.262667283,0.16171536,-0.05866536
3390,3.083983916,0.199735326,0.081504358,2.27106308,0.171074103,-0.068024103
3391,3.903081249,0.352691784,0.23637093,2.283774254,0.189750085,-0.086700085
3392,3.578740694,0.492364183,0.42724718,2.300945489,0.197531744,-0.094481744
3393,3.133459594,0.521778886,0.557695556,2.363133205,0.193423028,-0.090373028
3394,2.842102825,0.515990832,0.593328476,2.386165692,0.188027744,-0.084977744
3395,2.523259568,0.619701383,0.639953486,2.448206,0.181055377,-0.078005377
3396,2.352843344,0.778730555,0.604888216,2.488014228,0.178108722,-0.075058722
3397,2.297870369,0.567798664,0.738323085,2.534374741,0.173252967,-0.070202967
3398,2.182427121,0.552806654,0.754533218,2.498169388,0.169808286,-0.066758286
3399,2.182427121,0.481167618,0.75506525,2.472935354,0.16779543,-0.06474543
3400,2.308864964,0.430403533,0.599565215,2.513558522,0.167152146,-0.064102146
3401,2.457291997,0.402886552,0.207391749,2.534374741,0.173979255,-0.070929255
3402,2.704670386,0.604899145,0.06507072,2.477941296,0.181968425,-0.078918425
3403,2.946551478,0.522063545,0.040861546,2.482967546,0.191555429,-0.088505429
3404,3.094978511,0.652531988,0.008362187,2.395504892,0.194709595,-0.091659595
3405,2.968540668,0.637824636,0,2.400201961,0.192945753,-0.089895753
3406,2.550746055,0.591899744,0,2.367704062,0.193589036,-0.090539036
3407,1.561232499,0.51504197,0,2.336074427,0.178461491,-0.075411491
3408,1.000508151,0.380493423,0,2.300945489,0.167338906,-0.064288906
3409,0.634487757,0.277636847,0,2.300945489,0.162192636,-0.059142636
3410,0.643004371,0.236076717,0,2.262667283,0.160221282,-0.057171282
3411,0.677070828,0.168043355,0,2.233764599,0.159142225,-0.056092225
3412,0.813336655,0.163583706,0,2.209572202,0.161590854,-0.058540854
3413,1.328591813,0.167189379,0.008488919,2.182001783,0.167172897,-0.064122897
3414,2.388910278,0.199735326,0.05542959,2.197671454,0.177714452,-0.074664452
3415,3.023398035,0.352691784,0.082693573,2.275284387,0.190102853,-0.087052853
3416,2.772157917,0.353925304,0.099055177,2.381523346,0.190704635,-0.087654635
3417,2.427235042,0.422148439,0.169001225,2.419175889,0.177838958,-0.074788958
3418,2.201544766,0.515990832,0.424772967,2.477941296,0.167442662,-0.064392662
3419,1.954562955,0.501188594,0.475639157,2.52913843,0.166923884,-0.063873884
3420,1.822555435,0.505743129,0.520817214,2.638153017,0.16684088,-0.06379088
3421,1.779972364,0.567798664,0.691420066,2.661093478,0.1672144,-0.0641644
3422,1.690547915,0.552806654,0.692089631,2.726287305,0.166820129,-0.063770129
3423,1.690547915,0.612110492,0.654055892,2.744625561,0.169331011,-0.066281011
3424,1.788488979,0.459343806,0.543783498,2.76321219,0.171011849,-0.067961849
3425,1.90346327,0.402886552,0.32624649,2.814029885,0.182362696,-0.079312696
3426,2.095087089,0.441505211,0.10377931,2.775743764,0.193796547,-0.090746547
3427,2.282452601,0.549770298,0.054996497,2.720228889,0.201744215,-0.098694215
3428,2.397426893,0.652531988,0.005555462,2.571644958,0.207554521,-0.104504521
3429,2.29948583,0.637824636,0,2.458038153,0.201100931,-0.098050931
3430,1.975854491,0.559164026,0,2.428775794,0.195581141,-0.092531141
3431,1.209359214,0.484393747,0,2.404917485,0.18701094,-0.08396094
3432,0.775011891,0.380493423,0,2.331624762,0.175846853,-0.072796853
3433,0.318823317,0.252776678,0,2.275284387,0.166176845,-0.063126845
3434,0.312509984,0.186641038,0,2.250189338,0.165595814,-0.062545814
3435,0.344076649,0.168043355,0,2.233764599,0.165533561,-0.062483561
3436,0.486126641,0.163583706,0,2.193732975,0.165243046,-0.062193046
3437,0.978566616,0.163773478,0.008345455,2.185898214,0.167733177,-0.064683177
3438,2.187569887,0.164247909,0.030465409,2.205590991,0.185973386,-0.082923386
3439,2.806276521,0.352691784,0.109272447,2.331624762,0.196597945,-0.093547945
3440,2.279113215,0.492364183,0.181523777,2.438452191,0.198776809,-0.095726809
3441,1.887686569,0.521778886,0.304559477,2.482967546,0.188380512,-0.085330512
3442,1.887686569,0.515990832,0.365280929,2.577058947,0.183898277,-0.080848277
3443,1.505729922,0.501188594,0.481977134,2.661093478,0.175099814,-0.072049814
3444,1.499416589,0.652152443,0.67844995,2.782052273,0.170825089,-0.067775089
3445,1.392089928,0.788693599,0.667280113,2.782052273,0.167442662,-0.064392662
3446,1.212159937,0.552806654,0.719326146,2.887035377,0.166405107,-0.063355107
3447,1.145869941,0.481167618,0.711574113,2.914530952,0.165678819,-0.062628819
3448,1.104833276,0.430403533,0.554492063,2.907608076,0.165844828,-0.062794828
3449,1.224786603,0.402886552,0.336456579,2.900718009,0.169081998,-0.066031998
3450,1.313173265,0.441505211,0.100096961,2.833571759,0.179457543,-0.076407543
3451,1.502573255,0.695610296,0.04046321,2.708192478,0.186180897,-0.083130897
3452,1.663563247,0.610782086,0.008178392,2.63247957,0.187965491,-0.084915491
3453,1.673033247,0.637824636,0,2.555538622,0.188027744,-0.084977744
3454,1.401559927,0.591899744,0,2.453112224,0.186554416,-0.083504416
3455,0.924903285,0.51504197,0,2.404917485,0.179976321,-0.076926321
3456,0.50506664,0.380493423,0,2.395504892,0.180142329,-0.077092329
3457,0.546853586,0.252776678,0,2.349525912,0.170140303,-0.067090303
3458,0.554193903,0.213683588,0,2.349525912,0.165824076,-0.062774076
3459,0.583555169,0.185502405,0,2.331624762,0.163665963,-0.060615963
3460,0.701000235,0.163583706,0,2.283774254,0.163271692,-0.060221692
3461,1.145089389,0.167189379,0.011325974,2.292327715,0.16171536,-0.05866536
3462,2.058958805,0.199735326,0.081748821,2.309628302,0.163707465,-0.060657465
3463,2.605812391,0.352691784,0.249926813,2.354044231,0.165907081,-0.062857081
3464,2.389273052,0.492364183,0.447040362,2.336074427,0.171281613,-0.068231613
3465,2.09199023,0.49217441,0.632346732,2.381523346,0.170991098,-0.067941098
3466,1.89747184,0.605468462,0.696213184,2.52913843,0.168417963,-0.065367963
3467,1.684602659,0.501188594,0.639741315,2.508407787,0.166093841,-0.063043841
3468,1.570827751,0.505743129,0.654888279,2.655321041,0.164101736,-0.061051736
3469,1.534126168,0.567798664,0.606639518,2.626830472,0.161549352,-0.058499352
3470,1.457052844,0.552806654,0.639827592,2.571644958,0.158249928,-0.055199928
3471,1.457052844,0.481167618,0.721550064,2.400201961,0.158104671,-0.055054671
3472,1.541466485,0.564287877,0.551872681,2.433604374,0.1596195,-0.0565695
3473,1.640560759,0.407251315,0.339607314,2.423966337,0.16399798,-0.06094798
3474,1.805717882,0.441505211,0.100354961,2.477941296,0.170825089,-0.067775089
3475,1.967204847,0.549770298,0.037995344,2.423966337,0.178378487,-0.075328487
3476,2.066299121,0.652531988,0.00553293,2.376899029,0.185330102,-0.082280102
3477,1.981885481,0.637824636,0,2.372292636,0.185828128,-0.082778128
3478,1.70295345,0.591899744,0,2.322776091,0.185330102,-0.082280102
3479,1.042324956,0.525953876,0,2.283774254,0.177257928,-0.074207928
3480,0.66796881,0.356677002,0,2.279521415,0.168583972,-0.065533972
3481,0.31657857,0.252776678,0,2.288042991,0.161611605,-0.058561605
3482,0.310309687,0.186641038,0,2.313994329,0.154141212,-0.051091212
3483,0.3416541,0.168043355,0,2.300945489,0.152377369,-0.049327369
3484,0.482703958,0.163583706,0,2.296628518,0.140902016,-0.037852016
3485,0.971676799,0.167189379,0.025063332,2.300945489,0.131232008,-0.028182008
3486,2.172167812,0.17136437,0.081988242,2.305278719,0.123408846,-0.020358846
3487,2.786518305,0.173546751,0.213674176,2.305278719,0.131750785,-0.028700785
3488,2.26306661,0.492364183,0.449621909,2.331624762,0.144056182,-0.041006182
3489,1.87439589,0.521778886,0.531002755,2.395504892,0.139968217,-0.036918217
3490,1.87439589,0.515990832,0.650331732,2.498169388,0.131833789,-0.028783789
3491,1.495128494,0.501188594,0.689405543,2.571644958,0.134406925,-0.031356925
3492,1.488859612,0.505743129,0.617230459,2.626830472,0.12481992,-0.02176992
3493,1.382288608,0.688398949,0.63202581,2.720228889,0.08992,0.01313
3494,1.203625454,0.640007017,0.753784675,2.827027714,0.0791,0.02395
3495,1.137802187,0.481167618,0.474778885,2.794755708,0.08651,0.01654
3496,1.097054451,0.430403533,0.294211686,2.814029885,0.10274076,0.00030924
3497,1.21616322,0.402886552,0.314981289,2.750793258,0.138245876,-0.035195876
3498,1.303927576,0.441505211,0.160850672,2.788389522,0.161549352,-0.058499352
3499,1.491994053,0.549770298,0.06149069,2.702214128,0.169061247,-0.066011247
3500,1.651850559,0.751688005,0.018818943,2.582495781,0.170161055,-0.067111055
3501,1.661253882,0.587345209,0,2.488014228,0.168978242,-0.065928242
3502,1.391691932,0.591899744,0,2.428775794,0.168521718,-0.065471718
3503,0.918391297,0.51504197,0,2.390826172,0.160387291,-0.057337291
3504,0.501510606,0.380493423,0,2.372292636,0.131792287,-0.028742287
3505,0.283062344,0.252776678,0,2.376899029,0.119735903,-0.016685903
3506,0.277457149,0.186641038,0,2.372292636,0.118366331,-0.015316331
3507,0.305483123,0.176298449,0,2.327192015,0.122288287,-0.019238287
3508,0.431600009,0.168043355,0,2.288042991,0.133825894,-0.030775894
3509,0.868805213,0.167189379,0.011008174,2.300945489,0.152730138,-0.049680138
3510,1.94220004,0.199735326,0.05204368,2.318376894,0.170493072,-0.067443072
3511,2.491509142,0.352691784,0.151195336,2.400201961,0.189438818,-0.086388818
3512,2.023475367,0.492364183,0.202566747,2.472935354,0.18300598,-0.07995598
3513,1.675953281,0.521778886,0.332642362,2.518730453,0.180972373,-0.077922373
3514,1.675953281,0.570740135,0.472722519,2.621205567,0.175514836,-0.072464836
3515,1.336838989,0.702442098,0.639634988,2.678562363,0.174539535,-0.071489535
3516,1.331233794,0.505743129,0.676844304,2.794755708,0.171966399,-0.068916399
3517,1.23594548,0.567798664,0.637285475,2.782052273,0.171904146,-0.068854146
3518,1.076197425,0.552806654,0.603770543,2.756988739,0.168646225,-0.065596225
3519,1.017342878,0.481167618,0.588995247,2.702214128,0.167525666,-0.064475666
3520,0.980909111,0.430403533,0.418026637,2.708192478,0.166633369,-0.063583369
3521,1.087407815,0.556127669,0.273722787,2.696262115,0.172983203,-0.069933203
3522,1.165880544,0.424141048,0.11631363,2.63247957,0.183898277,-0.080848277
3523,1.334036391,0.549770298,0.056264318,2.582495781,0.190497124,-0.087447124
3524,1.476968862,0.652531988,0.013515991,2.534374741,0.19802977,-0.09497977
3525,1.485376654,0.637824636,0,2.513558522,0.192675988,-0.089625988
3526,1.244353272,0.591899744,0,2.488014228,0.183088984,-0.080038984
3527,0.821161056,0.51504197,0,2.462983903,0.173232216,-0.070182216
3528,0.448415594,0.442169414,0,2.467949597,0.163748967,-0.060698967
3529,0.614359369,0.319861179,0,2.448206,0.162400146,-0.059350146
3530,0.622605803,0.186641038,0,2.433604374,0.161819116,-0.058769116
3531,0.655591541,0.168043355,0,2.390826172,0.163022679,-0.059972679
3532,0.787534493,0.163583706,0,2.363133205,0.164060234,-0.061010234
3533,1.286443779,0.167189379,0.013777335,2.358579961,0.166342854,-0.063292854
3534,2.313124872,0.199735326,0.084644164,2.363133205,0.194522835,-0.091472835
3535,2.92748424,0.222318227,0.242030105,2.327192015,0.211642486,-0.108592486
3536,2.684214423,0.24879146,0.422058919,2.349525912,0.227081297,-0.124031297
3537,2.350233827,0.521778886,0.600339794,2.372292636,0.217452791,-0.114402791
3538,2.131703313,0.515990832,0.714959326,2.400201961,0.200374643,-0.097324643
3539,1.892556713,0.501188594,0.677244956,2.381523346,0.193485281,-0.090435281
3540,1.764736979,0.505743129,0.599435273,2.372292636,0.186326154,-0.083276154
3541,1.723504806,0.567798664,0.601488764,2.390826172,0.187861735,-0.084811735
3542,1.636917244,0.673501825,0.759831699,2.414404339,0.182175936,-0.079125936
3543,1.636917244,0.517129465,0.619231839,2.409651575,0.17844074,-0.07539074
3544,1.731751241,0.430403533,0.452161513,2.381523346,0.17788046,-0.07483046
3545,1.843078106,0.402886552,0.342442022,2.349525912,0.182155185,-0.079105185
3546,2.028622882,0.441505211,0.120401981,2.250189338,0.184375552,-0.081325552
3547,2.210044441,0.549770298,0.080764047,2.279521415,0.182487203,-0.079437203
3548,2.321371306,0.652531988,0.01342393,2.283774254,0.184603814,-0.081553814
3549,2.22653731,0.684603503,0,2.275284387,0.181760914,-0.078710914
3550,1.913172799,0.54625951,0,2.241946886,0.17350198,-0.07045198
3551,1.170993696,0.51504197,0,2.205590991,0.163748967,-0.060698967
3552,0.750425538,0.380493423,0,2.209572202,0.164433753,-0.061383753
3553,0.8262148,0.252776678,0,2.209572202,0.161673858,-0.058623858
3554,0.837304932,0.186641038,0,2.193732975,0.156486085,-0.053436085
3555,0.881665458,0.168043355,0,2.193732975,0.157316129,-0.054266129
3556,1.059107563,0.166145632,0,2.189808587,0.159557247,-0.056507247
3557,1.730060522,0.163868365,0.01100389,2.197671454,0.16208888,-0.05903888
3558,3.110781899,0.199735326,0.05196229,2.205590991,0.182009928,-0.078959928
3559,3.9369967,0.352691784,0.129452638,2.225641818,0.194730346,-0.091680346
3560,3.609837819,0.492364183,0.344235749,2.25849262,0.1986108,-0.0955608
3561,3.160687491,0.521778886,0.428552231,2.288042991,0.192489229,-0.089439229
3562,2.866799005,0.515990832,0.678385336,2.296628518,0.189355814,-0.086305814
3563,2.54518519,0.619701383,0.589235929,2.296628518,0.18642991,-0.08337991
3564,2.373288151,0.778730555,0.673533377,2.414404339,0.177901211,-0.074851211
3565,2.317837494,0.567798664,0.643399189,2.345024904,0.175846853,-0.072796853
3566,2.201391112,0.552806654,0.766007929,2.458038153,0.175888356,-0.072838356
3567,2.201391112,0.481167618,0.61945793,2.493081466,0.172505928,-0.069455928
3568,2.328927625,0.430403533,0.285615864,2.327192015,0.177154172,-0.074104172
3569,2.478644401,0.402886552,0.269826199,2.327192015,0.187508967,-0.084458967
3570,2.728172361,0.604899145,0.132820818,2.327192015,0.197365735,-0.094315735
3571,2.972155255,0.522063545,0.053394335,2.327192015,0.20392308,-0.10087308
3572,3.121872031,0.652531988,0.013604224,2.309628302,0.204939883,-0.101889883
3573,2.994335518,0.637824636,0,2.275284387,0.192157211,-0.089107211
3574,2.572910519,0.591899744,0,2.254333333,0.177652198,-0.074602198
3575,1.57479868,0.51504197,0,2.193732975,0.16474502,-0.06169502
3576,1.009201971,0.380493423,0,2.189808587,0.159661002,-0.056611002
3577,0.750232037,0.277636847,0,2.17039539,0.15200385,-0.04895385
3578,0.760302266,0.236076717,0,2.155110915,0.140549248,-0.037499248
3579,0.800583181,0.168043355,0,2.178119217,0.116789248,-0.013739248
3580,0.96170684,0.163583706,0,2.162726148,0.102657755,0.000392245
3581,1.570955676,0.167189379,0.008670783,2.162726148,0.103550052,-0.000500052
3582,2.824699148,0.199735326,0.087875454,2.158911817,0.100997668,0.002052332
3583,3.574931185,0.352691784,0.249366444,2.174250444,0.11149772,-0.00844772
3584,3.277859439,0.353925304,0.435267592,2.213567812,0.114714139,-0.011664139
3585,2.870015177,0.422148439,0.606296899,2.241946886,0.102387991,0.000662009
3586,2.603154116,0.515990832,0.742355633,2.363133205,0.093548026,0.009501974
3587,2.311117484,0.501188594,0.658367584,2.409651575,0.097511485,0.005538515
3588,2.15502894,0.505743129,0.630367682,2.508407787,0.097677493,0.005372507
3589,2.104677796,0.567798664,0.626243424,2.582495781,0.093112253,0.009937747
3590,1.998940395,0.552806654,0.766002794,2.638153017,0.093257511,0.009792489
3591,1.998940395,0.612110492,0.676181404,2.684436404,0.097698244,0.005351756
3592,2.114748025,0.459343806,0.516241845,2.720228889,0.107949283,-0.004899283
3593,2.250696112,0.402886552,0.281225303,2.714197339,0.145135239,-0.042085239
3594,2.477276258,0.441505211,0.081837911,2.696262115,0.155593789,-0.052543789
3595,2.698821289,0.549770298,0.008131203,2.690336264,0.16569957,-0.06264957
3596,2.834769376,0.652531988,0,2.477941296,0.16742191,-0.06437191
3597,2.718961746,0.637824636,0,2.477941296,0.169393264,-0.066343264
3598,2.336293056,0.559164026,0,2.458038153,0.176759901,-0.073709901
3599,1.429972474,0.484393747,0,2.400201961,0.169185753,-0.066135753
3600,0.916390811,0.380493423,0,2.376899029,0.159494994,-0.056444994
3601,0.306608525,0.252776678,0,2.381523346,0.154244968,-0.051194968
3602,0.300537069,0.186641038,0,2.358579961,0.149243955,-0.046193955
3603,0.330894348,0.168043355,0,2.354044231,0.149472217,-0.046422217
3604,0.467502107,0.163583706,0,2.349525912,0.1510493,-0.0479993
3605,0.941075669,0.163773478,0.0139112,2.340541109,0.153373422,-0.050323422
3606,2.10375948,0.164247909,0.08693284,2.354044231,0.165678819,-0.062628819
3607,2.698762162,0.352691784,0.165426955,2.376899029,0.178233229,-0.075183229
3608,2.191795591,0.492364183,0.243313806,2.404917485,0.179146277,-0.076096277
3609,1.815365324,0.521778886,0.332558875,2.458038153,0.17559784,-0.07254784
3610,1.815365324,0.515990832,0.679868853,2.550214583,0.169829037,-0.066779037
3611,1.44804224,0.501188594,0.666838978,2.638153017,0.166986138,-0.063936138
3612,1.441970784,0.652152443,0.626899278,2.750793258,0.163956478,-0.060906478
3613,1.338756033,0.788693599,0.625121406,2.807575688,0.156361579,-0.053311579
3614,1.165719539,0.552806654,0.597756679,2.840146172,0.155303273,-0.052253273
3615,1.101969252,0.481167618,0.687254792,2.956770531,0.153518679,-0.050468679
3616,1.062504788,0.430403533,0.425513081,2.928476077,0.1548675,-0.0518175
3617,1.177862451,0.402886552,0.277485963,2.928476077,0.17121936,-0.06816936
3618,1.262862834,0.441505211,0.048201979,2.985617073,0.178191727,-0.075141727
3619,1.445006512,0.695610296,0.040239142,2.89386052,0.18929356,-0.08624356
3620,1.599828638,0.610782086,0.008271668,2.732372768,0.193132512,-0.090082512
3621,1.608935822,0.637824636,0,2.598944798,0.187820233,-0.084770233
3622,1.347863217,0.591899744,0,2.550214583,0.184313299,-0.081263299
3623,0.889468294,0.51504197,0,2.523923711,0.176054364,-0.073004364
3624,0.485716475,0.380493423,0,2.458038153,0.162835919,-0.059785919
3625,0.230564989,0.252776678,0,2.423966337,0.157440636,-0.054390636
3626,0.225999346,0.213683588,0,2.367704062,0.15163033,-0.04858033
3627,0.248827563,0.185502405,0,2.336074427,0.150364514,-0.047314514
3628,0.351554538,0.163583706,0,2.322776091,0.146027536,-0.042977536
3629,0.70767472,0.167189379,0.011145252,2.309628302,0.141068025,-0.038018025
3630,1.581995422,0.199735326,0.082955917,2.345024904,0.146587815,-0.043537815
3631,2.029428471,0.352691784,0.254436486,2.443319361,0.150219256,-0.047169256
3632,1.648197251,0.492364183,0.442124744,2.555538622,0.154493981,-0.051443981
3633,1.365127363,0.49217441,0.626474382,2.598944798,0.152564129,-0.049514129
3634,1.365127363,0.605468462,0.757660202,2.720228889,0.147874383,-0.044824383
3635,1.08890594,0.501188594,0.695235727,2.866751756,0.145508758,-0.042458758
3636,1.084340297,0.505743129,0.526266255,2.971123786,0.148434662,-0.045384662
3637,1.006724359,0.567798664,0.63861481,3.091169192,0.139532444,-0.036482444
3638,0.876603524,0.552806654,0.65986812,3.154904639,0.13108675,-0.02803675
3639,0.828664269,0.481167618,0.719767604,3.179488312,0.144325946,-0.041275946
3640,0.798987587,0.564287877,0.559832581,3.255593085,0.150260758,-0.047210758
3641,0.885734811,0.407251315,0.358116346,3.229823219,0.153414924,-0.050364924
3642,0.949653818,0.441505211,0.120527778,3.212868766,0.169725282,-0.066675282
3643,1.086623118,0.549770298,0.070885427,3.138725641,0.176365631,-0.073315631
3644,1.203047024,0.652531988,0.032290663,2.907608076,0.179789561,-0.076739561
3645,1.209895489,0.637824636,0,2.744625561,0.178004967,-0.074954967
3646,1.013572825,0.591899744,0,2.678562363,0.176801404,-0.073751404
3647,0.668866751,0.525953876,0,2.63247957,0.171074103,-0.068024103
3648,0.365251468,0.356677002,0,2.593438559,0.152273614,-0.049223614
3649,0.193784165,0.252776678,0,2.503278119,0.153228164,-0.050178164
3650,0.189946855,0.186641038,0,2.448206,0.153456426,-0.050406426
3651,0.209133406,0.168043355,0,2.419175889,0.151215308,-0.048165308
3652,0.295472886,0.163583706,0,2.381523346,0.150717282,-0.047667282
3653,0.594783082,0.167189379,0.016780872,2.363133205,0.14534275,-0.04229275
3654,1.329627986,0.17136437,0.08272705,2.386165692,0.144491955,-0.041441955
3655,1.705684386,0.173546751,0.228352635,2.482967546,0.141420793,-0.038370793
3656,1.385268984,0.492364183,0.428900292,2.672713974,0.145384252,-0.042334252
3657,1.147355751,0.521778886,0.665039294,2.750793258,0.133265615,-0.030215615
3658,1.147355751,0.515990832,0.686009531,2.794755708,0.117453283,-0.014403283
3659,0.915198484,0.501188594,0.631428029,2.949645783,0.117743798,-0.014693798
3660,0.911361174,0.505743129,0.614336113,3.052625935,0.111539222,-0.008489222
3661,0.8461269,0.688398949,0.609345739,3.204458115,0.100312882,0.002737118
3662,0.736763559,0.640007017,0.645183478,3.255593085,0.08403,0.01902
3663,0.696471802,0.481167618,0.677167967,3.335430518,0.09257,0.01048
3664,0.671529286,0.430403533,0.475611618,3.390867036,0.100312882,0.002737118
3665,0.74443818,0.402886552,0.189518532,3.335430518,0.141794313,-0.038744313
3666,0.798160523,0.441505211,0.120827157,3.290599462,0.157876409,-0.054826409
3667,0.913279829,0.549770298,0.038247844,3.179488312,0.170679832,-0.067629832
3668,1.011131239,0.751688005,0.008214209,3.022476543,0.17217391,-0.06912391
3669,1.016887204,0.587345209,0,2.782052273,0.170119552,-0.067069552
3670,0.851882866,0.591899744,0,2.708192478,0.17007805,-0.06702805
3671,0.562165945,0.51504197,0,2.63247957,0.154992007,-0.051942007
3672,0.306984816,0.380493423,0,2.571644958,0.148185649,-0.045135649
3673,0.0637218,0.252776678,0,2.503278119,0.141483047,-0.038433047
3674,0.05841165,0.186641038,0,2.493081466,0.136170767,-0.033120767
3675,0.0601817,0.176298449,0,2.458038153,0.134489929,-0.031439929
3676,0.1274436,0.168043355,0,2.428775794,0.133805143,-0.030755143
3677,0.343389701,0.167189379,0.01950021,2.419175889,0.142935623,-0.039885623
3678,1.093890902,0.199735326,0.088254304,2.472935354,0.177340932,-0.074290932
3679,1.846162154,0.352691784,0.257626493,2.577058947,0.186263901,-0.083213901
3680,1.331077603,0.492364183,0.441585033,2.720228889,0.186471412,-0.083421412
3681,1.077960452,0.521778886,0.610072994,2.833571759,0.179810312,-0.076760312
3682,1.005388402,0.570740135,0.696723934,2.914530952,0.174726295,-0.071676295
3683,0.835463602,0.702442098,0.642056867,3.022476543,0.171302365,-0.068252365
3684,1.030169102,0.505743129,0.690228901,3.264274667,0.168272705,-0.065222705
3685,0.952286902,0.567798664,0.722483341,3.187768229,0.166633369,-0.063583369
3686,0.720410351,0.552806654,0.602978037,3.3815,0.166156094,-0.063106094
3687,0.688549451,0.481167618,0.561647503,3.467713881,0.167089893,-0.064039893
3688,0.619517501,0.430403533,0.541775601,3.114765903,0.167110644,-0.064060644
3689,0.713330151,0.556127669,0.251453285,2.978352798,0.182217438,-0.079167438
3690,0.915115852,0.424141048,0.139671575,3.067927318,0.187301456,-0.084251456
3691,0.892105202,0.549770298,0.080078189,2.985617073,0.19784301,-0.09479301
3692,0.931046302,0.652531988,0.018841421,2.840146172,0.194688844,-0.091638844
3693,0.939896552,0.637824636,0,2.833571759,0.193381525,-0.090331525
3694,0.830153452,0.591899744,0,2.738485459,0.188422015,-0.085372015
3695,0.431892201,0.51504197,0,2.702214128,0.178959517,-0.075909517
3696,0.19293545,0.442169414,0,2.661093478,0.16513929,-0.06208929
3697,0.057894928,0.319861179,0,2.610027719,0.16150785,-0.05845785
3698,0.053070351,0.186641038,0,2.593438559,0.159162976,-0.056112976
3699,0.054678543,0.168043355,0,2.534374741,0.157814155,-0.054764155
3700,0.115789856,0.163583706,0,2.503278119,0.161175832,-0.058125832
3701,0.311989334,0.167189379,0.016684112,2.493081466,0.16341695,-0.06036695
3702,0.993862929,0.199735326,0.132858675,2.508407787,0.182175936,-0.079125936
3703,1.677344717,0.222318227,0.250250056,2.604474468,0.197407237,-0.094357237
3704,1.209360717,0.24879146,0.424492115,2.720228889,0.208073298,-0.105023298
3705,0.979389197,0.521778886,0.601032359,2.788389522,0.190434871,-0.087384871
3706,0.913453307,0.515990832,0.733312352,2.900718009,0.180702609,-0.077652609
3707,0.759066833,0.501188594,0.663947878,3.045032338,0.178129473,-0.075079473
3708,0.935968001,0.505743129,0.626475493,3.171251295,0.170991098,-0.067941098
3709,0.865207534,0.567798664,0.623837741,3.36292033,0.168791482,-0.065741482
3710,0.654534324,0.673501825,0.65535457,3.477565341,0.16607309,-0.06302309
3711,0.62558686,0.517129465,0.693844993,3.517537356,0.164579011,-0.061529011
3712,0.562867355,0.430403533,0.507232475,3.507458453,0.169102749,-0.066052749
3713,0.648101554,0.402886552,0.248566374,3.579248538,0.182113683,-0.079063683
3714,0.831435493,0.441505211,0.067376046,3.527674352,0.186699674,-0.083649674
3715,0.810528991,0.549770298,0.029640798,3.36292033,0.188857788,-0.085807788
3716,0.845909225,0.652531988,0.008155902,3.163056848,0.185848879,-0.082798879
3717,0.853950187,0.684603503,0,2.963929782,0.172485177,-0.069435177
3718,0.754242256,0.54625951,0,2.880242353,0.163250941,-0.060200941
3719,0.392398956,0.51504197,0,2.788389522,0.151173806,-0.048123806
3720,0.175292976,0.380493423,0,2.726287305,0.150073998,-0.047023998
3721,0.054233509,0.252776678,0,2.678562363,0.147127343,-0.044077343
3722,0.04971405,0.186641038,0,2.638153017,0.143993929,-0.040943929
3723,0.051220536,0.168043355,0,2.63247957,0.143973178,-0.040923178
3724,0.108467018,0.166145632,0,2.587955603,0.145571012,-0.042521012
3725,0.292258355,0.163868365,0.016811547,2.534374741,0.150634278,-0.047584278
3726,0.931008573,0.199735326,0.101823714,2.560884937,0.170908094,-0.067858094
3727,1.571265278,0.352691784,0.232032332,2.621205567,0.185413106,-0.082363106
3728,1.132877746,0.492364183,0.22654133,2.794755708,0.186409159,-0.083359159
3729,0.917450196,0.521778886,0.539006933,2.935498801,0.184292548,-0.081242548
3730,0.855684255,0.515990832,0.591242046,3.0602575,0.178918015,-0.075868015
3731,0.711061564,0.619701383,0.678862058,3.106860406,0.177008915,-0.073958915
3732,0.876775064,0.778730555,0.620616135,3.238367725,0.173667989,-0.070617989
3733,0.810489664,0.567798664,0.619304227,3.353706849,0.168417963,-0.065367963
3734,0.61313995,0.552806654,0.650891308,3.477565341,0.168148199,-0.065098199
3735,0.586023196,0.481167618,0.707580299,3.558438953,0.171924897,-0.068874897
3736,0.527270228,0.430403533,0.490811442,3.558438953,0.173979255,-0.070929255
3737,0.607114005,0.402886552,0.281022277,3.548124638,0.183213491,-0.080163491
3738,0.77885345,0.604899145,0.147358886,3.487472934,0.193236268,-0.090186268
3739,0.759269128,0.522063545,0.085881402,3.344543716,0.210335167,-0.107285167
3740,0.792411828,0.652531988,0.021390045,3.122711735,0.195581141,-0.092531141
3741,0.79994426,0.637824636,0,2.907608076,0.183690766,-0.080640766
3742,0.706542105,0.591899744,0,3.007624079,0.176033613,-0.072983613
3743,0.367582673,0.51504197,0,2.978352798,0.159640251,-0.056590251
3744,0.164207014,0.380493423,0,2.907608076,0.15219061,-0.04914061
3745,0.215675999,0.277636847,0,2.744625561,0.148040391,-0.044990391
3746,0.211405187,0.236076717,0,2.571644958,0.144180688,-0.041130688
3747,0.232759246,0.168043355,0,2.498169388,0.142914872,-0.039864872
3748,0.328852513,0.163583706,0,2.438452191,0.142977125,-0.039927125
3749,0.661975838,0.167189379,0.02485259,2.390826172,0.150198505,-0.047148505
3750,1.479836308,0.199735326,0.099435376,2.372292636,0.159785509,-0.056735509
3751,1.89837587,0.352691784,0.250125353,2.390826172,0.177569194,-0.074519194
3752,1.54176308,0.353925304,0.358389022,2.409651575,0.182092932,-0.079042932
3753,1.276972745,0.422148439,0.566566978,2.419175889,0.175909107,-0.072859107
3754,1.276972745,0.515990832,0.698889063,2.433604374,0.163831972,-0.060781972
3755,1.018588628,0.501188594,0.706756472,2.428775794,0.162815168,-0.059765168
3756,1.014317816,0.505743129,0.663318513,2.477941296,0.160096775,-0.057046775
3757,0.941714014,0.567798664,0.696841241,2.53963278,0.159453492,-0.056403492
3758,0.819995876,0.552806654,0.659619229,2.462983903,0.159453492,-0.056403492
3759,0.775152352,0.612110492,0.682085108,2.458038153,0.160553299,-0.057503299
3760,0.747392075,0.459343806,0.115363774,2.453112224,0.162732164,-0.059682164
3761,0.8285375,0.402886552,0.031522888,2.428775794,0.167255902,-0.064205902
3762,0.888328866,0.441505211,0.051633143,2.433604374,0.18223819,-0.07918819
3763,1.016453222,0.549770298,0.075195468,2.467949597,0.201038678,-0.097988678
3764,1.125358924,0.652531988,0.010985772,2.404917485,0.215668197,-0.112618197
3765,1.131765142,0.637824636,0,2.345024904,0.207803534,-0.104753534
3766,0.948120232,0.559164026,0,2.305278719,0.192094958,-0.089044958
3767,0.625673937,0.484393747,0,2.292327715,0.179104775,-0.076054775
3768,0.341664949,0.380493423,0,2.266857407,0.176905159,-0.073855159
3769,0.235588746,0.252776678,0,2.250189338,0.163914976,-0.060864976
3770,0.230923622,0.186641038,0,2.25849262,0.160408042,-0.057358042
3771,0.254249241,0.168043355,0,2.237848263,0.161819116,-0.058769116
3772,0.359214524,0.163583706,0,2.209572202,0.159640251,-0.056590251
3773,0.723094171,0.163773478,0.019231248,2.241946886,0.160470295,-0.057420295
3774,1.616465356,0.164247909,0.041058406,2.27106308,0.212016005,-0.108966005
3775,2.073647477,0.352691784,0.075759542,2.296628518,0.246089297,-0.143039297
3776,1.684109649,0.492364183,0.187514889,2.349525912,0.232040808,-0.128990808
3777,1.394871981,0.521778886,0.258223339,2.423966337,0.188359761,-0.085309761
3778,1.394871981,0.515990832,0.379620095,2.523923711,0.17026481,-0.06721481
3779,1.112631998,0.501188594,0.333309955,2.649573593,0.162337893,-0.059287893
3780,1.107966875,0.652152443,0.340404818,2.782052273,0.155490033,-0.052440033
3781,1.028659772,0.788693599,0.613173374,3.01503202,0.150530522,-0.047480522
3782,0.895703747,0.552806654,0.567862702,3.0602575,0.149223204,-0.046173204
3783,0.846719948,0.481167618,0.514358652,3.196091384,0.149513719,-0.046463719
3784,0.816396644,0.430403533,0.441518438,3.212868766,0.152522627,-0.049472627
3785,0.905033994,0.402886552,0.382498065,3.196091384,0.157938662,-0.054888662
3786,0.970345726,0.441505211,0.177806346,3.106860406,0.175888356,-0.072838356
3787,1.110299436,0.695610296,0.069774805,2.914530952,0.180287587,-0.077237587
3788,1.22926009,0.610782086,0.010889787,2.638153017,0.176199622,-0.073149622
3789,1.236257776,0.637824636,0,2.513558522,0.161528601,-0.058478601
3790,1.035657457,0.591899744,0,2.433604374,0.155386278,-0.052336278
3791,0.683440619,0.51504197,0,2.400201961,0.147521614,-0.044471614
3792,0.373209895,0.380493423,0,2.386165692,0.093,0.01005
3793,0.24484285,0.252776678,0,2.386165692,0.0731,0.02995
3794,0.239994476,0.213683588,0,2.381523346,0.05309,0.04996
3795,0.264236343,0.185502405,0,2.386165692,0.05305,0.05
3796,0.373324741,0.163583706,0,2.395504892,0.04812,0.05493
3797,0.751497856,0.167189379,0.038536931,2.381523346,0.03827,0.06478
3798,1.679961335,0.199735326,0.105745057,2.376899029,0.0331,0.06995
3799,2.155101915,0.352691784,0.126970947,2.395504892,0.03305,0.07
3800,1.750262748,0.492364183,0.366665432,2.409651575,0.03298,0.07007
3801,1.449663605,0.49217441,0.444172228,2.453112224,0.02799,0.07506
3802,1.449663605,0.605468462,0.524180101,2.550214583,0.02479,0.07826
3803,1.156337023,0.501188594,0.719994269,2.615604701,0.02001,0.08304
3804,1.15148865,0.505743129,0.675154821,2.661093478,0.01715,0.0859
3805,1.069066304,0.567798664,0.635916903,2.738485459,0.00802,0.09503
3806,0.930887666,0.552806654,0.639675527,2.794755708,0.00304,0.10001
3807,0.879979747,0.481167618,0.712463317,2.80115103,0.00801,0.09504
3808,0.848465321,0.564287877,0.15274688,2.880242353,0.01861,0.08444
3809,0.940584413,0.407251315,0.008233009,2.820513825,0.02801,0.07504
3810,1.008461639,0.441505211,0.005490393,2.914530952,0.03311,0.06994
3811,1.153912836,0.549770298,0.00549896,2.782052273,0.11492165,-0.01187165
3812,1.277546355,0.652531988,0.002753553,2.643850972,0.141898068,-0.038848068
3813,1.284818915,0.637824636,0,2.571644958,0.145903029,-0.042853029
3814,1.076338864,0.591899744,0,2.53963278,0.14972123,-0.04667123
3815,0.710286683,0.525953876,0,2.488014228,0.136295274,-0.033245274
3816,0.387869861,0.356677002,0,2.443319361,0.146214295,-0.043164295
3817,0.285165931,0.252776678,0,2.395504892,0.122599554,-0.019549554
3818,0.279519081,0.186641038,0,2.376899029,0.117951309,-0.014901309
3819,0.307753332,0.168043355,0,2.376899029,0.112057999,-0.009007999
3820,0.43480746,0.163583706,0,2.336074427,0.115834698,-0.012784698
3821,0.875261769,0.167189379,0.011146572,2.309628302,0.11529517,-0.01224517
3822,1.956633568,0.17136437,0.072333759,2.327192015,0.123782366,-0.020732366
3823,2.510024881,0.173546751,0.200416643,2.400201961,0.12081496,-0.01776496
3824,2.038512895,0.492364183,0.244194115,2.467949597,0.125276444,-0.022226444
3825,1.688408187,0.521778886,0.363778043,2.482967546,0.114776392,-0.011726392
3826,1.688408187,0.515990832,0.631210876,2.523923711,0.104006576,-0.000956576
3827,1.346773755,0.501188594,0.68239308,2.518730453,0.118490838,-0.015440838
3828,1.341126905,0.505743129,0.665085985,2.566253669,0.124093632,-0.021043632
3829,1.245130453,0.688398949,0.648199967,2.604474468,0.121229982,-0.018179982
3830,1.084195224,0.640007017,0.62752788,2.626830472,0.124031379,-0.020981379
3831,1.024903298,0.481167618,0.67872917,2.621205567,0.130277457,-0.027227457
3832,0.988198772,0.430403533,0.543902337,2.550214583,0.144263693,-0.041213693
3833,1.095488924,0.402886552,0.346051249,2.488014228,0.159245981,-0.056195981
3834,1.174544826,0.441505211,0.131981488,2.503278119,0.185143342,-0.082093342
3835,1.34395033,0.549770298,0.048090731,2.508407787,0.194253071,-0.091203071
3836,1.487945008,0.751688005,0.01615496,2.477941296,0.197905263,-0.094855263
3837,1.496415283,0.587345209,0,2.453112224,0.190891395,-0.087841395
3838,1.253600728,0.591899744,0,2.390826172,0.178378487,-0.075328487
3839,0.827263543,0.51504197,0,2.372292636,0.166923884,-0.063873884
3840,0.45174801,0.380493423,0,2.367704062,0.162192636,-0.059142636
3841,0.331046808,0.252776678,0,2.349525912,0.152896147,-0.049846147
3842,0.324491426,0.186641038,0,2.354044231,0.150696531,-0.047646531
3843,0.357268337,0.176298449,0,2.354044231,0.149077946,-0.046027946
3844,0.50476444,0.168043355,0,2.340541109,0.149098697,-0.046048697
3845,1.016084262,0.167189379,0.01934117,2.340541109,0.146650068,-0.043600068
3846,2.271439979,0.199735326,0.096511494,2.345024904,0.148745928,-0.045695928
3847,2.913867448,0.352691784,0.17857902,2.367704062,0.155365527,-0.052315527
3848,2.366493023,0.492364183,0.328538572,2.386165692,0.16264916,-0.05959916
3849,1.960059318,0.521778886,0.437466647,2.400201961,0.157212374,-0.054162374
3850,1.960059318,0.570740135,0.731918138,2.488014228,0.15542778,-0.05237778
3851,1.563458687,0.702442098,0.645765352,2.477941296,0.154369474,-0.051319474
3852,1.556903305,0.505743129,0.595691486,2.453112224,0.15258488,-0.04953488
3853,1.445461805,0.567798664,0.634437359,2.428775794,0.14934771,-0.04629771
3854,1.258633408,0.552806654,0.64267051,2.433604374,0.149700479,-0.046650479
3855,1.189801894,0.481167618,0.57192589,2.472935354,0.150011745,-0.046961745
3856,1.147191909,0.430403533,0.363949167,2.534374741,0.151319064,-0.048269064
3857,1.271744173,0.556127669,0.354584397,2.518730453,0.157772653,-0.054722653
3858,1.363519526,0.424141048,0.131843353,2.52913843,0.16874998,-0.06569998
3859,1.560180996,0.549770298,0.066172969,2.503278119,0.176054364,-0.073004364
3860,1.727343245,0.652531988,0.026685027,2.477941296,0.177776705,-0.074726705
3861,1.737176319,0.637824636,0,2.467949597,0.175846853,-0.072796853
3862,1.455294879,0.591899744,0,2.443319361,0.176054364,-0.073004364
3863,0.960363512,0.51504197,0,2.414404339,0.165803325,-0.062753325
3864,0.524430587,0.442169414,0,2.376899029,0.155490033,-0.052440033
3865,0.50357785,0.319861179,0,2.354044231,0.153663937,-0.050613937
3866,0.510337284,0.186641038,0,2.349525912,0.151734086,-0.048684086
3867,0.537375021,0.168043355,0,2.336074427,0.149181701,-0.046131701
3868,0.645525968,0.163583706,0,2.318376894,0.146836828,-0.043786828
3869,1.054471739,0.167189379,0.027441745,2.292327715,0.153497928,-0.050447928
3870,1.8960213,0.199735326,0.099168737,2.313994329,0.182881473,-0.079831473
3871,2.399599149,0.222318227,0.219370621,2.358579961,0.19136867,-0.08831867
3872,2.20019584,0.24879146,0.219249591,2.482967546,0.202719516,-0.099669516
3873,1.926438754,0.521778886,0.42538179,2.555538622,0.196867709,-0.093817709
3874,1.747313747,0.515990832,0.431174348,2.555538622,0.202470503,-0.099420503
3875,1.551290154,0.501188594,0.327897791,2.53963278,0.205147394,-0.102097394
3876,1.446518924,0.505743129,0.237835183,2.513558522,0.19136867,-0.08831867
3877,1.412721753,0.567798664,0.174522643,2.560884937,0.187923988,-0.084873988
3878,1.341747693,0.673501825,0.322705034,2.560884937,0.18661667,-0.08356667
3879,1.341747693,0.517129465,0.130455169,2.560884937,0.189501071,-0.086451071
3880,1.419481187,0.430403533,0.176913455,2.555538622,0.196390434,-0.093340434
3881,1.510733549,0.402886552,0.285528156,2.523923711,0.209235359,-0.106185359
3882,1.662820819,0.441505211,0.15745219,2.498169388,0.216269979,-0.113219979
3883,1.811528372,0.549770298,0.074021573,2.493081466,0.217411289,-0.114361289
3884,1.902780734,0.652531988,0.019180742,2.482967546,0.205105892,-0.102055892
3885,1.82504724,0.684603503,0,2.458038153,0.199399342,-0.096349342
3886,1.56818874,0.54625951,0,2.433604374,0.18871253,-0.08566253
3887,0.95983966,0.51504197,0,2.423966337,0.177984216,-0.074934216
3888,0.615108514,0.380493423,0,2.423966337,0.171260862,-0.068210862
3889,0.507187049,0.252776678,0,2.423966337,0.16702764,-0.06397764
3890,0.513994929,0.186641038,0,2.433604374,0.162420898,-0.059370898
3891,0.541226448,0.168043355,0,2.428775794,0.162441649,-0.059391649
3892,0.650152526,0.166145632,0,2.419175889,0.161258836,-0.058208836
3893,1.062029256,0.163868365,0.016678282,2.404917485,0.165761823,-0.062711823
3894,1.909610298,0.199735326,0.046612849,2.390826172,0.192281718,-0.089231718
3895,2.416797346,0.352691784,0.067681306,2.376899029,0.210314416,-0.107264416
3896,2.215964891,0.492364183,0.161540591,2.327192015,0.222972581,-0.119922581
3897,1.940245757,0.521778886,0.317444941,2.292327715,0.212348023,-0.109298023
3898,1.759836941,0.515990832,0.316321849,2.322776091,0.200768914,-0.097718914
3899,1.562408425,0.619701383,0.479330128,2.372292636,0.197926014,-0.094876014
3900,1.456886288,0.778730555,0.708133582,2.462983903,0.188463517,-0.085413517
3901,1.422846888,0.567798664,0.404741881,2.513558522,0.182092932,-0.079042932
3902,1.35136415,0.552806654,0.343901719,2.604474468,0.174083011,-0.071033011
3903,1.35136415,0.481167618,0.263215882,2.577058947,0.16379047,-0.06074047
3904,1.429654768,0.430403533,0.254421756,2.649573593,0.166384356,-0.063334356
3905,1.521561146,0.402886552,0.072932483,2.678562363,0.180495098,-0.077445098
3906,1.674738443,0.604899145,0.071626891,2.643850972,0.193692792,-0.090642792
3907,1.8245118,0.522063545,0.013798753,2.566253669,0.199793613,-0.096743613
3908,1.916418178,0.652531988,0,2.498169388,0.197967517,-0.094917517
3909,1.838127559,0.637824636,0,2.467949597,0.192032705,-0.088982705
3910,1.579428125,0.591899744,0,2.419175889,0.185682871,-0.082632871
3911,0.966718939,0.51504197,0,2.390826172,0.173356723,-0.070306723
3912,0.619517066,0.380493423,0,2.390826172,0.154846749,-0.051796749
3913,0.261316903,0.277636847,0,2.390826172,0.151858592,-0.048808592
3914,0.256142311,0.236076717,0,2.395504892,0.149866487,-0.046816487
3915,0.282015271,0.168043355,0,2.376899029,0.151858592,-0.048808592
3916,0.398443594,0.163583706,0,2.354044231,0.15181709,-0.04876709
3917,0.802061781,0.167189379,0.00279639,2.363133205,0.155075011,-0.052025011
3918,1.792996175,0.199735326,0.016765386,2.354044231,0.170762836,-0.067712836
3919,2.300106204,0.352691784,0.027982868,2.414404339,0.192675988,-0.089625988
3920,1.868027761,0.353925304,0.030759913,2.52913843,0.185371604,-0.082321604
3921,1.547203048,0.422148439,0.03935067,2.582495781,0.168625474,-0.065575474
3922,1.547203048,0.515990832,0.053000014,2.672713974,0.16132109,-0.05827109
3923,1.234140224,0.501188594,0.086550602,2.672713974,0.155676793,-0.052626793
3924,1.228965632,0.505743129,0.091513902,2.866751756,0.152024601,-0.048974601
3925,1.140997566,0.567798664,0.094635518,2.853386946,0.152522627,-0.049472627
3926,0.99352169,0.552806654,0.061170306,2.853386946,0.152916898,-0.049866898
3927,0.939188472,0.612110492,0.055536683,2.907608076,0.155365527,-0.052315527
3928,0.905553624,0.459343806,0.050226023,2.971123786,0.157606644,-0.054556644
3929,1.003870874,0.402886552,0.088562662,2.956770531,0.162939675,-0.059889675
3930,1.076315164,0.441505211,0.042478824,2.963929782,0.196992215,-0.093942215
3931,1.231552928,0.549770298,0.0389178,2.942555288,0.226355009,-0.123305009
3932,1.363505028,0.652531988,0.013975455,2.714197339,0.251795847,-0.148745847
3933,1.371266916,0.637824636,0,2.655321041,0.222972581,-0.119922581
3934,1.148759454,0.559164026,0,2.534374741,0.191742189,-0.088692189
3935,0.758077748,0.484393747,0,2.482967546,0.178191727,-0.075141727
3936,0.413967371,0.380493423,0,2.438452191,0.162441649,-0.059391649
3937,0.219520553,0.252776678,0,2.404917485,0.154846749,-0.051796749
3938,0.215173612,0.186641038,0,2.376899029,0.151651081,-0.048601081
3939,0.23690832,0.168043355,0,2.363133205,0.151920845,-0.048870845
3940,0.334714507,0.163583706,0,2.336074427,0.152999902,-0.049949902
3941,0.673775956,0.163773478,0.022598965,2.313994329,0.15505426,-0.05200426
3942,1.506215283,0.164247909,0.096419104,2.367704062,0.176573142,-0.073523142
3943,1.932215564,0.352691784,0.268496791,2.448206,0.202906276,-0.099856276
3944,1.569245936,0.492364183,0.46988012,2.560884937,0.216747254,-0.113697254
3945,1.299735554,0.521778886,0.624531958,2.672713974,0.194813351,-0.091763351
3946,1.299735554,0.515990832,0.703148716,2.769463801,0.182092932,-0.079042932
3947,1.036745584,0.501188594,0.607678847,2.900718009,0.178150225,-0.075100225
3948,1.032398642,0.652152443,0.588375637,3.037476427,0.165471308,-0.062421308
3949,0.958500634,0.788693599,0.675688919,3.091169192,0.161570103,-0.058520103
3950,0.834612797,0.552806654,0.647277006,3.171251295,0.162109631,-0.059059631
3951,0.78896991,0.481167618,0.66881234,3.212868766,0.163728216,-0.060678216
3952,0.760714789,0.430403533,0.518926048,2.900718009,0.168459465,-0.065409465
3953,0.843306681,0.402886552,0.368738321,3.037476427,0.194771849,-0.091721849
3954,0.904163864,0.441505211,0.124619719,2.900718009,0.213987359,-0.110937359
3955,1.034572113,0.695610296,0.038137005,2.914530952,0.227288808,-0.124238808
3956,1.145419125,0.610782086,0.008439784,2.887035377,0.215356931,-0.112306931
3957,1.151939538,0.637824636,0,2.873481221,0.197739255,-0.094689255
3958,0.965021047,0.591899744,0,2.833571759,0.183400251,-0.080350251
3959,0.636826952,0.51504197,0,2.666891068,0.17177964,-0.06872964
3960,0.347755332,0.380493423,0,2.643850972,0.162130382,-0.059080382
3961,0.205930947,0.252776678,0,2.678562363,0.158353684,-0.055303684
3962,0.201853106,0.213683588,0,2.807575688,0.155137265,-0.052087265
3963,0.222242309,0.185502405,0,2.678562363,0.151028549,-0.047978549
3964,0.31399372,0.163583706,0,2.626830472,0.148247902,-0.045197902
3965,0.632065281,0.167189379,0.030842374,2.571644958,0.1462973,-0.0432473
3966,1.412971742,0.199735326,0.121717481,2.560884937,0.148413911,-0.045363911
3967,1.812600114,0.352691784,0.233492351,2.587955603,0.155282522,-0.052232522
3968,1.47210043,0.492364183,0.372818087,2.672713974,0.161528601,-0.058478601
3969,1.219274317,0.49217441,0.455472521,2.756988739,0.160013771,-0.056963771
3970,1.219274317,0.605468462,0.638218676,2.714197339,0.155573037,-0.052523037
3971,0.972564965,0.501188594,0.69350061,2.750793258,0.150053247,-0.047003247
3972,0.968487125,0.505743129,0.657219635,2.775743764,0.145716269,-0.042666269
3973,0.899163836,0.567798664,0.653842641,2.833571759,0.14478247,-0.04173247
3974,0.782945381,0.552806654,0.662201296,2.942555288,0.141898068,-0.038848068
3975,0.740128055,0.481167618,0.730202642,2.942555288,0.142105579,-0.039055579
3976,0.713622092,0.564287877,0.555311425,2.985617073,0.144761719,-0.041711719
3977,0.791101062,0.407251315,0.362623611,3.052625935,0.153165911,-0.050115911
3978,0.848190829,0.441505211,0.14315687,2.880242353,0.167193648,-0.064143648
3979,0.970526045,0.549770298,0.059248961,2.853386946,0.176469386,-0.073419386
3980,1.074510978,0.652531988,0.027032803,2.76321219,0.175307325,-0.072257325
3981,1.080627739,0.637824636,0,2.381523346,0.174083011,-0.071033011
3982,0.905280597,0.591899744,0,2.390826172,0.174166015,-0.071116015
3983,0.597403637,0.525953876,0,2.400201961,0.164246994,-0.061196994
3984,0.326227242,0.356677002,0,2.395504892,0.155656042,-0.052606042
3985,0.226893988,0.252776678,0,2.395504892,0.150157003,-0.047107003
3986,0.222401038,0.186641038,0,2.390826172,0.147106592,-0.044056592
3987,0.244865789,0.168043355,0,2.404917485,0.14573702,-0.04268702
3988,0.34595717,0.163583706,0,2.404917485,0.145072985,-0.042022985
3989,0.69640729,0.167189379,0.022543417,2.395504892,0.142603606,-0.039553606
3990,1.556807264,0.17136437,0.094598248,2.400201961,0.142624357,-0.039574357
3991,1.997116389,0.173546751,0.26732673,2.433604374,0.148932688,-0.045882688
3992,1.621955042,0.492364183,0.454327668,2.381523346,0.151879343,-0.048829343
3993,1.343392127,0.521778886,0.63351397,2.414404339,0.151236059,-0.048186059
3994,1.343392127,0.515990832,0.697801661,2.488014228,0.149990994,-0.046940994
3995,1.071568636,0.501188594,0.644509988,2.593438559,0.151111553,-0.048061553
3996,1.067075686,0.505743129,0.61334704,2.615604701,0.149430715,-0.046380715
3997,0.990695531,0.688398949,0.62213935,2.714197339,0.14268661,-0.03963661
3998,0.862646449,0.640007017,0.650062715,2.708192478,0.14098502,-0.03793502
3999,0.815470471,0.481167618,0.598269237,2.782052273,0.14420144,-0.04115144
4000,0.786266295,0.430403533,0.490356674,2.873481221,0.146546313,-0.043496313
4001,0.87163235,0.402886552,0.30659434,2.820513825,0.156776601,-0.053726601
4002,0.934533653,0.441505211,0.163466934,2.860053738,0.172319168,-0.069269168
4003,1.069322161,0.549770298,0.051814615,2.788389522,0.186097892,-0.083047892
4004,1.183892392,0.751688005,0.016232066,2.655321041,0.192551482,-0.089501482
4005,1.190631818,0.587345209,0,2.53963278,0.20012563,-0.09707563
4006,0.997434957,0.591899744,0,2.513558522,0.192758993,-0.089708993
4007,0.658217213,0.51504197,0,2.482967546,0.177942714,-0.074892714
4008,0.35943602,0.380493423,0,2.462983903,0.161653107,-0.058603107
4009,0.20446665,0.252776678,0,2.472935354,0.155884304,-0.052834304
4010,0.200417805,0.186641038,0,2.428775794,0.155220269,-0.052170269
4011,0.220662028,0.176298449,0,2.409651575,0.154224217,-0.051174217
4012,0.31176103,0.168043355,0,2.367704062,0.154244968,-0.051194968
4013,0.627570905,0.167189379,0.027664479,2.358579961,0.157274627,-0.054224627
4014,1.402924636,0.199735326,0.112965017,2.419175889,0.188069246,-0.085019246
4015,1.799711402,0.352691784,0.202123859,2.513558522,0.198465543,-0.095415543
4016,1.461632882,0.492364183,0.327830744,2.593438559,0.194771849,-0.091721849
4017,1.21060452,0.521778886,0.383529303,2.720228889,0.174373526,-0.071323526
4018,1.21060452,0.570740135,0.643722987,2.714197339,0.16493178,-0.06188178
4019,0.965649425,0.702442098,0.677334728,2.840146172,0.162981177,-0.059931177
4020,0.96160058,0.505743129,0.523621124,2.921486874,0.163582959,-0.060532959
4021,0.892770223,0.567798664,0.633629739,2.985617073,0.166010836,-0.062960836
4022,0.777378153,0.552806654,0.402597031,3.0602575,0.165180793,-0.062130793
4023,0.734865285,0.481167618,0.230578619,3.122711735,0.166716373,-0.063666373
4024,0.708547796,0.430403533,0.118633623,3.154904639,0.175058312,-0.072008312
4025,0.785475842,0.556127669,0.187423677,3.187768229,0.186367657,-0.083317657
4026,0.842159666,0.424141048,0.060303216,3.163056848,0.211455726,-0.108405726
4027,0.963625002,0.549770298,0.01657262,3.075635678,0.238515149,-0.135465149
4028,1.066870538,0.652531988,0.008284413,2.907608076,0.237311585,-0.134261585
4029,1.072943805,0.637824636,0,2.782052273,0.213904355,-0.110854355
4030,0.89884349,0.591899744,0,2.720228889,0.187529718,-0.084479718
4031,0.593155726,0.51504197,0,2.672713974,0.174186766,-0.071136766
4032,0.323907564,0.442169414,0,2.649573593,0.161466347,-0.058416347
4033,0.065275772,0.319861179,0,2.593438559,0.161217334,-0.058167334
4034,0.059836125,0.186641038,0,2.566253669,0.156548339,-0.053498339
4035,0.061649341,0.168043355,0,2.513558522,0.155407029,-0.052357029
4036,0.130551545,0.163583706,0,2.467949597,0.157295378,-0.054245378
4037,0.351763885,0.167189379,0.008319753,2.438452191,0.157565142,-0.054515142
4038,1.120567427,0.199735326,0.035884756,2.482967546,0.178669002,-0.075619002
4039,1.891184186,0.222318227,0.062683711,2.577058947,0.200416145,-0.097366145
4040,1.363538358,0.24879146,0.201835922,2.738485459,0.196286678,-0.093236678
4041,1.104248484,0.521778886,0.346276222,2.794755708,0.183815272,-0.080765272
4042,1.029906632,0.515990832,0.58177374,2.928476077,0.175888356,-0.072838356
4043,0.855837906,0.501188594,0.694282346,3.022476543,0.173771744,-0.070721744
4044,1.055291655,0.505743129,0.621210693,3.171251295,0.17007805,-0.06702805
4045,0.975510155,0.567798664,0.676616362,3.179488312,0.167961439,-0.064911439
4046,0.737978872,0.673501825,0.669560084,3.229823219,0.167878434,-0.064828434
4047,0.705340986,0.517129465,0.727250955,3.308386486,0.172671937,-0.069621937
4048,0.634625566,0.430403533,0.507082665,3.36292033,0.182113683,-0.079063683
4049,0.730726008,0.402886552,0.355504962,3.28177748,0.192115709,-0.089065709
4050,0.937432621,0.441505211,0.12685276,3.187768229,0.200872669,-0.097822669
4051,0.913860815,0.549770298,0.040115324,3.114765903,0.230339219,-0.127289219
4052,0.953751564,0.652531988,0.013601373,2.80115103,0.232331323,-0.129281323
4053,0.962817644,0.684603503,0,2.775743764,0.203445805,-0.100395805
4054,0.850398258,0.54625951,0,2.666891068,0.190704635,-0.087654635
4055,0.44242468,0.51504197,0,2.63247957,0.169995046,-0.066945046
4056,0.197640533,0.380493423,0,2.643850972,0.163852723,-0.060802723
4057,0.059535881,0.252776678,0,2.621205567,0.162068129,-0.059018129
4058,0.054574558,0.186641038,0,2.604474468,0.161570103,-0.058520103
4059,0.056228332,0.168043355,0,2.555538622,0.162005876,-0.058955876
4060,0.119071762,0.166145632,0,2.513558522,0.162815168,-0.059765168
4061,0.320832248,0.163868365,0.019418659,2.498169388,0.162109631,-0.059059631
4062,1.022032625,0.199735326,0.090498806,2.498169388,0.182424949,-0.079374949
4063,1.724886777,0.352691784,0.172189899,2.593438559,0.205998189,-0.102948189
4064,1.243638405,0.492364183,0.373793867,2.76321219,0.214734398,-0.111684398
4065,1.007148655,0.521778886,0.617727653,2.89386052,0.195311377,-0.092261377
4066,0.939343901,0.515990832,0.768211256,2.99291687,0.18223819,-0.07918819
4067,0.780581552,0.619701383,0.642133371,3.075635678,0.177735203,-0.074685203
4068,0.962496744,0.778730555,0.601064395,3.154904639,0.169849788,-0.066799788
4069,0.889730667,0.567798664,0.603673033,3.308386486,0.169683779,-0.066633779
4070,0.673086211,0.552806654,0.647836852,3.372184573,0.16835571,-0.06530571
4071,0.64331827,0.481167618,0.720969499,3.438491573,0.167940688,-0.064890688
4072,0.578821066,0.430403533,0.555509222,3.36292033,0.165492059,-0.062442059
4073,0.666471113,0.402886552,0.351451334,3.372184573,0.182092932,-0.079042932
4074,0.855001403,0.604899145,0.122149595,3.344543716,0.196680949,-0.093630949
4075,0.833502335,0.522063545,0.03746847,3.308386486,0.203383551,-0.100333551
4076,0.869885373,0.652531988,0.016319364,3.052625935,0.199025822,-0.095975822
4077,0.878154246,0.637824636,0,2.914530952,0.18775798,-0.08470798
4078,0.775620228,0.591899744,0,2.853386946,0.176220373,-0.073170373
4079,0.403520972,0.51504197,0,2.732372768,0.165658068,-0.062608068
4080,0.180261418,0.380493423,0,2.672713974,0.156963361,-0.053913361
4081,0.18815103,0.277636847,0,2.621205567,0.155780548,-0.052730548
4082,0.184425267,0.236076717,0,2.571644958,0.155033509,-0.051983509
4083,0.203054081,0.168043355,0,2.571644958,0.152626383,-0.049576383
4084,0.286883748,0.163583706,0,2.577058947,0.152273614,-0.049223614
4085,0.577493259,0.167189379,0.016849277,2.560884937,0.153456426,-0.050406426
4086,1.290976866,0.199735326,0.086112495,2.577058947,0.157233125,-0.054183125
4087,1.656101636,0.352691784,0.257160161,2.678562363,0.167940688,-0.064890688
4088,1.345000429,0.353925304,0.447275636,2.738485459,0.175390329,-0.072340329
4089,1.114003126,0.422148439,0.619113117,2.750793258,0.169642277,-0.066592277
4090,1.114003126,0.515990832,0.752208905,2.732372768,0.167110644,-0.064060644
4091,0.888594466,0.501188594,0.639016038,2.696262115,0.169787535,-0.066737535
4092,0.884868703,0.505743129,0.601462064,2.649573593,0.167919937,-0.064869937
4093,0.821530733,0.567798664,0.606254472,2.621205567,0.16379047,-0.06074047
4094,0.715346489,0.552806654,0.641309537,2.661093478,0.161881369,-0.058831369
4095,0.676225978,0.612110492,0.700321199,2.750793258,0.163458452,-0.060408452
4096,0.652008518,0.459343806,0.539292704,2.732372768,0.16264916,-0.05959916
4097,0.722798015,0.402886552,0.340923085,2.769463801,0.169227255,-0.066177255
4098,0.774958696,0.441505211,0.116928891,2.708192478,0.175265823,-0.072215823
4099,0.886731585,0.549770298,0.034810304,2.655321041,0.18605639,-0.08300639
4100,0.98173854,0.652531988,0.013662067,2.63247957,0.200872669,-0.097822669
4101,0.987327185,0.637824636,0,2.577058947,0.196805455,-0.093755455
4102,0.827119377,0.559164026,0,2.534374741,0.189812338,-0.086762338
4103,0.545824274,0.484393747,0,2.508407787,0.174560286,-0.071510286
4104,0.298061037,0.380493423,0,2.498169388,0.164226242,-0.061176242
4105,0.196005648,0.252776678,0,2.498169388,0.15980626,-0.05675626
4106,0.192124348,0.186641038,0,2.472935354,0.159287483,-0.056237483
4107,0.211530848,0.168043355,0,2.477941296,0.161528601,-0.058478601
4108,0.298860097,0.163583706,0,2.472935354,0.162400146,-0.059350146
4109,0.601601493,0.163773478,0.019390275,2.462983903,0.163645212,-0.060595212
4110,1.344870435,0.164247909,0.090043717,2.477941296,0.177548443,-0.074498443
4111,1.72523783,0.352691784,0.255740907,2.560884937,0.189376565,-0.086326565
4112,1.401149284,0.492364183,0.394836985,2.655321041,0.190766888,-0.087716888
4113,1.160508687,0.521778886,0.581817507,2.678562363,0.185205596,-0.082155596
4114,1.160508687,0.515990832,0.691295422,2.756988739,0.184209543,-0.081159543
4115,0.925690039,0.501188594,0.711605359,2.860053738,0.178212478,-0.075162478
4116,0.921808739,0.652152443,0.661678077,2.827027714,0.168189701,-0.065139701
4117,0.85582664,0.788693599,0.644005023,2.782052273,0.162628408,-0.059578408
4118,0.745209591,0.552806654,0.65679703,2.833571759,0.160304286,-0.057254286
4119,0.704455942,0.481167618,0.565869372,2.914530952,0.15999302,-0.05694302
4120,0.679227492,0.430403533,0.499542915,2.833571759,0.159910016,-0.056860016
4121,0.752972191,0.402886552,0.23771268,2.880242353,0.165637317,-0.062587317
4122,0.807310391,0.441505211,0.152583627,2.900718009,0.177693701,-0.074643701
4123,0.923749389,0.695610296,0.073812415,2.820513825,0.18547536,-0.08242536
4124,1.022722538,0.610782086,0.010891132,2.782052273,0.19232322,-0.08927322
4125,1.028544488,0.637824636,0,2.696262115,0.196618696,-0.093568696
4126,0.86164859,0.591899744,0,2.649573593,0.185205596,-0.082155596
4127,0.568610443,0.51504197,0,2.638153017,0.169725282,-0.066675282
4128,0.310503996,0.380493423,0,2.655321041,0.166882382,-0.063832382
4129,0.208705936,0.252776678,0,2.63247957,0.159266732,-0.056216732
4130,0.204573145,0.213683588,0,2.566253669,0.155282522,-0.052232522
4131,0.225237099,0.185502405,0,2.550214583,0.155137265,-0.052087265
4132,0.318224892,0.163583706,0,2.534374741,0.153850697,-0.050800697
4133,0.640582576,0.167189379,0.028161418,2.523923711,0.153352671,-0.050302671
4134,1.432012016,0.199735326,0.0985032,2.550214583,0.155116513,-0.052066513
4135,1.837025515,0.352691784,0.263090426,2.582495781,0.160636304,-0.057586304
4136,1.491937482,0.492364183,0.420932532,2.593438559,0.165367552,-0.062317552
4137,1.235704452,0.49217441,0.652896839,2.63247957,0.159411989,-0.056361989
4138,1.235704452,0.605468462,0.709928633,2.661093478,0.157502889,-0.054452889
4139,0.985670608,0.501188594,0.639404762,2.696262115,0.155261771,-0.052211771
4140,0.981537817,0.505743129,0.598899648,2.702214128,0.15524102,-0.05219102
4141,0.911280374,0.567798664,0.505402554,2.720228889,0.152294365,-0.049244365
4142,0.793495835,0.552806654,0.2706593,2.696262115,0.152086854,-0.049036854
4143,0.750101532,0.481167618,0.212189941,2.788389522,0.15258488,-0.04953488
4144,0.723238392,0.564287877,0.356544964,2.708192478,0.155220269,-0.052170269
4145,0.801761417,0.407251315,0.247300945,2.690336264,0.161839867,-0.058789867
4146,0.859620488,0.441505211,0.139245314,2.714197339,0.165118539,-0.062068539
4147,0.983604213,0.549770298,0.051641655,2.696262115,0.171717386,-0.068667386
4148,1.088990378,0.652531988,0.008406561,2.643850972,0.16646736,-0.06341736
4149,1.095189565,0.637824636,0,2.610027719,0.16076081,-0.05771081
4150,0.91747956,0.591899744,0,2.587955603,0.163665963,-0.060615963
4151,0.605453854,0.525953876,0,2.560884937,0.154431727,-0.051381727
4152,0.330623265,0.356677002,0,2.555538622,0.151360566,-0.048310566
4153,0.1955753,0.252776678,0,2.53963278,0.14857992,-0.04552992
4154,0.191702521,0.186641038,0,2.518730453,0.147044339,-0.043994339
4155,0.211066412,0.168043355,0,2.493081466,0.145612514,-0.042562514
4156,0.298203922,0.163583706,0,2.488014228,0.13830813,-0.03525813
4157,0.600280622,0.167189379,0.022694652,2.458038153,0.13830813,-0.03525813
4158,1.341917649,0.17136437,0.094899587,2.472935354,0.137021562,-0.033971562
4159,1.721449914,0.173546751,0.261782785,2.544912682,0.138474138,-0.035424138
4160,1.398072933,0.492364183,0.466559878,2.587955603,0.14534275,-0.04229275
4161,1.157960684,0.521778886,0.645145468,2.684436404,0.144823972,-0.041773972
4162,1.157960684,0.515990832,0.698961091,2.750793258,0.132539326,-0.029489326
4163,0.923657603,0.501188594,0.60966387,2.814029885,0.12824385,-0.02519385
4164,0.919784825,0.505743129,0.605691936,2.880242353,0.113676585,-0.010626585
4165,0.853947595,0.688398949,0.611390509,2.971123786,0.098403782,0.004646218
4166,0.743573416,0.640007017,0.663146143,3.029957921,0.08878,0.01427
4167,0.702909245,0.481167618,0.692829653,3.083382872,0.08771,0.01534
4168,0.677736187,0.430403533,0.573532755,3.163056848,0.093133004,0.009916996
4169,0.751318972,0.402886552,0.233565994,3.075635678,0.145135239,-0.042085239
4170,0.805537867,0.441505211,0.168678868,3.154904639,0.152709387,-0.049659387
4171,0.921721214,0.549770298,0.067381579,3.022476543,0.166944635,-0.063894635
4172,1.020477058,0.751688005,0.024619119,2.928476077,0.168480216,-0.065430216
4173,1.026286225,0.587345209,0,2.827027714,0.15922523,-0.05617523
4174,0.859756762,0.591899744,0,2.769463801,0.16399798,-0.06094798
4175,0.567362008,0.51504197,0,2.744625561,0.151547326,-0.048497326
4176,0.309822257,0.380493423,0,2.661093478,0.149015693,-0.045965693
4177,0.058871279,0.252776678,0,2.610027719,0.146338802,-0.043288802
4178,0.053965339,0.186641038,0,2.610027719,0.142852619,-0.039802619
4179,0.055600652,0.176298449,0,2.560884937,0.144097684,-0.041047684
4180,0.117742558,0.168043355,0,2.534374741,0.139158924,-0.036108924
4181,0.31725078,0.167189379,0.028146821,2.498169388,0.146940584,-0.043890584
4182,1.010623619,0.199735326,0.101493462,2.560884937,0.166176845,-0.063126845
4183,1.705631771,0.352691784,0.227714752,2.626830472,0.192551482,-0.089501482
4184,1.229755601,0.492364183,0.398642538,2.738485459,0.181823168,-0.078773168
4185,0.995905799,0.521778886,0.489706998,2.80115103,0.168251954,-0.065201954
4186,0.928857954,0.570740135,0.587491695,2.971123786,0.160843815,-0.057793815
4187,0.771867877,0.702442098,0.612458816,3.083382872,0.160989072,-0.057939072
4188,0.95175234,0.505743129,0.697021547,3.229823219,0.157108618,-0.054058618
4189,0.879798555,0.567798664,0.604971793,3.36292033,0.155095762,-0.052045762
4190,0.665572513,0.552806654,0.680122257,3.467713881,0.155137265,-0.052087265
4191,0.636136874,0.481167618,0.583173212,3.558438953,0.158229177,-0.055179177
4192,0.572359655,0.430403533,0.42037297,3.497437143,0.159827011,-0.056777011
4193,0.65903126,0.556127669,0.232849541,3.537869942,0.167650172,-0.064600172
4194,0.845456976,0.424141048,0.096360229,3.589744868,0.186554416,-0.083504416
4195,0.824197903,0.549770298,0.040628729,3.448177465,0.210874695,-0.107824695
4196,0.860174796,0.652531988,0.021937418,3.221323684,0.205126643,-0.102076643
4197,0.868351362,0.637824636,0,3.075635678,0.177963465,-0.074913465
4198,0.766961937,0.591899744,0,2.971123786,0.164226242,-0.061176242
4199,0.399016445,0.51504197,0,2.866751756,0.153228164,-0.050178164
4200,0.17824915,0.442169414,0,2.833571759,0.151319064,-0.048269064
4201,0.052706739,0.319861179,0,2.769463801,0.146172793,-0.043122793
4202,0.048314511,0.186641038,0,2.702214128,0.143848671,-0.040798671
4203,0.049778587,0.168043355,0,2.696262115,0.14212633,-0.03907633
4204,0.105413478,0.163583706,0,2.649573593,0.140486994,-0.037436994
4205,0.284030759,0.167189379,0.008468707,2.598944798,0.149679728,-0.046629728
4206,0.904799016,0.199735326,0.044432992,2.649573593,0.162566155,-0.059516155
4207,1.527031349,0.222318227,0.068673148,2.708192478,0.184168041,-0.081118041
4208,1.10098521,0.24879146,0.140127003,2.873481221,0.195103866,-0.092053866
4209,0.891622331,0.521778886,0.467287309,2.985617073,0.178046469,-0.074996469
4210,0.831595212,0.515990832,0.268914356,3.098994937,0.171426871,-0.068376871
4211,0.691043909,0.501188594,0.443015954,3.204458115,0.168687727,-0.065637727
4212,0.852092277,0.505743129,0.722988487,3.326366848,0.16551281,-0.06246281
4213,0.78767293,0.567798664,0.621938912,3.419282123,0.163188688,-0.060138688
4214,0.595878963,0.673501825,0.6581461,3.654038806,0.163396199,-0.060346199
4215,0.569525594,0.517129465,0.651844878,3.720677812,0.165492059,-0.062442059
4216,0.512426627,0.430403533,0.551265686,3.732021341,0.169683779,-0.066633779
4217,0.590022659,0.402886552,0.370506016,3.813404984,0.19518687,-0.09213687
4218,0.756927332,0.441505211,0.131956698,3.70940303,0.220731464,-0.117681464
4219,0.737894343,0.549770298,0.048475479,3.507458453,0.248268161,-0.145218161
4220,0.770104017,0.652531988,0.019148413,3.24695756,0.244719725,-0.141669725
4221,0.777424397,0.684603503,0,3.106860406,0.221540756,-0.118490756
4222,0.68665168,0.54625951,0,3.022476543,0.189065298,-0.086015298
4223,0.357234563,0.51504197,0,2.914530952,0.170659081,-0.067609081
4224,0.159584292,0.380493423,0,2.860053738,0.170534574,-0.067484574
4225,0.04842038,0.252776678,0,2.833571759,0.162296391,-0.059246391
4226,0.044385348,0.186641038,0,2.775743764,0.162171884,-0.059121884
4227,0.045730359,0.168043355,0,2.738485459,0.158000915,-0.054950915
4228,0.09684076,0.166145632,0,2.702214128,0.157544391,-0.054494391
4229,0.260932048,0.163868365,0.028027021,2.684436404,0.157108618,-0.054058618
4230,0.831216525,0.199735326,0.105218715,2.750793258,0.1852886,-0.0822386
4231,1.402846013,0.352691784,0.268150134,2.846751163,0.217183027,-0.114133027
4232,1.01144794,0.492364183,0.473601049,3.052625935,0.217722555,-0.114672555
4233,0.81911143,0.521778886,0.54437926,3.114765903,0.193568285,-0.090518285
4234,0.763965997,0.515990832,0.687524377,3.28177748,0.172090906,-0.069040906
4235,0.634844984,0.619701383,0.462714684,3.353706849,0.169206504,-0.066156504
4236,0.782796145,0.778730555,0.76277509,3.477565341,0.165844828,-0.062794828
4237,0.723615681,0.567798664,0.674339979,3.579248538,0.16171536,-0.05866536
4238,0.547419297,0.552806654,0.646348443,3.801562112,0.159204478,-0.056154478
4239,0.523209107,0.481167618,0.676095403,3.97436039,0.15715012,-0.05410012
4240,0.470753696,0.430403533,0.374992147,3.961498382,0.158353684,-0.055303684
4241,0.542039255,0.402886552,0.147851226,4.000336601,0.164163989,-0.061113989
4242,0.695370459,0.604899145,0.159371111,3.961498382,0.173937753,-0.070887753
4243,0.677885322,0.522063545,0.083646311,3.801562112,0.196639447,-0.093589447
4244,0.707475554,0.652531988,0.019097282,3.400286111,0.194481333,-0.091431333
4245,0.714200607,0.637824636,0,3.255593085,0.173917002,-0.070867002
4246,0.630809952,0.591899744,0,3.13069821,0.169206504,-0.066156504
4247,0.328182576,0.51504197,0,3.029957921,0.156486085,-0.053436085
4248,0.146606151,0.380493423,0,2.949645783,0.151153055,-0.048103055
4249,0.046084816,0.277636847,0,2.873481221,0.148102645,-0.045052645
4250,0.042244415,0.236076717,0,2.833571759,0.144989981,-0.041939981
4251,0.043524549,0.168043355,0,2.788389522,0.14706509,-0.04401509
4252,0.092169632,0.163583706,0,2.76321219,0.149202453,-0.046152453
4253,0.248345954,0.167189379,0.022262698,2.744625561,0.155365527,-0.052315527
4254,0.791122679,0.199735326,0.1139204,2.80115103,0.167172897,-0.064122897
4255,1.335179537,0.352691784,0.254667934,2.880242353,0.182881473,-0.079831473
4256,0.962660606,0.353925304,0.439758528,3.098994937,0.180412094,-0.077362094
4257,0.779601475,0.422148439,0.620269891,3.24695756,0.168791482,-0.065741482
4258,0.72711599,0.515990832,0.693172162,3.40975766,0.164765771,-0.061715771
4259,0.604223146,0.501188594,0.637338532,3.579248538,0.164579011,-0.061529011
4260,0.745037862,0.505743129,0.661622957,3.732021341,0.159391238,-0.056341238
4261,0.688711976,0.567798664,0.751579836,3.861523659,0.157233125,-0.054183125
4262,0.52101445,0.552806654,0.622537269,3.97436039,0.157191623,-0.054141623
4263,0.497972042,0.612110492,0.418262633,3.948719355,0.158021666,-0.054971666
4264,0.448046825,0.459343806,0.309419298,3.936022508,0.159328985,-0.056278985
4265,0.515893915,0.402886552,0.305580628,3.987306189,0.167712426,-0.064662426
4266,0.661829167,0.441505211,0.141528658,3.948719355,0.179997072,-0.076947072
4267,0.645187427,0.549770298,0.039845797,3.698196375,0.205334154,-0.102284154
4268,0.673350371,0.652531988,0.019007933,3.448177465,0.201432949,-0.098382949
4269,0.679751039,0.637824636,0,3.290599462,0.184396303,-0.081346303
4270,0.600382745,0.559164026,0,3.196091384,0.178482242,-0.075432242
4271,0.312352643,0.484393747,0,3.163056848,0.166882382,-0.063832382
4272,0.139534582,0.380493423,0,3.106860406,0.15829143,-0.05524143
4273,0.047135442,0.252776678,0,3.037476427,0.158789457,-0.055739457
4274,0.043207488,0.186641038,0,2.978352798,0.161466347,-0.058416347
4275,0.044516806,0.168043355,0,2.873481221,0.163375448,-0.060325448
4276,0.094270884,0.163583706,0,2.76321219,0.161113579,-0.058063579
4277,0.254007659,0.163773478,0.0169118,2.696262115,0.161217334,-0.058167334
4278,0.809158418,0.164247909,0.09099146,2.702214128,0.195581141,-0.092531141
4279,1.365618495,0.352691784,0.323265749,2.775743764,0.221665263,-0.118615263
4280,0.984607007,0.492364183,0.472124504,2.900718009,0.221001228,-0.117951228
4281,0.797374558,0.521778886,0.264554201,3.01503202,0.195311377,-0.092261377
4282,0.743692527,0.515990832,0.431372772,3.138725641,0.18433405,-0.08128405
4283,0.617998015,0.501188594,0.316124041,3.212868766,0.175079063,-0.072029063
4284,0.762022976,0.652152443,0.222070567,3.326366848,0.16931026,-0.06626026
4285,0.704412992,0.788693599,0.350618049,3.457918079,0.164288496,-0.061238496
4286,0.532892356,0.552806654,0.378748741,3.610923304,0.163375448,-0.060325448
4287,0.509324635,0.481167618,0.207896185,3.64316369,0.16341695,-0.06036695
4288,0.45826124,0.430403533,0.043678949,3.610923304,0.164433753,-0.061383753
4289,0.527655085,0.402886552,0.102619194,3.610923304,0.17406226,-0.07101226
4290,0.676917317,0.441505211,0.089640859,3.548124638,0.205375656,-0.102325656
4291,0.659896186,0.695610296,0.02474896,3.438491573,0.231107009,-0.128057009
4292,0.688701178,0.610782086,0.008319753,3.204458115,0.230131708,-0.127081708
4293,0.695247767,0.637824636,0,3.022476543,0.206620722,-0.103570722
4294,0.614070062,0.591899744,0,3.007624079,0.193775796,-0.090725796
4295,0.31947355,0.51504197,0,2.887035377,0.174083011,-0.071033011
4296,0.142715643,0.380493423,0,2.807575688,0.166176845,-0.063126845
4297,0.047889203,0.252776678,0,2.782052273,0.158685701,-0.055635701
4298,0.043898436,0.213683588,0,2.738485459,0.15505426,-0.05200426
4299,0.045228692,0.185502405,0,2.661093478,0.153497928,-0.050447928
4300,0.095778407,0.163583706,0,2.615604701,0.154307221,-0.051257221
4301,0.258069596,0.167189379,0.005552506,2.577058947,0.152730138,-0.049680138
4302,0.822097991,0.199735326,0.044193105,2.626830472,0.15542778,-0.05237778
4303,1.387456641,0.352691784,0.09052437,2.720228889,0.158374435,-0.055324435
4304,1.000352247,0.492364183,0.106505523,2.89386052,0.15561454,-0.05256454
4305,0.81012569,0.49217441,0.282599112,2.985617073,0.15561454,-0.05256454
4306,0.755585208,0.605468462,0.375229295,3.221323684,0.151298313,-0.048248313
4307,0.627880666,0.501188594,0.286341665,3.308386486,0.151173806,-0.048123806
4308,0.774208787,0.505743129,0.332880633,3.487472934,0.151173806,-0.048123806
4309,0.715677539,0.567798664,0.662418381,3.632353116,0.146629317,-0.043579317
4310,0.541414049,0.552806654,0.667481999,3.664979042,0.145052234,-0.042002234
4311,0.517469447,0.481167618,0.62899227,3.778095679,0.145321998,-0.042271998
4312,0.465589477,0.564287877,0.536320652,3.825321875,0.147812129,-0.044762129
4313,0.536093026,0.407251315,0.301118808,3.825321875,0.155676793,-0.052626793
4314,0.68774217,0.441505211,0.164051019,3.687057229,0.176054364,-0.073004364
4315,0.670448847,0.549770298,0.054059112,3.600302941,0.201910224,-0.098860224
4316,0.699714471,0.652531988,0.018940669,3.28177748,0.209733385,-0.106683385
4317,0.706365749,0.637824636,0,3.106860406,0.1967017,-0.0936517
4318,0.623889899,0.591899744,0,2.971123786,0.178191727,-0.075141727
4319,0.324582378,0.525953876,0,2.887035377,0.166944635,-0.063894635
4320,0.144997866,0.356677002,0,2.840146172,0.156154068,-0.053104068
4321,0.046836587,0.279344797,0,2.76321219,0.148870435,-0.045820435
4322,0.042933538,0.208085306,0,2.708192478,0.137768601,-0.034718601
4323,0.044234554,0.188918306,0,2.708192478,0.128596619,-0.025546619
4324,0.093673173,0.177911513,0,2.649573593,0.124010628,-0.020960628
4325,0.252397161,0.185217746,0.019396849,2.638153017,0.114133109,-0.011083109
4326,0.80402807,0.196034766,0.086791507,2.678562363,0.118490838,-0.015440838
4327,1.356959995,0.194801246,0.24190441,2.769463801,0.12081496,-0.01776496
4328,0.978364253,0.492364183,0.423593181,2.963929782,0.133825894,-0.030775894
4329,0.792318923,0.537529986,0.593427295,3.083382872,0.128824881,-0.025774881
4330,0.738977255,0.546828827,0.733155148,3.273002674,0.117494785,-0.014444785
4331,0.614079691,0.528515802,0.65181613,3.457918079,0.111850489,-0.008800489
4332,0.757191483,0.538763505,0.618859175,3.664979042,0.093174507,0.009875493
4333,0.699946766,0.691245533,0.620011332,3.873743671,0.06376,0.03929
4334,0.529513632,0.665626275,0.652445077,3.97436039,0.05308,0.04997
4335,0.506095338,0.500144846,0.687779378,4.066787375,0.08054,0.02251
4336,0.455355703,0.450804053,0.527040266,4.066787375,0.093091502,0.009958498
4337,0.524309567,0.435622271,0.343758791,4.080343333,0.134655938,-0.031605938
4338,0.672625424,0.464942088,0.138961744,4.000336601,0.152875396,-0.049825396
4339,0.655712212,0.539617481,0.053500447,3.898417197,0.169061247,-0.066011247
4340,0.684334571,0.684603503,0.018712402,3.632353116,0.17177964,-0.06872964
4341,0.690839652,0.605088918,0,3.229823219,0.169974295,-0.066924295
4342,0.610176642,0.597877571,0,3.122711735,0.182673962,-0.079623962
4343,0.317447976,0.548441892,0,3.029957921,0.169248007,-0.066198007
4344,0.141810776,0.425374568,0,2.949645783,0.153186662,-0.050136662
4345,0.046287122,0.279344797,0,2.900718009,0.147480112,-0.044430112
4346,0.042429862,0.208085306,0,2.907608076,0.145010732,-0.041960732
4347,0.043715615,0.198596692,0,2.900718009,0.144803221,-0.041753221
4348,0.092574244,0.192049548,0,2.99291687,0.147085841,-0.044035841
4349,0.249436158,0.185217746,0.024880556,2.89386052,0.149368461,-0.046318461
4350,0.794595596,0.224880153,0.087988754,2.963929782,0.180059325,-0.077009325
4351,1.341040788,0.371574126,0.248558188,3.091169192,0.203238294,-0.100188294
4352,0.966886551,0.492364183,0.428072875,3.317352304,0.202719516,-0.099669516
4353,0.783023816,0.537529986,0.597949607,3.419282123,0.178399238,-0.075349238
4354,0.730307927,0.591140655,0.740975671,3.467713881,0.171011849,-0.067961849
4355,0.606875601,0.708230152,0.658014859,3.589744868,0.161217334,-0.058167334
4356,0.748308474,0.538763505,0.620740438,3.621606509,0.154182714,-0.051132714
4357,0.691735325,0.598921318,0.62106145,3.64316369,0.149887239,-0.046837239
4358,0.52330163,0.579564546,0.655420125,3.83731348,0.149596723,-0.046546723
4359,0.500158069,0.500144846,0.696709019,3.825321875,0.149077946,-0.046027946
4360,0.450013687,0.450804053,0.536168374,3.698196375,0.148496915,-0.045446915
4361,0.518158617,0.549675412,0.338600664,3.754917178,0.150115501,-0.047065501
4362,0.664734504,0.415791067,0.133232293,3.487472934,0.157440636,-0.054390636
4363,0.648019709,0.539617481,0.049310127,3.273002674,0.168770731,-0.065720731
4364,0.676306284,0.626817844,0.018934751,3.138725641,0.168417963,-0.065367963
4365,0.682735051,0.632226354,0,3.052625935,0.165533561,-0.062483561
4366,0.603018341,0.597877571,0,2.99291687,0.170327063,-0.067277063
4367,0.313723828,0.548441892,0,2.935498801,0.159391238,-0.056341238
4368,0.14014712,0.473102296,0,2.775743764,0.153020653,-0.049970653
4369,0.051130725,0.340071927,0,2.714197339,0.149015693,-0.045965693
4370,0.046869831,0.208085306,0,2.52913843,0.14592378,-0.04287378
4371,0.048290129,0.188918306,0,2.560884937,0.14440895,-0.04135895
4372,0.102261449,0.177911513,0,2.577058947,0.144740968,-0.041690968
4373,0.275537794,0.185217746,0.027770416,2.566253669,0.149057195,-0.046007195
4374,0.877744105,0.224880153,0.096084808,2.615604701,0.157378382,-0.054328382
4375,1.481370715,0.241769886,0.243079,2.672713974,0.168002941,-0.064952941
4376,1.068064024,0.26378347,0.42381508,2.732372768,0.167961439,-0.064911439
4377,0.864961424,0.537529986,0.599245643,2.833571759,0.162213387,-0.059163387
4378,0.80672921,0.546828827,0.73192766,2.887035377,0.161009823,-0.057959823
4379,0.670380611,0.528515802,0.666392841,2.99291687,0.15903847,-0.05598847
4380,0.826613381,0.538763505,0.637970544,3.037476427,0.154452479,-0.051402479
4381,0.764120273,0.598921318,0.64387459,3.122711735,0.154369474,-0.051319474
4382,0.578061247,0.667903543,0.651479163,3.179488312,0.154307221,-0.051257221
4383,0.552495885,0.546828827,0.614338506,3.229823219,0.15447323,-0.05142323
4384,0.497104267,0.450804053,0.538081701,3.264274667,0.155220269,-0.052170269
4385,0.572380056,0.435622271,0.337672321,3.204458115,0.161632356,-0.058582356
4386,0.734294017,0.464942088,0.141028985,3.171251295,0.171945648,-0.068895648
4387,0.715830144,0.539617481,0.065831486,3.067927318,0.184354801,-0.081304801
4388,0.747076698,0.626817844,0.026594708,2.985617073,0.19879756,-0.09574756
4389,0.754178187,0.656232547,0,2.880242353,0.192447726,-0.089397726
4390,0.666119717,0.571214565,0,2.833571759,0.180495098,-0.077445098
4391,0.346552689,0.548441892,0,2.794755708,0.169932793,-0.066882793
4392,0.154812472,0.425374568,0,2.756988739,0.157253876,-0.054203876
4393,0.055569068,0.279344797,0,2.726287305,0.151298313,-0.048248313
4394,0.050938313,0.208085306,0,2.684436404,0.150323011,-0.047273011
4395,0.052481898,0.188918306,0,2.638153017,0.149845736,-0.046795736
4396,0.111138137,0.189867167,0,2.610027719,0.151173806,-0.048123806
4397,0.299455535,0.189677395,0.019216255,2.587955603,0.153311169,-0.050261169
4398,0.953935672,0.224880153,0.076411114,2.598944798,0.17236067,-0.06931067
4399,1.609959395,0.371574126,0.158644018,2.626830472,0.191825194,-0.088775194
4400,1.160776093,0.492364183,0.131301852,2.714197339,0.190476373,-0.087426373
4401,0.940043405,0.537529986,0.04086564,2.76321219,0.170928845,-0.067878845
4402,0.876756411,0.546828827,0.010991039,2.756988739,0.162939675,-0.059889675
4403,0.728572229,0.62567921,0.030253366,2.814029885,0.162358644,-0.059308644
4404,0.898366604,0.78081805,0.157235076,2.921486874,0.157772653,-0.054722653
4405,0.830448854,0.598921318,0.487394879,2.99291687,0.155593789,-0.052543789
4406,0.628239189,0.579564546,0.538040049,3.106860406,0.155510784,-0.052460784
4407,0.600454655,0.500144846,0.492477714,3.138725641,0.155261771,-0.052211771
4408,0.540254831,0.450804053,0.348287144,3.138725641,0.155469282,-0.052419282
4409,0.622064848,0.435622271,0.269406875,3.114765903,0.161528601,-0.058478601
4410,0.798033564,0.565331625,0.162446204,3.163056848,0.168770731,-0.065720731
4411,0.777966956,0.480693187,0.0643362,3.052625935,0.182424949,-0.079374949
4412,0.811925831,0.626817844,0.016296321,2.935498801,0.19346453,-0.09041453
4413,0.819643757,0.632226354,0,2.840146172,0.176199622,-0.073149622
4414,0.723941473,0.597877571,0,2.756988739,0.171011849,-0.067961849
4415,0.376634796,0.548441892,0,2.720228889,0.162379395,-0.059329395
4416,0.16825079,0.425374568,0,2.684436404,0.155158016,-0.052108016
4417,0.057305223,0.315021986,0,2.655321041,0.152875396,-0.049825396
4418,0.052529788,0.25296645,0,2.615604701,0.151277562,-0.048227562
4419,0.0541216,0.188918306,0,2.587955603,0.153352671,-0.050302671
4420,0.114610447,0.177911513,0,2.534374741,0.154742994,-0.051692994
4421,0.308811482,0.185217746,0.016553343,2.472935354,0.156838854,-0.053788854
4422,0.983739669,0.224880153,0.092613646,2.513558522,0.169808286,-0.066758286
4423,1.660259667,0.371574126,0.159412783,2.555538622,0.184998085,-0.081948085
4424,1.197042445,0.353355987,0.381990319,2.643850972,0.175473334,-0.072423334
4425,0.969413363,0.42679786,0.596543102,2.738485459,0.165201544,-0.062151544
4426,0.904149081,0.546828827,0.673898501,2.873481221,0.159204478,-0.056154478
4427,0.751335152,0.528515802,0.581724003,3.000252451,0.15715012,-0.05410012
4428,0.926434445,0.538763505,0.195789008,3.01503202,0.154742994,-0.051692994
4429,0.856394728,0.598921318,0.264746347,3.229823219,0.154576985,-0.051526985
4430,0.647867387,0.579564546,0.664402462,3.187768229,0.154327972,-0.051277972
4431,0.619214775,0.596549165,0.681506278,3.273002674,0.154556234,-0.051506234
4432,0.557134117,0.472058549,0.564796338,3.36292033,0.154888251,-0.051838251
4433,0.64150014,0.435622271,0.339795272,3.308386486,0.161487098,-0.058437098
4434,0.822966681,0.464942088,0.127853342,3.273002674,0.169663028,-0.066613028
4435,0.802273128,0.539617481,0.055636013,3.204458115,0.183483255,-0.080433255
4436,0.837292987,0.626817844,0.016199633,3.075635678,0.186388408,-0.083338408
4437,0.845252045,0.632226354,0,2.887035377,0.175846853,-0.072796853
4438,0.746559716,0.583834422,0,2.782052273,0.174103762,-0.071053762
4439,0.38840207,0.532121476,0,2.732372768,0.165471308,-0.062421308
4440,0.173507482,0.425374568,0,2.690336264,0.154888251,-0.051838251
4441,0.05540838,0.279344797,0,2.655321041,0.153228164,-0.050178164
4442,0.050791015,0.208085306,0,2.593438559,0.150738033,-0.047688033
4443,0.052330137,0.188918306,0,2.593438559,0.150406016,-0.047356016
4444,0.110816761,0.177911513,0,2.534374741,0.150945544,-0.047895544
4445,0.298589605,0.191670004,0.029979393,2.518730453,0.153394173,-0.050344173
4446,0.951177197,0.18512286,0.039191272,2.534374741,0.164890277,-0.061840277
4447,1.60530391,0.371574126,0.0404117,2.63247957,0.18205143,-0.07900143
4448,1.157419501,0.492364183,0.119328735,2.80115103,0.18833901,-0.08528901
4449,0.937325102,0.537529986,0.309082597,2.873481221,0.183109735,-0.080059735
4450,0.874221113,0.546828827,0.218932776,2.99291687,0.171904146,-0.068854146
4451,0.726465432,0.528515802,0.232732743,3.163056848,0.168998993,-0.065948993
4452,0.895768816,0.649495631,0.145614522,3.212868766,0.161570103,-0.058520103
4453,0.828047462,0.794956085,0.203978342,3.353706849,0.157482138,-0.054432138
4454,0.626422523,0.579564546,0.426879622,3.40975766,0.154639238,-0.051589238
4455,0.598718333,0.500144846,0.394167806,3.457918079,0.153705439,-0.050655439
4456,0.538692587,0.450804053,0.225741878,3.610923304,0.156133317,-0.053083317
4457,0.620266036,0.435622271,0.231592465,3.568813411,0.161466347,-0.058416347
4458,0.795725907,0.464942088,0.187713186,3.548124638,0.166405107,-0.063355107
4459,0.775717325,0.631941695,0.049036212,3.428859944,0.176365631,-0.073315631
4460,0.809578002,0.57700262,0.005471116,3.238367725,0.188214504,-0.085164504
4461,0.817273611,0.632226354,0,2.99291687,0.187986242,-0.084936242
4462,0.721848067,0.597877571,0,2.873481221,0.18034984,-0.07729984
4463,0.375545689,0.548441892,0,2.788389522,0.172090906,-0.069040906
4464,0.167764263,0.425374568,0,2.732372768,0.171841893,-0.068791893
4465,0.057000004,0.279344797,0,2.684436404,0.163811221,-0.060761221
4466,0.052250003,0.244142039,0,2.615604701,0.157357631,-0.054307631
4467,0.053833337,0.2067569,0,2.604474468,0.15638233,-0.05333233
4468,0.114000007,0.177911513,0,2.534374741,0.155324024,-0.052274024
4469,0.307166686,0.185217746,0.008313328,2.518730453,0.15372619,-0.05067619
4470,0.978500062,0.224880153,0.024845343,2.544912682,0.153663937,-0.050613937
4471,1.651416771,0.371574126,0.057778198,2.655321041,0.154763745,-0.051713745
4472,1.190666742,0.492364183,0.04690414,2.840146172,0.157482138,-0.054432138
4473,0.964250061,0.487240331,0.112275356,2.942555288,0.157357631,-0.054307631
4474,0.89933339,0.60822016,0.347884742,3.045032338,0.154680741,-0.051630741
4475,0.747333381,0.528515802,0.262226867,3.067927318,0.152252863,-0.049202863
4476,0.921500058,0.538763505,0.201834506,3.083382872,0.148787431,-0.045737431
4477,0.851833387,0.598921318,0.285567595,3.221323684,0.147189597,-0.044139597
4478,0.644416707,0.579564546,0.261262872,3.308386486,0.144803221,-0.041753221
4479,0.615916706,0.500144846,0.508777001,3.204458115,0.147210348,-0.044160348
4480,0.554166702,0.563149243,0.237131396,2.846751163,0.150406016,-0.047356016
4481,0.638083374,0.411331419,0.165081173,2.921486874,0.153207413,-0.050157413
4482,0.818583385,0.464942088,0.013675597,2.985617073,0.156403081,-0.053353081
4483,0.79800005,0.539617481,0.0412833,2.963929782,0.156901107,-0.053851107
4484,0.832833386,0.626817844,0.019386136,2.900718009,0.154742994,-0.051692994
4485,0.840750053,0.632226354,0,2.794755708,0.153933701,-0.050883701
4486,0.74258338,0.597877571,0,2.860053738,0.159702505,-0.056652505
4487,0.386333358,0.564003219,0,2.820513825,0.153414924,-0.050364924
4488,0.172583344,0.410192785,0,2.775743764,0.151588828,-0.048538828
4489,0.062321223,0.279344797,0,2.708192478,0.146961335,-0.043911335
4490,0.057127788,0.208085306,0,2.696262115,0.144989981,-0.041939981
4491,0.058858933,0.188918306,0,2.690336264,0.143412898,-0.040362898
4492,0.124642446,0.177911513,0,2.684436404,0.141524549,-0.038474549
4493,0.335842146,0.185217746,0.016630449,2.610027719,0.142022575,-0.038972575
4494,1.06984766,0.196034766,0.066980807,2.53963278,0.138328881,-0.035278881
4495,1.805584319,0.194801246,0.240157849,2.508407787,0.136170767,-0.033120767
4496,1.301821101,0.492364183,0.447415721,2.615604701,0.143080881,-0.040030881
4497,1.054267354,0.537529986,0.625998234,2.615604701,0.146504811,-0.043454811
4498,0.983290406,0.546828827,0.758737797,2.750793258,0.146982086,-0.043932086
4499,0.817100478,0.528515802,0.650794768,2.866751756,0.14783288,-0.04478288
4500,1.007526437,0.538763505,0.605659422,2.985617073,0.14762537,-0.04457537
4501,0.931356053,0.691245533,0.66314895,3.067927318,0.135921754,-0.032871754
4502,0.704576048,0.665626275,0.703975559,3.029957921,0.112535275,-0.009485275
4503,0.673415436,0.500144846,0.740617762,2.610027719,0.107098489,-0.004048489
4504,0.605900778,0.450804053,0.349634544,2.914530952,0.118200322,-0.015150322
4505,0.697651468,0.435622271,0.234990949,2.788389522,0.146214295,-0.043164295
4506,0.895002007,0.464942088,0.166259849,2.794755708,0.153643186,-0.050593186
4507,0.872497121,0.539617481,0.051639449,2.750793258,0.158353684,-0.055303684
4508,0.910582312,0.684603503,0.018837805,2.720228889,0.159411989,-0.056361989
4509,0.919238038,0.605088918,0,2.643850972,0.161653107,-0.058603107
4510,0.811907043,0.597877571,0,2.655321041,0.169870539,-0.066820539
4511,0.4223994,0.548441892,0,2.638153017,0.161570103,-0.058520103
4512,0.188694814,0.425374568,0,2.63247957,0.165533561,-0.062483561
4513,0.202068046,0.279344797,0,2.593438559,0.155531535,-0.052481535
4514,0.198066698,0.208085306,0,2.571644958,0.154369474,-0.051319474
4515,0.218073435,0.198596692,0,2.508407787,0.156278575,-0.053228575
4516,0.308103753,0.192049548,0,2.462983903,0.155386278,-0.052336278
4517,0.620208853,0.185217746,0.016663873,2.498169388,0.155510784,-0.052460784
4518,1.386466887,0.224880153,0.087570319,2.503278119,0.165471308,-0.062421308
4519,1.778598936,0.371574126,0.231738454,2.52913843,0.174103762,-0.071053762
4520,1.444486425,0.492364183,0.268688474,2.626830472,0.176033613,-0.072983613
4521,1.196402884,0.537529986,0.396673608,2.621205567,0.173128461,-0.070078461
4522,1.196402884,0.591140655,0.703106062,2.643850972,0.170430819,-0.067380819
4523,0.954321364,0.708230152,0.671219494,2.678562363,0.175929858,-0.072879858
4524,0.950320017,0.538763505,0.594031419,2.708192478,0.17331522,-0.07026522
4525,0.88229711,0.598921318,0.728691065,2.678562363,0.165865579,-0.062815579
4526,0.768258708,0.579564546,0.540799988,2.63247957,0.162524653,-0.059474653
4527,0.72624456,0.500144846,0.426286431,2.672713974,0.163105684,-0.060055684
4528,0.700235802,0.450804053,0.275904229,2.655321041,0.164579011,-0.061529011
4529,0.776261403,0.549675412,0.366603113,2.649573593,0.16551281,-0.06246281
4530,0.832280267,0.415791067,0.141351151,2.661093478,0.171904146,-0.068854146
4531,0.95232069,0.539617481,0.05523422,2.666891068,0.182072181,-0.079022181
4532,1.05435505,0.626817844,0.013506372,2.615604701,0.172630434,-0.069580434
4533,1.060357071,0.632226354,0,2.571644958,0.171758889,-0.068708889
4534,0.888299131,0.597877571,0,2.577058947,0.174871552,-0.071821552
4535,0.5861974,0.548441892,0,2.571644958,0.164911028,-0.061861028
4536,0.320107795,0.473102296,0,2.560884937,0.158540443,-0.055490443
4537,0.216906676,0.340071927,0,2.534374741,0.155697544,-0.052647544
4538,0.212611495,0.208085306,0,2.498169388,0.154909003,-0.051859003
4539,0.234087403,0.188918306,0,2.462983903,0.154120461,-0.051070461
4540,0.330728992,0.177911513,0,2.438452191,0.155199518,-0.052149518
4541,0.665753165,0.185217746,0.019423174,2.419175889,0.156278575,-0.053228575
4542,1.488280463,0.224880153,0.081843225,2.428775794,0.168085945,-0.065035945
4543,1.909208271,0.241769886,0.247767064,2.458038153,0.184251045,-0.081201045
4544,1.550560598,0.26378347,0.440645859,2.472935354,0.184479307,-0.081429307
4545,1.284259332,0.537529986,0.617775478,2.571644958,0.178316233,-0.075266233
4546,1.284259332,0.546828827,0.752441562,2.604474468,0.172256915,-0.069206915
4547,1.024400838,0.528515802,0.640954404,2.702214128,0.171987151,-0.068937151
4548,1.020105656,0.538763505,0.598917924,2.769463801,0.169953544,-0.066903544
4549,0.947087567,0.598921318,0.602918705,2.807575688,0.165990085,-0.062940085
4550,0.824674889,0.667903543,0.642191339,2.873481221,0.165160042,-0.062110042
4551,0.779575481,0.546828827,0.71164144,2.900718009,0.164101736,-0.061051736
4552,0.751656799,0.450804053,0.549645751,2.921486874,0.16513929,-0.06208929
4553,0.833265252,0.435622271,0.347928506,2.914530952,0.169227255,-0.066177255
4554,0.893397796,0.464942088,0.148705137,2.820513825,0.176759901,-0.073709901
4555,1.022253247,0.539617481,0.060921391,2.775743764,0.190580128,-0.087530128
4556,1.131780381,0.626817844,0.00815617,2.666891068,0.192447726,-0.089397726
4557,1.138223153,0.656232547,0,2.593438559,0.188484268,-0.085434268
4558,0.95353034,0.571214565,0,2.518730453,0.184105788,-0.081055788
4559,0.629244121,0.548441892,0,2.472935354,0.1691235,-0.0660735
4560,0.343614537,0.425374568,0,2.428775794,0.167567168,-0.064517168
4561,0.227870891,0.279344797,0,2.404917485,0.16264916,-0.05959916
4562,0.223358596,0.208085306,0,2.381523346,0.161487098,-0.058437098
4563,0.24592007,0.188918306,0,2.354044231,0.161362592,-0.058312592
4564,0.347446705,0.189867167,0,2.331624762,0.162151133,-0.059101133
4565,0.699405704,0.189677395,0.011016741,2.331624762,0.162566155,-0.059516155
4566,1.563510171,0.224880153,0.046612849,2.336074427,0.180038574,-0.076988574
4567,2.005715067,0.371574126,0.150100497,2.381523346,0.195664145,-0.092614145
4568,1.628938446,0.492364183,0.292636071,2.488014228,0.194315325,-0.091265325
4569,1.349176165,0.537529986,0.290549174,2.544912682,0.18433405,-0.08128405
4570,1.349176165,0.546828827,0.269549404,2.63247957,0.178835011,-0.075785011
4571,1.076182325,0.62567921,0.40839889,2.684436404,0.180474347,-0.077424347
4572,1.07167003,0.78081805,0.489917277,2.738485459,0.174311273,-0.071261273
4573,0.994961018,0.598921318,0.49778193,2.794755708,0.170493072,-0.067443072
4574,0.866360614,0.579564546,0.760342831,2.860053738,0.169808286,-0.066758286
4575,0.818981518,0.500144846,0.506219862,2.880242353,0.169932793,-0.066882793
4576,0.789651601,0.450804053,0.29722686,2.907608076,0.173647238,-0.070597238
4577,0.875385204,0.435622271,0.225774167,2.921486874,0.18452081,-0.08147081
4578,0.938557332,0.565331625,0.131327914,2.900718009,0.194626591,-0.091576591
4579,1.073926178,0.480693187,0.043020657,2.866751756,0.203425054,-0.100375054
4580,1.188989697,0.626817844,0.016409695,2.76321219,0.199855866,-0.096805866
4581,1.195758139,0.632226354,0,2.643850972,0.192779744,-0.089729744
4582,1.00172946,0.597877571,0,2.577058947,0.192094958,-0.089044958
4583,0.661051198,0.548441892,0,2.503278119,0.181553404,-0.078503404
4584,0.360983589,0.425374568,0,2.472935354,0.168832985,-0.065782985
4585,0.243840707,0.315021986,0,2.423966337,0.167733177,-0.064683177
4586,0.239012178,0.25296645,0,2.390826172,0.165927832,-0.062877832
4587,0.263154822,0.188918306,0,2.414404339,0.165678819,-0.062628819
4588,0.371796721,0.177911513,0,2.433604374,0.165678819,-0.062628819
4589,0.748421971,0.185217746,0.011231968,2.414404339,0.167670924,-0.064620924
4590,1.673085245,0.224880153,0.063733941,2.419175889,0.181055377,-0.078005377
4591,2.146281071,0.371574126,0.13921421,2.482967546,0.198714556,-0.095664556
4592,1.743098913,0.353355987,0.251819912,2.52913843,0.200831167,-0.097781167
4593,1.443730124,0.42679786,0.396114253,2.582495781,0.202698765,-0.099648765
4594,1.443730124,0.546828827,0.489800163,2.577058947,0.20049915,-0.09744915
4595,1.151604129,0.528515802,0.689181576,2.610027719,0.205085141,-0.102035141
4596,1.146775601,0.538763505,0.282959579,2.720228889,0.19975211,-0.09670211
4597,1.06469061,0.598921318,0.630745376,2.714197339,0.196805455,-0.093755455
4598,0.927077538,0.579564546,0.588703053,2.756988739,0.18985384,-0.08680384
4599,0.876377985,0.596549165,0.613402371,2.63247957,0.187488216,-0.084438216
4600,0.844992548,0.472058549,0.617972911,2.571644958,0.188505019,-0.085455019
4601,0.936734596,0.435622271,0.388436857,2.587955603,0.196597945,-0.093547945
4602,1.004334,0.464942088,0.152193559,2.666891068,0.20240825,-0.09935825
4603,1.149189865,0.539617481,0.07240392,2.638153017,0.203840075,-0.100790075
4604,1.27231735,0.626817844,0.019151234,2.610027719,0.200748163,-0.097698163
4605,1.279560144,0.632226354,0,2.544912682,0.194813351,-0.091763351
4606,1.071933403,0.583834422,0,2.52913843,0.192157211,-0.089107211
4607,0.707379476,0.532121476,0,2.523923711,0.176407133,-0.073357133
4608,0.386282308,0.425374568,0,2.503278119,0.173854749,-0.070804749
4609,0.252754237,0.279344797,0,2.498169388,0.171675884,-0.068625884
4610,0.247749203,0.208085306,0,2.498169388,0.170721334,-0.067671334
4611,0.272774375,0.188918306,0,2.503278119,0.170513823,-0.067463823
4612,0.385387649,0.177911513,0,2.482967546,0.171240111,-0.068190111
4613,0.775780332,0.191670004,0.016927648,2.477941296,0.171551378,-0.068501378
4614,1.73424442,0.18512286,0.07889274,2.467949597,0.19346453,-0.09041453
4615,2.224737792,0.371574126,0.251219454,2.438452191,0.204919132,-0.101869132
4616,1.806817419,0.492364183,0.44535764,2.462983903,0.214236372,-0.111186372
4617,1.496505286,0.537529986,0.627792497,2.428775794,0.210853944,-0.107803944
4618,1.496505286,0.546828827,0.700952784,2.433604374,0.201785717,-0.098735717
4619,1.193700705,0.528515802,0.639930254,2.467949597,0.198818311,-0.095768311
4620,1.188695671,0.649495631,0.607066326,2.582495781,0.18547536,-0.08242536
4621,1.103610086,0.794956085,0.608878181,2.666891068,0.179644303,-0.076594303
4622,0.960966605,0.579564546,0.649914565,2.672713974,0.177569194,-0.074519194
4623,0.908413744,0.500144846,0.728334923,2.76321219,0.171904146,-0.068854146
4624,0.87588102,0.450804053,0.538773192,2.655321041,0.173232216,-0.070182216
4625,0.970976674,0.435622271,0.295848263,2.610027719,0.180017823,-0.076967823
4626,1.041047156,0.464942088,0.105816716,2.63247957,0.198673054,-0.095623054
4627,1.191198188,0.631941695,0.06528737,2.615604701,0.204981385,-0.101931385
4628,1.318826565,0.57700262,0.0189089,2.587955603,0.204939883,-0.101889883
4629,1.326334117,0.632226354,0,2.544912682,0.193298521,-0.090248521
4630,1.111117637,0.597877571,0,2.534374741,0.184105788,-0.081055788
4631,0.73323754,0.548441892,0,2.508407787,0.179001019,-0.075951019
4632,0.400402752,0.425374568,0,2.508407787,0.178233229,-0.075183229
4633,0.245507361,0.279344797,0,2.458038153,0.172692688,-0.069642688
4634,0.240645829,0.244142039,0,2.433604374,0.169559273,-0.066509273
4635,0.264953489,0.2067569,0,2.419175889,0.168002941,-0.064952941
4636,0.374337957,0.177911513,0,2.414404339,0.169870539,-0.066820539
4637,0.753537445,0.185217746,0.011303563,2.404917485,0.166425858,-0.063375858
4638,1.684520805,0.224880153,0.07575166,2.395504892,0.167961439,-0.064911439
4639,2.160950932,0.371574126,0.237795874,2.458038153,0.171447622,-0.068397622
4640,1.755013018,0.492364183,0.425752175,2.518730453,0.172858696,-0.069808696
4641,1.45359804,0.487240331,0.600680626,2.587955603,0.175701596,-0.072651596
4642,1.45359804,0.60822016,0.746619652,2.643850972,0.175680845,-0.072630845
4643,1.159475359,0.528515802,0.644975289,2.63247957,0.173979255,-0.070929255
4644,1.154613827,0.538763505,0.591715708,2.655321041,0.171634382,-0.068584382
4645,1.071967785,0.598921318,0.601251646,2.769463801,0.165056286,-0.062006286
4646,0.933414126,0.579564546,0.64529081,2.76321219,0.163479203,-0.060429203
4647,0.882368041,0.500144846,0.711950778,2.775743764,0.162586906,-0.059536906
4648,0.850768083,0.563149243,0.550047815,2.846751163,0.162690662,-0.059640662
4649,0.94313719,0.411331419,0.350094404,2.833571759,0.165077037,-0.062027037
4650,1.011198636,0.464942088,0.13274504,2.782052273,0.169642277,-0.066592277
4651,1.157044593,0.539617481,0.044377423,2.782052273,0.171862644,-0.068812644
4652,1.281013657,0.626817844,0.016077906,2.661093478,0.171468373,-0.068418373
4653,1.288305955,0.632226354,0,2.577058947,0.171323116,-0.068273116
4654,1.079260083,0.597877571,0,2.513558522,0.178544495,-0.075494495
4655,0.712214424,0.564003219,0,2.477941296,0.172256915,-0.069206915
4656,0.388922552,0.410192785,0,2.458038153,0.167442662,-0.064392662
4657,0.231862458,0.279344797,0,2.448206,0.165761823,-0.062711823
4658,0.227271122,0.208085306,0,2.438452191,0.163126435,-0.060076435
4659,0.250227801,0.188918306,0,2.409651575,0.160885317,-0.057835317
4660,0.353532856,0.177911513,0,2.409651575,0.159764758,-0.056714758
4661,0.711657048,0.185217746,0.0111001,2.390826172,0.159744007,-0.056694007
4662,1.590897852,0.196034766,0.076812523,2.381523346,0.160055273,-0.057005273
4663,2.04084876,0.194801246,0.245493214,2.414404339,0.163437701,-0.060387701
4664,1.657472221,0.492364183,0.409266377,2.587955603,0.166633369,-0.063583369
4665,1.372809402,0.537529986,0.568999987,2.63247957,0.169663028,-0.066613028
4666,1.372809402,0.546828827,0.715432553,2.756988739,0.169829037,-0.066779037
4667,1.095033587,0.528515802,0.652682718,2.853386946,0.170161055,-0.067111055
4668,1.090442251,0.538763505,0.732126344,2.880242353,0.168646225,-0.065596225
4669,1.012389542,0.691245533,0.681960216,2.956770531,0.163686714,-0.060636714
4670,0.881536472,0.665626275,0.706020874,2.978352798,0.159744007,-0.056694007
4671,0.833327446,0.500144846,0.474159436,3.000252451,0.159536496,-0.056486496
4672,0.803483764,0.450804053,0.435848895,3.007624079,0.15980626,-0.05675626
4673,0.890719144,0.435622271,0.373398978,2.756988739,0.165554312,-0.062504312
4674,0.954997845,0.464942088,0.133312687,2.714197339,0.171572129,-0.068522129
4675,1.092737919,0.539617481,0.050167991,2.678562363,0.173917002,-0.070867002
4676,1.209816981,0.684603503,0.016007172,2.615604701,0.175867605,-0.072817605
4677,1.216703985,0.605088918,0,2.566253669,0.174083011,-0.071033011
4678,1.019276546,0.597877571,0,2.534374741,0.18377377,-0.08072377
4679,0.672630694,0.548441892,0,2.52913843,0.174207517,-0.071157517
4680,0.367306863,0.425374568,0,2.518730453,0.171489124,-0.068439124
4681,0.218109059,0.279344797,0,2.498169388,0.168957491,-0.065907491
4682,0.213790068,0.208085306,0,2.472935354,0.168687727,-0.065637727
4683,0.235385024,0.198596692,0,2.448206,0.166010836,-0.062960836
4684,0.332562328,0.192049548,0,2.443319361,0.165533561,-0.062483561
4685,0.669443647,0.185217746,0.005592013,2.428775794,0.16949702,-0.06644702
4686,1.496530475,0.224880153,0.010991039,2.433604374,0.18624315,-0.08319315
4687,1.919791619,0.371574126,0.027511662,2.458038153,0.196846958,-0.093796958
4688,1.559155848,0.492364183,0.087328959,2.477941296,0.196929962,-0.093879962
4689,1.291378389,0.537529986,0.358732645,2.577058947,0.192530731,-0.089480731
4690,1.291378389,0.591140655,0.731193766,2.702214128,0.188920041,-0.085870041
4691,1.030079418,0.708230152,0.657052408,2.678562363,0.187052443,-0.084002443
4692,1.025760426,0.538763505,0.629630342,2.744625561,0.184354801,-0.081304801
4693,0.952337575,0.598921318,0.614612504,2.846751163,0.178129473,-0.075079473
4694,0.829246324,0.579564546,0.612936184,2.907608076,0.173066207,-0.070016207
4695,0.783896915,0.500144846,0.685239371,3.01503202,0.171447622,-0.068397622
4696,0.755823472,0.450804053,0.232657757,2.949645783,0.170368565,-0.067318565
4697,0.837884306,0.549675412,0.350471097,3.022476543,0.171426871,-0.068376871
4698,0.898350184,0.415791067,0.187803689,2.971123786,0.181366644,-0.078316644
4699,1.027919922,0.539617481,0.056473814,2.907608076,0.188380512,-0.085330512
4700,1.138054199,0.626817844,0.016296321,2.76321219,0.18452081,-0.08147081
4701,1.144532686,0.632226354,0,2.702214128,0.18319274,-0.08014274
4702,0.958816062,0.597877571,0,2.638153017,0.185599866,-0.082549866
4703,0.632732221,0.548441892,0,2.610027719,0.172236164,-0.069186164
4704,0.345519302,0.473102296,0,2.571644958,0.169455517,-0.066405517
4705,0.199478427,0.340071927,0,2.513558522,0.168314207,-0.065264207
4706,0.195528359,0.208085306,0,2.488014228,0.165533561,-0.062483561
4707,0.215278698,0.188918306,0,2.448206,0.163375448,-0.060325448
4708,0.304155225,0.177911513,0,2.419175889,0.161798365,-0.058748365
4709,0.612260518,0.185217746,0.011171033,2.386165692,0.165907081,-0.062857081
4710,1.368698514,0.224880153,0.068436747,2.414404339,0.174415028,-0.071365028
4711,1.755805164,0.241769886,0.25140848,2.482967546,0.190476373,-0.087426373
4712,1.425974498,0.26378347,0.426608689,2.577058947,0.195020862,-0.091970862
4713,1.18107029,0.537529986,0.602070685,2.63247957,0.192551482,-0.089501482
4714,1.18107029,0.546828827,0.744912636,2.744625561,0.190849892,-0.087799892
4715,0.942091185,0.528515802,0.652866721,2.846751163,0.190414119,-0.087364119
4716,0.938141117,0.538763505,0.61500389,2.860053738,0.18034984,-0.07729984
4717,0.870989963,0.598921318,0.618869271,3.0602575,0.175846853,-0.072796853
4718,0.758413029,0.667903543,0.644052031,3.0602575,0.174933805,-0.071883805
4719,0.716937317,0.546828827,0.693700814,3.114765903,0.17406226,-0.07101226
4720,0.691261876,0.450804053,0.480027579,3.196091384,0.174601788,-0.071551788
4721,0.766313165,0.435622271,0.347152692,3.187768229,0.187218451,-0.084168451
4722,0.821614115,0.464942088,0.132262201,3.187768229,0.194336076,-0.091286076
4723,0.940116151,0.539617481,0.043068708,3.083382872,0.202283744,-0.099233744
4724,1.040842881,0.626817844,0.008260636,2.873481221,0.200872669,-0.097822669
4725,1.046767983,0.656232547,0,2.756988739,0.195124617,-0.092074617
4726,0.876915065,0.571214565,0,2.690336264,0.194730346,-0.091680346
4727,0.578684942,0.548441892,0,2.649573593,0.186824181,-0.083774181
4728,0.316005429,0.425374568,0,2.615604701,0.176095867,-0.073045867
4729,0.063582726,0.279344797,0,2.566253669,0.173709491,-0.070659491
4730,0.058284166,0.208085306,0,2.52913843,0.172153159,-0.069103159
4731,0.060050352,0.188918306,0,2.550214583,0.170410068,-0.067360068
4732,0.127165452,0.189867167,0,2.513558522,0.171696635,-0.068646635
4733,0.342640246,0.189677395,0.011150048,2.458038153,0.174186766,-0.071136766
4734,1.091503464,0.224880153,0.075169601,2.462983903,0.184417054,-0.081367054
4735,1.842132869,0.371574126,0.24040833,2.544912682,0.204939883,-0.101889883
4736,1.3281725,0.492364183,0.424520828,2.708192478,0.206765979,-0.103715979
4737,1.075607783,0.537529986,0.510247416,2.750793258,0.197282731,-0.094232731
4738,1.003194122,0.546828827,0.589512067,2.866751756,0.194273822,-0.091223822
4739,0.833640186,0.62567921,0.719296452,2.985617073,0.192032705,-0.088982705
4740,1.027920738,0.78081805,0.636616639,3.13069821,0.18642991,-0.08337991
4741,0.950208517,0.598921318,0.547426823,3.179488312,0.182570207,-0.079520207
4742,0.718838042,0.579564546,0.587997511,3.229823219,0.177133421,-0.074083421
4743,0.687046679,0.500144846,0.31786534,3.36292033,0.177195674,-0.074145674
4744,0.618165392,0.450804053,0.074342069,3.36292033,0.179374539,-0.076324539
4745,0.711773295,0.435622271,0.214112916,3.335430518,0.192655237,-0.089605237
4746,0.913118594,0.565331625,0.15893988,3.308386486,0.200955674,-0.097905674
4747,0.890158165,0.480693187,0.043588115,3.196091384,0.205126643,-0.102076643
4748,0.929014275,0.626817844,0.010943228,3.01503202,0.207243254,-0.104193254
4749,0.93784521,0.632226354,0,2.833571759,0.20525115,-0.10220115
4750,0.828341626,0.597877571,0,2.756988739,0.198133525,-0.095083525
4751,0.430949588,0.548441892,0,2.696262115,0.188297508,-0.085247508
4752,0.192514365,0.425374568,0,2.655321041,0.177029666,-0.073979666
4753,0.061103559,0.315021986,0,2.610027719,0.173979255,-0.070929255
4754,0.056011595,0.25296645,0,2.555538622,0.171530627,-0.068480627
4755,0.057708917,0.188918306,0,2.550214583,0.171489124,-0.068439124
4756,0.122207117,0.177911513,0,2.513558522,0.171240111,-0.068190111
4757,0.329280288,0.185217746,0.013868363,2.462983903,0.171634382,-0.068584382
4758,1.048944424,0.224880153,0.075947473,2.523923711,0.183939779,-0.080889779
4759,1.77030588,0.371574126,0.22787325,2.544912682,0.196245176,-0.093195176
4760,1.276385448,0.353355987,0.407768228,2.690336264,0.194647342,-0.091597342
4761,1.033668534,0.42679786,0.589609117,2.708192478,0.191617683,-0.088567683
4762,0.96407837,0.546828827,0.732037741,2.827027714,0.18624315,-0.08319315
4763,0.801135547,0.528515802,0.65169938,2.935498801,0.183296495,-0.080246495
4764,0.987840865,0.538763505,0.610072444,3.114765903,0.176905159,-0.073855159
4765,0.913158738,0.598921318,0.598667915,3.171251295,0.174498033,-0.071448033
4766,0.690809677,0.579564546,0.641753438,3.238367725,0.173958504,-0.070908504
4767,0.660257898,0.596549165,0.696111948,3.179488312,0.175473334,-0.072423334
4768,0.594062376,0.472058549,0.540021919,3.221323684,0.174415028,-0.071365028
4769,0.684020393,0.435622271,0.333521333,3.317352304,0.192468477,-0.089418477
4770,0.877514995,0.464942088,0.125823661,3.229823219,0.196680949,-0.093630949
4771,0.855449821,0.539617481,0.056466748,3.029957921,0.206745228,-0.103695228
4772,0.892790885,0.626817844,0.013405306,2.949645783,0.205147394,-0.102097394
4773,0.90127749,0.632226354,0,2.840146172,0.19556039,-0.09251039
4774,0.796043584,0.583834422,0,2.814029885,0.192675988,-0.089625988
4775,0.414146342,0.532121476,0,2.726287305,0.183794521,-0.080744521
4776,0.185007997,0.425374568,0,2.744625561,0.171613631,-0.068563631
4777,0.05712076,0.279344797,0,2.672713974,0.169953544,-0.066903544
4778,0.052360697,0.208085306,0,2.63247957,0.169829037,-0.066779037
4779,0.053947385,0.188918306,0,2.649573593,0.1691235,-0.0660735
4780,0.114241521,0.177911513,0,2.598944798,0.169165002,-0.066115002
4781,0.307817431,0.191670004,0.011137429,2.587955603,0.171634382,-0.068584382
4782,0.980573052,0.18512286,0.064388196,2.610027719,0.181947674,-0.078897674
4783,1.654915362,0.371574126,0.222159906,2.661093478,0.201100931,-0.098050931
4784,1.193189216,0.492364183,0.412321486,2.750793258,0.201951726,-0.098901726
4785,0.966292862,0.537529986,0.578403428,2.907608076,0.195622643,-0.092572643
4786,0.901238663,0.546828827,0.718936399,2.942555288,0.192364722,-0.089314722
4787,0.748916635,0.528515802,0.65523568,3.052625935,0.190642381,-0.087592381
4788,0.923452292,0.649495631,0.619098104,3.179488312,0.184375552,-0.081325552
4789,0.853638029,0.794956085,0.613472354,3.238367725,0.17520357,-0.07215357
4790,0.645781929,0.579564546,0.649538124,3.238367725,0.174809299,-0.071759299
4791,0.617221549,0.500144846,0.688252314,3.290599462,0.174394277,-0.071344277
4792,0.555340725,0.450804053,0.530551498,3.335430518,0.174726295,-0.071676295
4793,0.639435178,0.435622271,0.328736527,3.36292033,0.188940792,-0.085890792
4794,0.820317586,0.464942088,0.125765528,3.308386486,0.199440844,-0.096390844
4795,0.799690645,0.631941695,0.051281968,3.24695756,0.207181001,-0.104131001
4796,0.834597776,0.57700262,0.007975987,3.122711735,0.205085141,-0.102035141
4797,0.842531215,0.632226354,0,2.971123786,0.211331219,-0.108281219
4798,0.744156572,0.597877571,0,2.853386946,0.198050521,-0.095000521
4799,0.38715182,0.548441892,0,2.788389522,0.186263901,-0.083213901
4800,0.172948969,0.425374568,0,2.756988739,0.178565246,-0.075515246
4801,0.053492096,0.279344797,0,2.672713974,0.172070155,-0.069020155
4802,0.049034421,0.244142039,0,2.649573593,0.169434766,-0.066384766
4803,0.050520312,0.2067569,0,2.598944798,0.166944635,-0.063894635
4804,0.106984191,0.177911513,0,2.566253669,0.164350749,-0.061300749
4805,0.288262959,0.185217746,0.019171276,2.560884937,0.163665963,-0.060615963
4806,0.918280973,0.224880153,0.072376521,2.571644958,0.165678819,-0.062628819
4807,1.549784879,0.371574126,0.222148993,2.638153017,0.167546417,-0.064496417
4808,1.11739044,0.492364183,0.394687316,2.769463801,0.169393264,-0.066343264
4809,0.904907949,0.487240331,0.518974445,2.921486874,0.169414015,-0.066364015
4810,0.843986396,0.60822016,0.59503414,3.052625935,0.165761823,-0.062711823
4811,0.701340808,0.528515802,0.682159913,3.146794344,0.161341841,-0.058291841
4812,0.864788878,0.538763505,0.629794917,3.179488312,0.158685701,-0.055635701
4813,0.79940965,0.598921318,0.621467712,3.353706849,0.150717282,-0.047667282
4814,0.604757858,0.579564546,0.629393861,3.558438953,0.151111553,-0.048061553
4815,0.57801181,0.500144846,0.32345024,3.600302941,0.152833893,-0.049783893
4816,0.52006204,0.563149243,0.304626765,3.558438953,0.158436688,-0.055386688
4817,0.598814292,0.411331419,0.246336649,3.600302941,0.16513929,-0.06208929
4818,0.768205928,0.464942088,0.112432275,3.589744868,0.169663028,-0.066613028
4819,0.748889337,0.539617481,0.037163774,3.419282123,0.172692688,-0.069642688
4820,0.781578951,0.626817844,0.002681801,3.273002674,0.170928845,-0.067878845
4821,0.789008409,0.632226354,0,3.171251295,0.171323116,-0.068273116
4822,0.696883133,0.597877571,0,3.007624079,0.174394277,-0.071344277
4823,0.362557536,0.564003219,0,2.978352798,0.170430819,-0.067380819
4824,0.161962178,0.410192785,0,2.827027714,0.164641264,-0.061591264
4825,0.054263423,0.279344797,0,2.833571759,0.160283535,-0.057233535
4826,0.049741471,0.208085306,0,2.807575688,0.159411989,-0.056361989
4827,0.051248788,0.188918306,0,2.702214128,0.155863553,-0.052813553
4828,0.108526846,0.177911513,0,2.610027719,0.155303273,-0.052253273
4829,0.292419557,0.185217746,0.002736418,2.626830472,0.155365527,-0.052315527
4830,0.931522092,0.196034766,0.013670243,2.626830472,0.15505426,-0.05200426
4831,1.572131946,0.194801246,0.075628308,2.655321041,0.156693596,-0.053643596
4832,1.133502611,0.492364183,0.171683631,2.702214128,0.157419885,-0.054369885
4833,0.917956237,0.537529986,0.15304709,2.756988739,0.157399133,-0.054349133
4834,0.856156227,0.546828827,0.277935416,2.814029885,0.154659989,-0.051609989
4835,0.711453766,0.528515802,0.461242441,2.956770531,0.153871448,-0.050821448
4836,0.87725867,0.538763505,0.450191858,3.052625935,0.152647134,-0.049597134
4837,0.810936708,0.691245533,0.440329128,3.029957921,0.120130174,-0.017080174
4838,0.613478142,0.665626275,0.517187638,3.335430518,0.113282314,-0.010232314
4839,0.58634643,0.500144846,0.423336879,3.24695756,0.136336776,-0.033286776
4840,0.527561056,0.450804053,0.215421849,3.317352304,0.151236059,-0.048186059
4841,0.607448873,0.435622271,0.133093212,3.372184573,0.159494994,-0.056444994
4842,0.779283045,0.464942088,0.071131674,3.335430518,0.167546417,-0.064496417
4843,0.75968792,0.539617481,0.04082289,3.221323684,0.181076128,-0.078026128
4844,0.792848901,0.684603503,0.005596725,3.037476427,0.183524757,-0.080474757
4845,0.800385487,0.605088918,0,2.928476077,0.186263901,-0.083213901
4846,0.706931814,0.597877571,0,2.860053738,0.189791587,-0.086741587
4847,0.367785422,0.548441892,0,2.794755708,0.176054364,-0.073004364
4848,0.164297586,0.425374568,0,2.744625561,0.170804338,-0.067754338
4849,0.052992052,0.279344797,0,2.720228889,0.165907081,-0.062857081
4850,0.048576048,0.208085306,0,2.696262115,0.164080985,-0.061030985
4851,0.05004805,0.198596692,0,2.666891068,0.164060234,-0.061010234
4852,0.105984105,0.192049548,0,2.626830472,0.163935727,-0.060885727
4853,0.285568283,0.185217746,0.005520379,2.626830472,0.168127448,-0.065077448
4854,0.9096969,0.224880153,0.060439936,2.626830472,0.182072181,-0.079022181
4855,1.53529752,0.371574126,0.129638019,2.696262115,0.192011953,-0.088961953
4856,1.106945096,0.492364183,0.124512403,2.840146172,0.192655237,-0.089605237
4857,0.896448887,0.537529986,0.106007107,2.942555288,0.18948032,-0.08643032
4858,0.836096828,0.591140655,0.116342788,3.045032338,0.1852886,-0.0822386
4859,0.694784688,0.708230152,0.183663722,3.114765903,0.180619604,-0.077569604
4860,0.856704848,0.538763505,0.257093228,3.171251295,0.172630434,-0.069580434
4861,0.791936784,0.598921318,0.311848256,3.36292033,0.172713439,-0.069663439
4862,0.599104593,0.579564546,0.426652424,3.448177465,0.171904146,-0.068854146
4863,0.572608567,0.500144846,0.358764984,3.537869942,0.17254743,-0.06949743
4864,0.51520051,0.450804053,0.338399689,3.477565341,0.175556338,-0.072506338
4865,0.593216587,0.549675412,0.230609685,3.448177465,0.186388408,-0.083338408
4866,0.761024753,0.415791067,0.010913932,3.400286111,0.194688844,-0.091638844
4867,0.741888734,0.539617481,0.049165809,3.28177748,0.204981385,-0.101931385
4868,0.774272766,0.626817844,0.010986755,3.13069821,0.20373632,-0.10068632
4869,0.781632774,0.632226354,0,2.971123786,0.19802977,-0.09497977
4870,0.690368683,0.597877571,0,2.89386052,0.20068591,-0.09763591
4871,0.359168355,0.548441892,0,2.840146172,0.183026731,-0.079976731
4872,0.160448159,0.473102296,0,2.794755708,0.173169963,-0.070119963
4873,0.049874666,0.340071927,0,2.732372768,0.1710326,-0.0679826
4874,0.045718444,0.208085306,0,2.708192478,0.169787535,-0.066737535
4875,0.047103851,0.188918306,0,2.684436404,0.168832985,-0.065782985
4876,0.099749333,0.177911513,0,2.638153017,0.168417963,-0.065367963
4877,0.268769035,0.185217746,0.005657565,2.626830472,0.171281613,-0.068231613
4878,0.856181771,0.224880153,0.049454958,2.638153017,0.186741176,-0.083691176
4879,1.444979915,0.241769886,0.129796771,2.732372768,0.205022888,-0.101972888
4880,1.041826362,0.26378347,0.169621128,2.971123786,0.198839062,-0.095789062
4881,0.843713105,0.537529986,0.297803705,3.052625935,0.196079167,-0.093029167
4882,0.786911401,0.546828827,0.299078523,3.179488312,0.18948032,-0.08643032
4883,0.653912291,0.528515802,0.633374749,3.326366848,0.184977334,-0.081927334
4884,0.806307105,0.538763505,0.662498673,3.438491573,0.17806722,-0.07501722
4885,0.745349179,0.598921318,0.647879089,3.579248538,0.176531639,-0.073481639
4886,0.56386081,0.667903543,0.66353712,3.732021341,0.176407133,-0.073357133
4887,0.538923477,0.546828827,0.665468287,3.861523659,0.178025718,-0.074975718
4888,0.484892589,0.450804053,0.514836999,3.825321875,0.186222399,-0.083172399
4889,0.558319181,0.435622271,0.332601547,3.873743671,0.20296853,-0.09991853
4890,0.716255624,0.464942088,0.135337654,3.825321875,0.212804547,-0.109754547
4891,0.698245328,0.539617481,0.048395368,3.664979042,0.223740372,-0.120690372
4892,0.728724291,0.626817844,0.008069157,3.353706849,0.224632669,-0.121582669
4893,0.735651328,0.656232547,0,3.138725641,0.216352983,-0.113302983
4894,0.649756069,0.571214565,0,3.0602575,0.207181001,-0.104131001
4895,0.338039405,0.548441892,0,3.037476427,0.187467464,-0.084417464
4896,0.151009406,0.425374568,0,2.866751756,0.18072336,-0.07767336
4897,0.047816654,0.279344797,0,2.814029885,0.175328076,-0.072278076
4898,0.043831933,0.208085306,0,2.76321219,0.172900199,-0.069850199
4899,0.045160174,0.188918306,0,2.726287305,0.172194661,-0.069144661
4900,0.095633309,0.189867167,0,2.720228889,0.17177964,-0.06872964
4901,0.257678637,0.189677395,0.005633195,2.661093478,0.173003954,-0.069953954
4902,0.820852566,0.224880153,0.064645112,2.696262115,0.188048495,-0.084998495
4903,1.385354736,0.371574126,0.221505483,2.775743764,0.203155289,-0.100105289
4904,0.99883678,0.492364183,0.409237061,3.000252451,0.212057507,-0.109007507
4905,0.808898403,0.537529986,0.592123233,3.138725641,0.212887551,-0.109837551
4906,0.754440546,0.546828827,0.732455319,3.204458115,0.199793613,-0.096743613
4907,0.626929468,0.62567921,0.6472989,3.372184573,0.191534678,-0.088484678
4908,0.773035912,0.78081805,0.615256614,3.558438953,0.187778731,-0.084728731
4909,0.714593335,0.598921318,0.613570682,3.64316369,0.18452081,-0.08147081
4910,0.540593842,0.579564546,0.651050064,3.910872204,0.186678923,-0.083628923
4911,0.516685515,0.500144846,0.686452205,4.039943894,0.190580128,-0.087530128
4912,0.46488414,0.450804053,0.524397929,4.135483108,0.198112774,-0.095062774
4913,0.535280881,0.435622271,0.331647623,3.987306189,0.212887551,-0.109837551
4914,0.686700286,0.565331625,0.122911824,3.801562112,0.234427184,-0.131377184
4915,0.669433161,0.480693187,0.040138391,3.720677812,0.246732581,-0.143682581
4916,0.69865445,0.626817844,0.005422753,3.36292033,0.234489437,-0.131439437
4917,0.705295652,0.632226354,0,3.163056848,0.216228477,-0.113178477
4918,0.622944747,0.597877571,0,3.114765903,0.213012058,-0.109962058
4919,0.324090657,0.548441892,0,3.0602575,0.196390434,-0.093340434
4920,0.144778203,0.425374568,0,2.971123786,0.187716478,-0.084666478
4921,0.045513146,0.315021986,0,2.907608076,0.180308338,-0.077258338
4922,0.041720384,0.25296645,0,2.866751756,0.175182819,-0.072132819
4923,0.042984638,0.188918306,0,2.846751163,0.174166015,-0.071116015
4924,0.091026292,0.177911513,0,2.794755708,0.173771744,-0.070721744
4925,0.245265287,0.185217746,0.008366225,2.782052273,0.177444687,-0.074394687
4926,0.781309006,0.224880153,0.064513205,2.775743764,0.190725386,-0.087675386
4927,1.31861698,0.371574126,0.22309033,2.89386052,0.215356931,-0.112306931
4928,0.95071905,0.353355987,0.408328344,3.067927318,0.207824285,-0.104774285
4929,0.76993072,0.42679786,0.585103207,3.221323684,0.210708687,-0.107658687
4930,0.718096303,0.546828827,0.72178983,3.273002674,0.202574259,-0.099524259
4931,0.596727914,0.528515802,0.642533004,3.537869942,0.198154276,-0.095104276
4932,0.73579586,0.538763505,0.605719608,3.801562112,0.192343971,-0.089293971
4933,0.680168682,0.598921318,0.61158569,4.080343333,0.190455622,-0.087405622
4934,0.514551401,0.579564546,0.644562944,4.295098246,0.187861735,-0.084811735
4935,0.491794828,0.596549165,0.705121983,4.28008042,0.192198713,-0.089148713
4936,0.442488919,0.472058549,0.448881751,4.250357639,0.197116722,-0.094066722
4937,0.509494384,0.435622271,0.341510829,4.206539519,0.211019953,-0.107969953
4938,0.653619347,0.464942088,0.125878284,3.97436039,0.22181052,-0.11876052
4939,0.637184044,0.539617481,0.052054907,3.698196375,0.237436092,-0.134386092
4940,0.664997633,0.626817844,0.008040468,3.457918079,0.22141625,-0.11836625
4941,0.671318903,0.632226354,0,3.344543716,0.210812442,-0.107762442
4942,0.592935152,0.583834422,0,3.419282123,0.198341036,-0.095291036
4943,0.30847799,0.532121476,0,3.154904639,0.17995557,-0.07690557
4944,0.137803692,0.425374568,0,3.045032338,0.173252967,-0.070202967
4945,0.04520291,0.279344797,0,2.99291687,0.171343867,-0.068293867
4946,0.041436001,0.208085306,0,2.928476077,0.170223308,-0.067173308
4947,0.042691638,0.188918306,0,2.921486874,0.16893674,-0.06588674
4948,0.090405821,0.177911513,0,2.873481221,0.168521718,-0.065471718
4949,0.243593462,0.191670004,0.005611188,2.820513825,0.17292095,-0.06987095
4950,0.775983295,0.18512286,0.063405343,2.846751163,0.1824457,-0.0793957
4951,1.309628765,0.371574126,0.218187205,2.866751756,0.196099918,-0.093049918
4952,0.944238573,0.492364183,0.403879456,3.0602575,0.205479412,-0.102429412
4953,0.764682568,0.537529986,0.587159157,3.221323684,0.209027848,-0.105977848
4954,0.713201475,0.546828827,0.727759045,3.3815,0.204400355,-0.101350355
4955,0.592660381,0.528515802,0.641338324,3.579248538,0.193298521,-0.090248521
4956,0.730780385,0.649495631,0.596347011,3.675984985,0.175224321,-0.072174321
4957,0.675532383,0.794956085,0.592444539,3.825321875,0.174041509,-0.070991509
4958,0.511044015,0.579564546,0.627818296,3.861523659,0.173398225,-0.070348225
4959,0.48844256,0.500144846,0.676311975,3.88604127,0.173667989,-0.070617989
4960,0.43947274,0.450804053,0.533440006,3.754917178,0.174726295,-0.071676295
4961,0.506021469,0.435622271,0.33726674,3.898417197,0.195124617,-0.092074617
4962,0.649164019,0.464942088,0.117457135,3.70940303,0.201100931,-0.098050931
4963,0.632840746,0.631941695,0.035513057,3.621606509,0.20431735,-0.10126735
4964,0.660464746,0.57700262,0.005414077,3.36292033,0.20108018,-0.09803018
4965,0.666742928,0.632226354,0,3.179488312,0.194668093,-0.091618093
4966,0.588893472,0.597877571,0,3.179488312,0.192945753,-0.089895753
4967,0.306375282,0.548441892,0,3.01503202,0.173294469,-0.070244469
4968,0.136864368,0.425374568,0,2.935498801,0.174000006,-0.070950006
4969,0.050392799,0.279344797,0,2.900718009,0.171053351,-0.068003351
4970,0.046193399,0.244142039,0,2.846751163,0.169849788,-0.066799788
4971,0.047593199,0.2067569,0,2.80115103,0.167836932,-0.064786932
4972,0.100785597,0.177911513,0,2.720228889,0.16588633,-0.06283633
4973,0.271561192,0.185217746,0.008239434,2.714197339,0.166259849,-0.063209849
4974,0.865076376,0.224880153,0.060234688,2.708192478,0.164018732,-0.060968732
4975,1.459991359,0.371574126,0.222704938,2.756988739,0.167857683,-0.064807683
4976,1.052649571,0.492364183,0.411413583,2.860053738,0.170700583,-0.067650583
4977,0.852478176,0.487240331,0.588635015,2.880242353,0.174871552,-0.071821552
4978,0.795086378,0.60822016,0.730488972,2.873481221,0.172236164,-0.069186164
4979,0.660705582,0.528515802,0.644064456,2.907608076,0.169600775,-0.066550775
4980,0.814683577,0.538763505,0.604536997,3.052625935,0.165471308,-0.062421308
4981,0.753092379,0.598921318,0.602028416,3.212868766,0.163001928,-0.059951928
4982,0.569718584,0.579564546,0.637461219,3.308386486,0.161362592,-0.058312592
4983,0.544522185,0.500144846,0.697721469,3.163056848,0.160989072,-0.057939072
4984,0.489929986,0.563149243,0.538660353,3.229823219,0.163292443,-0.060242443
4985,0.564119384,0.411331419,0.335665553,3.28177748,0.166965386,-0.063915386
4986,0.72369658,0.464942088,0.114587163,3.075635678,0.173543482,-0.070493482
4987,0.70549918,0.539617481,0.033134158,2.661093478,0.173854749,-0.070804749
4988,0.73629478,0.626817844,0.005293343,2.63247957,0.171717386,-0.068667386
4989,0.743293779,0.632226354,0,2.63247957,0.168148199,-0.065098199
4990,0.656506182,0.597877571,0,2.63247957,0.168148199,-0.065098199
4991,0.341551191,0.564003219,0,2.615604701,0.16360371,-0.06055371
4992,0.152578196,0.410192785,0,2.598944798,0.15733688,-0.05428688
4993,0.064098348,0.279344797,0,2.571644958,0.155344775,-0.052294775
4994,0.058756819,0.208085306,0,2.571644958,0.151568077,-0.048518077
4995,0.060537329,0.188918306,0,2.555538622,0.147563116,-0.044513116
4996,0.128196697,0.177911513,0,2.571644958,0.149285457,-0.046235457
4997,0.345418877,0.185217746,0.008315083,2.582495781,0.148662924,-0.045612924
4998,1.100354979,0.196034766,0.061424297,2.604474468,0.146172793,-0.043122793
4999,1.857071591,0.194801246,0.216771213,2.626830472,0.151360566,-0.048310566
5000,1.338943276,0.492364183,0.205633704,2.643850972,0.155407029,-0.052357029
5001,1.084330392,0.537529986,0.088478426,2.643850972,0.155884304,-0.052834304
5002,1.011329495,0.546828827,0.096970978,2.696262115,0.159577998,-0.056527998
5003,0.840400567,0.528515802,0.548280165,2.708192478,0.160719308,-0.057669308
5004,1.036256631,0.538763505,0.68538543,2.738485459,0.158789457,-0.055739457
5005,0.957914205,0.691245533,0.29963801,2.638153017,0.153892199,-0.050842199
5006,0.724667438,0.665626275,0.273230353,2.615604701,0.152086854,-0.049036854
5007,0.692618264,0.500144846,0.314181752,2.598944798,0.152086854,-0.049036854
5008,0.623178386,0.450804053,0.227701138,2.53963278,0.155407029,-0.052357029
5009,0.717545399,0.435622271,0.087873836,2.550214583,0.16360371,-0.06055371
5010,0.920523502,0.464942088,0.062641979,2.544912682,0.172671937,-0.069621937
5011,0.897376876,0.539617481,0.04300767,2.534374741,0.176116618,-0.073066618
5012,0.936548089,0.684603503,0.005528714,2.513558522,0.176676897,-0.073626897
5013,0.945450637,0.605088918,0,2.508407787,0.177859709,-0.074809709
5014,0.835059038,0.597877571,0,2.493081466,0.179084024,-0.076034024
5015,0.434444361,0.548441892,0,2.493081466,0.174000006,-0.070950006
5016,0.194075555,0.425374568,0,2.488014228,0.167276653,-0.064226653
5017,0.188273227,0.279344797,0,2.482967546,0.163707465,-0.060657465
5018,0.184545044,0.208085306,0,2.482967546,0.160802312,-0.057752312
5019,0.203185958,0.198596692,0,2.482967546,0.160408042,-0.057358042
5020,0.287070069,0.192049548,0,2.482967546,0.160906068,-0.057856068
5021,0.57786832,0.185217746,0.00552252,2.488014228,0.166571116,-0.063521116
5022,1.291815309,0.224880153,0.067130144,2.498169388,0.177610696,-0.074560696
5023,1.657177214,0.371574126,0.214155555,2.523923711,0.200851918,-0.097801918
5024,1.345873958,0.492364183,0.394953434,2.571644958,0.212161263,-0.109111263
5025,1.11472663,0.537529986,0.556888941,2.638153017,0.19993887,-0.09688887
5026,1.11472663,0.591140655,0.679009692,2.672713974,0.194398329,-0.091348329
5027,0.889171576,0.708230152,0.661500199,2.769463801,0.193257019,-0.090207019
5028,0.885443393,0.538763505,0.614641038,2.840146172,0.191306416,-0.088256416
5029,0.822064287,0.598921318,0.607473853,2.833571759,0.187923988,-0.084873988
5030,0.71581108,0.579564546,0.637954619,2.942555288,0.187052443,-0.084002443
5031,0.676665162,0.500144846,0.695867503,2.956770531,0.186699674,-0.083649674
5032,0.652431974,0.450804053,0.532566616,3.01503202,0.186326154,-0.083276154
5033,0.723267446,0.549675412,0.328790765,3.052625935,0.186865683,-0.083815683
5034,0.775462003,0.415791067,0.113903983,3.01503202,0.195767901,-0.092717901
5035,0.887307485,0.539617481,0.033348542,2.942555288,0.219092127,-0.116042127
5036,0.982376144,0.626817844,0.002780967,2.887035377,0.218594101,-0.115544101
5037,0.987968418,0.632226354,0,2.853386946,0.203508058,-0.100458058
5038,0.827656561,0.597877571,0,2.807575688,0.195518888,-0.092468888
5039,0.546178767,0.548441892,0,2.807575688,0.182798469,-0.079748469
5040,0.298254617,0.473102296,0,2.788389522,0.173564233,-0.070514233
5041,0.059916596,0.340071927,0,2.744625561,0.172630434,-0.069580434
5042,0.054923546,0.208085306,0,2.732372768,0.172236164,-0.069186164
5043,0.056587896,0.188918306,0,2.714197339,0.171904146,-0.068854146
5044,0.119833192,0.177911513,0,2.708192478,0.172236164,-0.069186164
5045,0.322883878,0.185217746,0.005490393,2.655321041,0.175099814,-0.072049814
5046,1.02856823,0.224880153,0.056601766,2.638153017,0.193692792,-0.090642792
5047,1.735916933,0.241769886,0.214227154,2.714197339,0.207139499,-0.104089499
5048,1.251591115,0.26378347,0.403261601,2.775743764,0.209588128,-0.106538128
5049,1.013589081,0.537529986,0.580894403,2.873481221,0.205624669,-0.102574669
5050,0.945350736,0.546828827,0.723579379,2.971123786,0.196597945,-0.093547945
5051,0.785573147,0.528515802,0.639810909,2.985617073,0.188422015,-0.085372015
5052,0.968651634,0.538763505,0.594076507,3.114765903,0.179685805,-0.076635805
5053,0.895420239,0.598921318,0.599396896,3.229823219,0.177403185,-0.074353185
5054,0.677390404,0.667903543,0.638509159,3.221323684,0.176054364,-0.073004364
5055,0.647432106,0.546828827,0.681420414,3.326366848,0.175950609,-0.072900609
5056,0.582522461,0.450804053,0.519029672,3.3815,0.17559784,-0.07254784
5057,0.670733005,0.435622271,0.324170922,3.335430518,0.180287587,-0.077237587
5058,0.860468892,0.464942088,0.108392396,3.390867036,0.190393368,-0.087343368
5059,0.838832343,0.539617481,0.040274094,3.204458115,0.204400355,-0.101350355
5060,0.875448041,0.626817844,0.002763244,3.075635678,0.203010032,-0.099960032
5061,0.88376979,0.656232547,0,2.935498801,0.192406224,-0.089356224
5062,0.780580097,0.571214565,0,2.880242353,0.183649264,-0.080599264
5063,0.406101373,0.548441892,0,2.726287305,0.173273718,-0.070223718
5064,0.181414138,0.425374568,0,2.672713974,0.171862644,-0.068812644
5065,0.191847877,0.279344797,0,2.621205567,0.170949596,-0.067899596
5066,0.188048909,0.208085306,0,2.508407787,0.167712426,-0.064662426
5067,0.207043749,0.188918306,0,2.477941296,0.167297404,-0.064247404
5068,0.292520525,0.189867167,0,2.477941296,0.168148199,-0.065098199
5069,0.588840019,0.189677395,0.005464691,2.477941296,0.171904146,-0.068854146
5070,1.316342365,0.224880153,0.057304267,2.493081466,0.184603814,-0.081553814
5071,1.688641215,0.371574126,0.215014757,2.503278119,0.219859918,-0.116809918
5072,1.371427399,0.492364183,0.401001076,2.550214583,0.221582258,-0.118532258
5073,1.135891391,0.537529986,0.575468321,2.582495781,0.217100023,-0.114050023
5074,1.135891391,0.546828827,0.711220496,2.615604701,0.199855866,-0.096805866
5075,0.906053835,0.62567921,0.637875572,2.621205567,0.198278783,-0.095228783
5076,0.902254867,0.78081805,0.5958655,2.684436404,0.192032705,-0.088982705
5077,0.837672414,0.598921318,0.59038832,2.690336264,0.18815225,-0.08510225
5078,0.72940183,0.579564546,0.625889925,2.744625561,0.184375552,-0.081325552
5079,0.689512667,0.500144846,0.682821336,2.853386946,0.18263246,-0.07958246
5080,0.664819376,0.450804053,0.427543923,2.788389522,0.182715465,-0.079665465
5081,0.736999765,0.435622271,0.314640233,2.827027714,0.192447726,-0.089397726
5082,0.790185316,0.565331625,0.115408082,2.880242353,0.200997176,-0.097947176
5083,0.904154351,0.480693187,0.037897578,2.788389522,0.209110852,-0.106060852
5084,1.001028032,0.626817844,0.002757842,2.702214128,0.22940542,-0.12635542
5085,1.006726484,0.632226354,0,2.690336264,0.238203882,-0.135153882
5086,0.843370866,0.597877571,0,2.626830472,0.206164198,-0.103114198
5087,0.556548792,0.548441892,0,2.63247957,0.18149115,-0.07844115
5088,0.303917429,0.425374568,0,2.571644958,0.173979255,-0.070929255
5089,0.065829975,0.315021986,0,2.555538622,0.169974295,-0.066924295
5090,0.060344144,0.25296645,0,2.523923711,0.169081998,-0.066031998
5091,0.062172754,0.188918306,0,2.52913843,0.170368565,-0.067318565
5092,0.131659951,0.177911513,0,2.498169388,0.170596827,-0.067546827
5093,0.354750422,0.185217746,0.005413286,2.467949597,0.170949596,-0.067899596
5094,1.130081242,0.224880153,0.04422684,2.477941296,0.180059325,-0.077009325
5095,1.907240672,0.371574126,0.209293763,2.544912682,0.190414119,-0.087364119
5096,1.375115039,0.353355987,0.393871108,2.598944798,0.190185857,-0.087135857
5097,1.113623748,0.42679786,0.546197916,2.690336264,0.18109688,-0.07804688
5098,1.038650721,0.546828827,0.689084739,2.814029885,0.177631447,-0.074581447
5099,0.86310412,0.528515802,0.651095187,2.887035377,0.175743098,-0.072693098
5100,1.064251267,0.538763505,0.607979817,2.907608076,0.175058312,-0.072008312
5101,0.983792408,0.598921318,0.609725383,2.99291687,0.175162067,-0.072112067
5102,0.744244443,0.579564546,0.752148777,3.075635678,0.17445653,-0.07140653
5103,0.711329455,0.596549165,0.655133772,3.091169192,0.176282626,-0.073232626
5104,0.640013648,0.472058549,0.459318571,3.138725641,0.176365631,-0.073315631
5105,0.736930001,0.435622271,0.172478596,3.122711735,0.187114696,-0.084064696
5106,0.945391589,0.464942088,0.00883047,3.037476427,0.209173106,-0.106123106
5107,0.921619654,0.539617481,0,3.007624079,0.227807586,-0.124757586
5108,0.961849083,0.626817844,0,2.873481221,0.234302677,-0.131252677
5109,0.970992135,0.632226354,0,2.788389522,0.216228477,-0.113178477
5110,0.857618289,0.583834422,0,2.76321219,0.199980372,-0.096930372
5111,0.446180943,0.532121476,0,2.738485459,0.18547536,-0.08242536
5112,0.199318536,0.425374568,0,2.720228889,0.176054364,-0.073004364
5113,0.190777764,0.279344797,0,2.690336264,0.173750993,-0.070700993
5114,0.186999986,0.208085306,0,2.672713974,0.172319168,-0.069269168
5115,0.205888874,0.188918306,0,2.626830472,0.171758889,-0.068708889
5116,0.290888867,0.177911513,0,2.571644958,0.172111657,-0.069061657
5117,0.585555512,0.191670004,0.005464691,2.53963278,0.177548443,-0.074498443
5118,1.308999903,0.18512286,0.041732365,2.544912682,0.192655237,-0.089605237
5119,1.679222097,0.371574126,0.182582507,2.621205567,0.192572233,-0.089522233
5120,1.363777676,0.492364183,0.206591927,2.726287305,0.195684897,-0.092634897
5121,1.129555472,0.537529986,0.453595659,2.726287305,0.197780757,-0.094730757
5122,1.129555472,0.546828827,0.655315808,2.708192478,0.192551482,-0.089501482
5123,0.900999933,0.528515802,0.749478072,2.750793258,0.186346906,-0.083296906
5124,0.897222156,0.649495631,0.642964814,2.582495781,0.180847866,-0.077797866
5125,0.832999938,0.794956085,0.633897706,2.820513825,0.178710504,-0.075660504
5126,0.725333279,0.579564546,0.728408513,2.853386946,0.176220373,-0.073170373
5127,0.685666616,0.500144846,0.647438882,2.853386946,0.176510888,-0.073460888
5128,0.661111062,0.450804053,0.503196716,2.820513825,0.179084024,-0.076034024
5129,0.732888834,0.435622271,0.312294502,2.814029885,0.184541561,-0.081491561
5130,0.785777719,0.464942088,0.112038823,2.907608076,0.188401264,-0.085351264
5131,0.899111044,0.631941695,0.058777864,2.866751756,0.195788652,-0.092738652
5132,0.99544437,0.57700262,0.010601223,2.794755708,0.194730346,-0.091680346
5133,1.001111037,0.632226354,0,2.626830472,0.190932897,-0.087882897
5134,0.838666604,0.597877571,0,2.560884937,0.184271796,-0.081221796
5135,0.553444403,0.548441892,0,2.566253669,0.178378487,-0.075328487
5136,0.3022222,0.425374568,0,2.598944798,0.173896251,-0.070846251
5137,0.190059611,0.279344797,0,2.582495781,0.169704531,-0.066654531
5138,0.186296054,0.244142039,0,2.534374741,0.165533561,-0.062483561
5139,0.205113837,0.2067569,0,2.493081466,0.165782574,-0.062732574
5140,0.289793862,0.177911513,0,2.503278119,0.169517771,-0.066467771
5141,0.58335128,0.185217746,0.002862557,2.467949597,0.166716373,-0.063666373
5142,1.304072379,0.224880153,0.054181629,2.482967546,0.165678819,-0.062628819
5143,1.67290093,0.371574126,0.192238129,2.555538622,0.163624461,-0.060574461
5144,1.35864395,0.492364183,0.372540429,2.661093478,0.171323116,-0.068273116
5145,1.125303438,0.487240331,0.542069594,2.738485459,0.172962452,-0.069912452
5146,1.125303438,0.60822016,0.68285186,2.820513825,0.169912041,-0.066862041
5147,0.897608261,0.528515802,0.656634515,2.866751756,0.166986138,-0.063936138
5148,0.893844704,0.538763505,0.625091503,2.921486874,0.165761823,-0.062711823
5149,0.829864241,0.598921318,0.624061379,3.000252451,0.160345788,-0.057295788
5150,0.722602876,0.579564546,0.751190732,3.052625935,0.155510784,-0.052460784
5151,0.683085532,0.500144846,0.635649696,3.163056848,0.156133317,-0.053083317
5152,0.658622413,0.563149243,0.503725225,3.067927318,0.15638233,-0.05333233
5153,0.73012999,0.411331419,0.308789764,3.0602575,0.16379047,-0.06074047
5154,0.782819783,0.464942088,0.115216009,2.949645783,0.1738755,-0.0708255
5155,0.895726482,0.539617481,0.038318554,2.89386052,0.178295482,-0.075245482
5156,0.991697177,0.626817844,0.002756894,2.80115103,0.178170976,-0.075120976
5157,0.997342512,0.632226354,0,2.714197339,0.179333037,-0.076283037
5158,0.835509576,0.597877571,0,2.63247957,0.180121578,-0.077071578
5159,0.551361049,0.564003219,0,2.649573593,0.174954557,-0.071904557
5160,0.301084532,0.410192785,0,2.604474468,0.171260862,-0.068210862
5161,0.065000821,0.279344797,0,2.544912682,0.165678819,-0.062628819
5162,0.059584086,0.208085306,0,2.513558522,0.166550365,-0.063500365
5163,0.061389664,0.188918306,0,2.498169388,0.167774679,-0.064724679
5164,0.130001642,0.177911513,0,2.458038153,0.167567168,-0.064517168
5165,0.350282202,0.185217746,0.005415428,2.453112224,0.163354697,-0.060304697
5166,1.115847428,0.196034766,0.054840103,2.453112224,0.168272705,-0.065222705
5167,1.883218232,0.194801246,0.195846127,2.493081466,0.164226242,-0.061176242
5168,1.357794928,0.492364183,0.377015964,2.593438559,0.159266732,-0.056216732
5169,1.099597223,0.537529986,0.550055546,2.738485459,0.155365527,-0.052315527
5170,1.02556851,0.546828827,0.683416017,2.794755708,0.151692583,-0.048642583
5171,0.852232987,0.528515802,0.649421954,2.928476077,0.151900094,-0.048850094
5172,1.050846607,0.538763505,0.580794106,3.037476427,0.153352671,-0.050302671
5173,0.971401159,0.691245533,0.639519989,3.052625935,0.153477177,-0.050427177
5174,0.734870393,0.665626275,0.313964771,3.13069821,0.153269666,-0.050219666
5175,0.702369983,0.500144846,0.365346124,3.24695756,0.151754837,-0.048704837
5176,0.631952427,0.450804053,0.362223894,3.229823219,0.155075011,-0.052025011
5177,0.72764808,0.435622271,0.2659877,3.196091384,0.164080985,-0.061030985
5178,0.933484013,0.464942088,0.108768448,3.138725641,0.174020757,-0.070970757
5179,0.910011495,0.539617481,0.046809148,3.045032338,0.180204583,-0.077154583
5180,0.949734219,0.684603503,0.007889242,2.921486874,0.18433405,-0.08128405
5181,0.95876211,0.605088918,0,2.807575688,0.190580128,-0.087530128
5182,0.846816252,0.597877571,0,2.732372768,0.190082102,-0.087032102
5183,0.44056112,0.548441892,0,2.655321041,0.180702609,-0.077652609
5184,0.196808041,0.425374568,0,2.610027719,0.172858696,-0.069808696
5185,0.059743862,0.279344797,0,2.587955603,0.166322103,-0.063272103
5186,0.054765207,0.208085306,0,2.587955603,0.16702764,-0.06397764
5187,0.056424759,0.198596692,0,2.582495781,0.16551281,-0.06246281
5188,0.119487725,0.192049548,0,2.577058947,0.16760867,-0.06455867
5189,0.321953036,0.185217746,0.005428279,2.587955603,0.173418976,-0.070368976
5190,1.02560297,0.224880153,0.053061422,2.593438559,0.192655237,-0.089605237
5191,1.730912455,0.371574126,0.181043143,2.638153017,0.207554521,-0.104504521
5192,1.247982902,0.492364183,0.348529406,2.708192478,0.209297612,-0.106247612
5193,1.010667004,0.537529986,0.52444809,2.769463801,0.209339114,-0.106289114
5194,0.942625383,0.591140655,0.663342728,2.880242353,0.208695831,-0.105645831
5195,0.783308417,0.708230152,0.752531561,3.000252451,0.20487763,-0.10182763
5196,0.965859107,0.538763505,0.628770434,3.13069821,0.186886434,-0.083836434
5197,0.892838831,0.598921318,0.621423173,3.255593085,0.191078154,-0.088028154
5198,0.675437554,0.579564546,0.713108348,3.264274667,0.184085037,-0.081035037
5199,0.645565623,0.500144846,0.631713754,3.221323684,0.185018836,-0.081968836
5200,0.580843106,0.450804053,0.419916631,3.40975766,0.186284652,-0.083234652
5201,0.668799348,0.549675412,0.290857539,3.290599462,0.18908605,-0.08603605
5202,0.857988245,0.415791067,0.120039629,3.204458115,0.203030783,-0.099980783
5203,0.836414072,0.539617481,0.0438082,3.204458115,0.199108827,-0.096058827
5204,0.87292421,0.626817844,0.002765605,3.146794344,0.207181001,-0.104131001
5205,0.881221969,0.632226354,0,3.091169192,0.199150329,-0.096100329
5206,0.778329762,0.597877571,0,3.029957921,0.18642991,-0.08337991
5207,0.404930622,0.548441892,0,2.714197339,0.1757846,-0.0727346
5208,0.180891139,0.473102296,0,2.666891068,0.172900199,-0.069850199
5209,0.064030654,0.340071927,0,2.672713974,0.169663028,-0.066613028
5210,0.058694766,0.208085306,0,2.661093478,0.164890277,-0.061840277
5211,0.060473396,0.188918306,0,2.649573593,0.162960426,-0.059910426
5212,0.128061309,0.177911513,0,2.638153017,0.164869526,-0.061819526
5213,0.345054082,0.185217746,0.00541757,2.615604701,0.170949596,-0.067899596
5214,1.0991929,0.224880153,0.060929077,2.593438559,0.174539535,-0.071489535
5215,1.855110347,0.241769886,0.212638676,2.577058947,0.183607762,-0.080557762
5216,1.337529224,0.26378347,0.382050793,2.615604701,0.18642991,-0.08337991
5217,1.083185236,0.537529986,0.518110591,2.672713974,0.184354801,-0.081304801
5218,1.010261435,0.546828827,0.637897353,2.750793258,0.180121578,-0.077071578
5219,0.839513024,0.528515802,0.652740446,2.744625561,0.178897264,-0.075847264
5220,1.035162245,0.538763505,0.617848957,2.661093478,0.176095867,-0.073045867
5221,0.956902557,0.598921318,0.626388222,2.684436404,0.173709491,-0.070659491
5222,0.72390212,0.667903543,0.728629879,2.794755708,0.173917002,-0.070867002
5223,0.691886793,0.546828827,0.647242221,2.935498801,0.173958504,-0.070908504
5224,0.622520251,0.450804053,0.454818746,2.840146172,0.176137369,-0.073087369
5225,0.716787603,0.435622271,0.233947595,2.756988739,0.184022783,-0.080972783
5226,0.919551342,0.464942088,0.039562955,2.949645783,0.194585089,-0.091535089
5227,0.896429161,0.539617481,0.000149739,2.846751163,0.20049915,-0.09744915
5228,0.935559005,0.626817844,0,2.750793258,0.204836128,-0.101786128
5229,0.944452152,0.656232547,0,2.726287305,0.203010032,-0.099960032
5230,0.834177136,0.571214565,0,2.708192478,0.194979359,-0.091929359
5231,0.433985546,0.548441892,0,2.661093478,0.17806722,-0.07501722
5232,0.193870592,0.425374568,0,2.655321041,0.16989129,-0.06684129
5233,0.198179268,0.279344797,0,2.643850972,0.166529614,-0.063479614
5234,0.194254926,0.208085306,0,2.598944798,0.165471308,-0.062421308
5235,0.213876636,0.188918306,0,2.598944798,0.165471308,-0.062421308
5236,0.30217433,0.189867167,0,2.626830472,0.165346801,-0.062296801
5237,0.608273001,0.189677395,0.002722496,2.649573593,0.169538522,-0.066488522
5238,1.359784483,0.224880153,0.032530712,2.598944798,0.177257928,-0.074207928
5239,1.744369993,0.371574126,0.092929068,2.626830472,0.186346906,-0.083296906
5240,1.416687441,0.492364183,0.146310039,2.750793258,0.186388408,-0.083338408
5241,1.173378241,0.537529986,0.130421471,2.702214128,0.186388408,-0.083338408
5242,1.173378241,0.546828827,0.162480188,2.666891068,0.185060338,-0.082010338
5243,0.935955553,0.62567921,0.292829428,2.655321041,0.185330102,-0.082280102
5244,0.932031211,0.78081805,0.319830801,2.626830472,0.1805366,-0.0774866
5245,0.865317398,0.598921318,0.658233157,2.63247957,0.181947674,-0.078897674
5246,0.753473653,0.579564546,0.460503224,2.672713974,0.177569194,-0.074519194
5247,0.712268062,0.500144846,0.387414374,2.702214128,0.17844074,-0.07539074
5248,0.68675984,0.450804053,0.230203486,2.708192478,0.180308338,-0.077258338
5249,0.761322337,0.435622271,0.197998752,2.708192478,0.184811325,-0.081761325
5250,0.816263124,0.565331625,0.063926673,2.626830472,0.183275744,-0.080225744
5251,0.933993382,0.480693187,0.044241146,2.604474468,0.182590958,-0.079540958
5252,1.034064102,0.626817844,0.002671092,2.598944798,0.181615657,-0.078565657
5253,1.039950615,0.632226354,0,2.604474468,0.180080076,-0.077030076
5254,0.871203911,0.597877571,0,2.587955603,0.177195674,-0.074145674
5255,0.574916094,0.548441892,0,2.577058947,0.171157107,-0.068107107
5256,0.313947355,0.425374568,0,2.582495781,0.160989072,-0.057939072
5257,0.193025882,0.315021986,0,2.534374741,0.158104671,-0.055054671
5258,0.189203587,0.25296645,0,2.534374741,0.153020653,-0.049970653
5259,0.208315061,0.188918306,0,2.523923711,0.151090802,-0.048040802
5260,0.294316691,0.177911513,0,2.503278119,0.152709387,-0.049659387
5261,0.592455677,0.185217746,0.002733205,2.488014228,0.159972269,-0.056922269
5262,1.32442511,0.224880153,0.005473258,2.498169388,0.171655133,-0.068605133
5263,1.699009989,0.371574126,0.02726535,2.53963278,0.181781666,-0.078731666
5264,1.379848383,0.353355987,0.129099504,2.615604701,0.176012862,-0.072962862
5265,1.142866112,0.42679786,0.274033639,2.666891068,0.170804338,-0.067754338
5266,1.142866112,0.546828827,0.258347925,2.732372768,0.160615553,-0.057565553
5267,0.911617283,0.528515802,0.329505221,2.775743764,0.156257823,-0.053207823
5268,0.907794989,0.538763505,0.760120933,2.840146172,0.152252863,-0.049202863
5269,0.842815979,0.598921318,0.641388567,2.978352798,0.15219061,-0.04914061
5270,0.73388058,0.579564546,0.748053944,3.007624079,0.151920845,-0.048870845
5271,0.693746486,0.596549165,0.610153083,3.075635678,0.152605631,-0.049555631
5272,0.668901571,0.472058549,0.219395849,3.106860406,0.156880356,-0.053830356
5273,0.74152517,0.435622271,0.166043472,3.091169192,0.167733177,-0.064683177
5274,0.795037295,0.464942088,0.143218968,3.0602575,0.17406226,-0.07101226
5275,0.909706136,0.539617481,0.026487544,2.971123786,0.182383447,-0.079333447
5276,1.007174651,0.626817844,0.000150704,2.840146172,0.183047482,-0.079997482
5277,1.012908093,0.632226354,0,2.726287305,0.18358701,-0.08053701
5278,0.848549421,0.583834422,0,2.678562363,0.180412094,-0.077362094
5279,0.559966172,0.532121476,0,2.621205567,0.172153159,-0.069103159
5280,0.305783575,0.425374568,0,2.582495781,0.16551281,-0.06246281
5281,0.059602199,0.279344797,0,2.571644958,0.164786522,-0.061736522
5282,0.054635349,0.208085306,0,2.534374741,0.163541456,-0.060491456
5283,0.056290965,0.188918306,0,2.513558522,0.163728216,-0.060678216
5284,0.119204397,0.177911513,0,2.523923711,0.161570103,-0.058520103
5285,0.321189626,0.191670004,0.0001542,2.523923711,0.167733177,-0.064683177
5286,1.023171075,0.18512286,0.035507935,2.508407787,0.184583063,-0.081533063
5287,1.726808142,0.371574126,0.12473695,2.638153017,0.204939883,-0.101889883
5288,1.245023703,0.492364183,0.265726968,2.702214128,0.196597945,-0.093547945
5289,1.008270526,0.537529986,0.527022494,2.814029885,0.184209543,-0.081159543
5290,0.940390244,0.546828827,0.660413002,2.907608076,0.175722347,-0.072672347
5291,0.781451048,0.528515802,0.668654518,3.0602575,0.172692688,-0.069642688
5292,0.963568877,0.649495631,0.642162365,3.221323684,0.170617579,-0.067567579
5293,0.890721745,0.794956085,0.630245373,3.290599462,0.167006889,-0.063956889
5294,0.673835967,0.579564546,0.724210845,3.40975766,0.165616566,-0.062566566
5295,0.644034868,0.500144846,0.544835824,3.487472934,0.165595814,-0.062545814
5296,0.579465819,0.450804053,0.209142559,3.537869942,0.171468373,-0.068418373
5297,0.667213501,0.435622271,0.158593196,3.548124638,0.177735203,-0.074685203
5298,0.855953796,0.464942088,0.142389164,3.390867036,0.183649264,-0.080599264
5299,0.83443078,0.631941695,0.036409621,3.317352304,0.183109735,-0.080059735
5300,0.870854346,0.57700262,0,3.163056848,0.176199622,-0.073149622
5301,0.879132429,0.632226354,0,3.083382872,0.171281613,-0.068231613
5302,0.776484198,0.597877571,0,3.052625935,0.164143238,-0.061093238
5303,0.403970457,0.548441892,0,3.007624079,0.157917911,-0.054867911
5304,0.180462212,0.425374568,0,3.000252451,0.16264916,-0.05959916
5305,0.063578332,0.279344797,0,2.956770531,0.153414924,-0.050364924
5306,0.058280138,0.244142039,0,2.928476077,0.152605631,-0.049555631
5307,0.060046202,0.2067569,0,2.873481221,0.148870435,-0.045820435
5308,0.127156664,0.177911513,0,2.807575688,0.144927728,-0.041877728
5309,0.342616566,0.185217746,0,2.756988739,0.135921754,-0.032871754
5310,1.09142803,0.224880153,0.008351881,2.744625561,0.138370383,-0.035320383
5311,1.842005558,0.371574126,0.038872966,2.678562363,0.15200385,-0.04895385
5312,1.328080709,0.492364183,0.09356599,2.661093478,0.153580933,-0.050530933
5313,1.075533447,0.487240331,0.246283058,2.655321041,0.147314103,-0.044264103
5314,1.003124791,0.60822016,0.376919868,2.610027719,0.119175624,-0.016125624
5315,0.833582573,0.528515802,0.56529285,2.518730453,0.104131083,-0.001081083
5316,1.027849698,0.538763505,0.578285603,2.550214583,0.08821,0.01484
5317,0.950142848,0.598921318,0.760208036,2.598944798,0.0683,0.03475
5318,0.718788363,0.579564546,0.582221705,2.690336264,0.04343,0.05962
5319,0.686999197,0.500144846,0.551068923,2.714197339,0.04807,0.05498
5320,0.618122671,0.563149243,0.451824035,2.750793258,0.07383,0.02922
5321,0.711724104,0.411331419,0.238464219,2.820513825,0.09303,0.01002
5322,0.913055488,0.464942088,0.103815664,2.873481221,0.115066908,-0.012016908
5323,0.890096646,0.539617481,0.027180086,2.853386946,0.14762537,-0.04457537
5324,0.928950071,0.626817844,0,2.788389522,0.150945544,-0.047895544
5325,0.937780395,0.632226354,0,2.738485459,0.153414924,-0.050364924
5326,0.828284379,0.597877571,0,2.666891068,0.159100723,-0.056050723
5327,0.430919805,0.564003219,0,2.621205567,0.152896147,-0.049846147
5328,0.19250106,0.410192785,0,2.571644958,0.144844723,-0.041794723
5329,0.063530866,0.279344797,0,2.555538622,0.131605527,-0.028555527
5330,0.058236628,0.208085306,0,2.534374741,0.123242838,-0.020192838
5331,0.060001374,0.188918306,0,2.523923711,0.119403886,-0.016353886
5332,0.127061733,0.177911513,0,2.493081466,0.120296183,-0.017246183
5333,0.34236078,0.185217746,0.002789964,2.472935354,0.121312986,-0.018262986
5334,1.090613207,0.196034766,0.044432967,2.498169388,0.117826803,-0.014776803
5335,1.840630379,0.194801246,0.118488656,2.577058947,0.112141004,-0.009091004
5336,1.327089209,0.492364183,0.401469477,2.690336264,0.117079763,-0.014029763
5337,1.07473049,0.537529986,0.575088107,2.807575688,0.112722034,-0.009672034
5338,1.002375892,0.546828827,0.642206069,2.887035377,0.09296,0.01009
5339,0.832960248,0.528515802,0.462233574,3.01503202,0.08104,0.02201
5340,1.02708234,0.538763505,0.650426556,3.106860406,0.0608,0.04225
5341,0.949433503,0.691245533,0.673017044,3.196091384,0.0573,0.04575
5342,0.71825174,0.665626275,0.648025793,3.264274667,0.08307,0.01998
5343,0.686486306,0.500144846,0.727874197,3.335430518,0.09323676,0.00981324
5344,0.617661201,0.450804053,0.554984107,3.344543716,0.122392043,-0.019342043
5345,0.711192754,0.435622271,0.341564817,3.299469003,0.150177754,-0.047127754
5346,0.912373831,0.464942088,0.096746677,3.179488312,0.167691675,-0.064641675
5347,0.88943213,0.539617481,0.024573152,2.732372768,0.181511901,-0.078461901
5348,0.928256548,0.684603503,0.000152934,2.598944798,0.194128565,-0.091078565
5349,0.937080279,0.605088918,0,2.566253669,0.193526783,-0.090476783
5350,0.827666009,0.597877571,0,2.560884937,0.176054364,-0.073004364
5351,0.430598094,0.548441892,0,2.53963278,0.170430819,-0.067380819
5352,0.192357345,0.425374568,0,2.534374741,0.152792391,-0.049742391
5353,0.216076401,0.279344797,0,2.534374741,0.152439623,-0.049389623
5354,0.21179766,0.208085306,0,2.52913843,0.151360566,-0.048310566
5355,0.233191363,0.198596692,0,2.534374741,0.150115501,-0.047065501
5356,0.329463027,0.192049548,0,2.523923711,0.151360566,-0.048310566
5357,0.663204795,0.185217746,0.002794248,2.488014228,0.153518679,-0.050468679
5358,1.482583622,0.224880153,0.045705205,2.488014228,0.174269771,-0.071219771
5359,1.901900202,0.371574126,0.208908746,2.467949597,0.188567272,-0.085517272
5360,1.544625361,0.492364183,0.411726522,2.472935354,0.177133421,-0.074083421
5361,1.279343443,0.537529986,0.600883644,2.458038153,0.173377474,-0.070327474
5362,1.279343443,0.591140655,0.748690865,2.472935354,0.169206504,-0.066156504
5363,1.020479636,0.708230152,0.645418294,2.477941296,0.171696635,-0.068646635
5364,1.016200895,0.538763505,0.604940835,2.513558522,0.168127448,-0.065077448
5365,0.943462305,0.598921318,0.606093139,2.498169388,0.168231203,-0.065181203
5366,0.821518198,0.579564546,0.646613935,2.508407787,0.170244059,-0.067194059
5367,0.776591421,0.500144846,0.698075268,2.626830472,0.170887343,-0.067837343
5368,0.748779607,0.450804053,0.527831577,2.604474468,0.173377474,-0.070327474
5369,0.830075679,0.549675412,0.319136835,2.598944798,0.187529718,-0.084479718
5370,0.889978047,0.415791067,0.098923777,2.621205567,0.218677105,-0.115627105
5371,1.018340266,0.539617481,0.024337956,2.587955603,0.241420301,-0.138370301
5372,1.127448151,0.626817844,0.000150824,2.577058947,0.239552703,-0.136502703
5373,1.133866262,0.632226354,0,2.577058947,0.228015096,-0.124965096
5374,0.949880416,0.597877571,0,2.555538622,0.186139395,-0.083089395
5375,0.6268355,0.548441892,0,2.534374741,0.169061247,-0.066011247
5376,0.342299249,0.473102296,0,2.534374741,0.165616566,-0.062566566
5377,0.244461545,0.340071927,0,2.498169388,0.163624461,-0.060574461
5378,0.239620722,0.208085306,0,2.477941296,0.161673858,-0.058623858
5379,0.263824836,0.188918306,0,2.423966337,0.16208888,-0.05903888
5380,0.372743346,0.177911513,0,2.372292636,0.161922871,-0.058872871
5381,0.750327514,0.185217746,0.002751411,2.354044231,0.166322103,-0.063272103
5382,1.677345055,0.224880153,0.050489273,2.340541109,0.182777718,-0.079727718
5383,2.151745677,0.241769886,0.083303068,2.428775794,0.202947778,-0.099897778
5384,1.747536984,0.26378347,0.341280321,2.498169388,0.196743202,-0.093693202
5385,1.447405978,0.537529986,0.510141951,2.52913843,0.177818207,-0.074768207
5386,1.447405978,0.546828827,0.64401319,2.582495781,0.170368565,-0.067318565
5387,1.154536207,0.528515802,0.289008857,2.593438559,0.165367552,-0.062317552
5388,1.149695384,0.538763505,0.172261706,2.638153017,0.159661002,-0.056611002
5389,1.067401399,0.598921318,0.131274276,2.714197339,0.157253876,-0.054203876
5390,0.929437953,0.667903543,0.073077057,2.702214128,0.153933701,-0.050883701
5391,0.878609315,0.546828827,0.237182427,2.690336264,0.154846749,-0.051796749
5392,0.847143967,0.450804053,0.208280821,2.744625561,0.157108618,-0.054058618
5393,0.939119598,0.435622271,0.117475665,2.684436404,0.166799378,-0.063749378
5394,1.006891115,0.464942088,0.139290651,2.684436404,0.173003954,-0.069953954
5395,1.152115796,0.539617481,0.016251343,2.587955603,0.190185857,-0.087135857
5396,1.275556774,0.626817844,0,2.503278119,0.196680949,-0.093630949
5397,1.282818008,0.656232547,0,2.503278119,0.192489229,-0.089439229
5398,1.074662633,0.571214565,0,2.493081466,0.179831063,-0.076781063
5399,0.709180521,0.548441892,0,2.467949597,0.168376461,-0.065326461
5400,0.387265814,0.425374568,0,2.419175889,0.160262784,-0.057212784
5401,0.248749756,0.279344797,0,2.404917485,0.156237072,-0.053187072
5402,0.243824018,0.208085306,0,2.381523346,0.152045352,-0.048995352
5403,0.268452707,0.188918306,0,2.345024904,0.151713335,-0.048663335
5404,0.379281806,0.189867167,0,2.363133205,0.154639238,-0.051589238
5405,0.76348935,0.189677395,0,2.349525912,0.156486085,-0.053436085
5406,1.706768128,0.224880153,0.037048405,2.322776091,0.173356723,-0.070306723
5407,2.189490427,0.371574126,0.084364759,2.358579961,0.195601892,-0.092551892
5408,1.778191325,0.492364183,0.187311306,2.443319361,0.188173002,-0.085123002
5409,1.472795585,0.537529986,0.436181143,2.555538622,0.171426871,-0.068376871
5410,1.472795585,0.546828827,0.549032002,2.626830472,0.167069142,-0.064019142
5411,1.174788452,0.62567921,0.676751128,2.720228889,0.164205491,-0.061155491
5412,1.169862714,0.78081805,0.446376603,2.738485459,0.159494994,-0.056444994
5413,1.086125172,0.598921318,0.309989574,2.756988739,0.155303273,-0.052253273
5414,0.945741647,0.579564546,0.611885513,2.80115103,0.157399133,-0.054349133
5415,0.8940214,0.500144846,0.517746303,2.833571759,0.160117526,-0.057067526
5416,0.862004105,0.450804053,0.363258286,2.833571759,0.163707465,-0.060657465
5417,0.955593122,0.435622271,0.308341172,2.840146172,0.173003954,-0.069953954
5418,1.024553451,0.565331625,0.040176219,2.807575688,0.195269875,-0.092219875
5419,1.172325583,0.480693187,0.013728538,2.775743764,0.228305612,-0.125255612
5420,1.297931895,0.626817844,0,2.615604701,0.234012162,-0.130962162
5421,1.305320502,0.632226354,0,2.550214583,0.202491254,-0.099441254
5422,1.093513779,0.597877571,0,2.498169388,0.175992111,-0.072942111
5423,0.721620579,0.548441892,0,2.433604374,0.167650172,-0.064600172
5424,0.394059019,0.425374568,0,2.414404339,0.153539431,-0.050489431
5425,0.263723583,0.315021986,0,2.390826172,0.149326959,-0.046276959
5426,0.258501334,0.25296645,0,2.358579961,0.146919832,-0.043869832
5427,0.28461258,0.188918306,0,2.367704062,0.144056182,-0.041006182
5428,0.402113186,0.177911513,0,2.372292636,0.141151029,-0.038101029
5429,0.809448621,0.185217746,0,2.340541109,0.141752811,-0.038702811
5430,1.809509338,0.224880153,0.045119061,2.336074427,0.147978138,-0.044928138
5431,2.321289756,0.371574126,0.196214765,2.372292636,0.156714347,-0.053664347
5432,1.885231951,0.353355987,0.392044137,2.419175889,0.164579011,-0.061529011
5433,1.561452502,0.42679786,0.57014498,2.472935354,0.16017978,-0.05712978
5434,1.561452502,0.546828827,0.73963346,2.571644958,0.15715012,-0.05410012
5435,1.245506427,0.528515802,0.65694146,2.604474468,0.156901107,-0.053851107
5436,1.240284178,0.538763505,0.609357315,2.626830472,0.155158016,-0.052108016
5437,1.151505942,0.598921318,0.660033152,2.726287305,0.15048902,-0.04743902
5438,1.002671841,0.579564546,0.664752827,2.655321041,0.150509771,-0.047459771
5439,0.947838224,0.596549165,0.68540689,2.550214583,0.149098697,-0.046048697
5440,0.913893605,0.472058549,0.523181712,2.732372768,0.149098697,-0.046048697
5441,1.013116339,0.435622271,0.311134173,2.827027714,0.161404094,-0.058354094
5442,1.086227828,0.464942088,0.09271644,2.587955603,0.168334958,-0.065284958
5443,1.242895303,0.539617481,0.024401066,2.571644958,0.173958504,-0.070908504
5444,1.376062656,0.626817844,0,2.544912682,0.177942714,-0.074892714
5445,1.38389603,0.632226354,0,2.560884937,0.168065194,-0.065015194
5446,1.159339316,0.583834422,0,2.571644958,0.165824076,-0.062774076
5447,0.765059504,0.532121476,0,2.566253669,0.162213387,-0.059163387
5448,0.417779934,0.425374568,0,2.513558522,0.154950505,-0.051900505
5449,0.239984035,0.279344797,0,2.488014228,0.149700479,-0.046650479
5450,0.235231876,0.208085306,0,2.458038153,0.147791378,-0.044741378
5451,0.258992672,0.188918306,0,2.428775794,0.146380304,-0.043330304
5452,0.365916252,0.177911513,0,2.381523346,0.146276549,-0.043226549
5453,0.736584662,0.191670004,0.00015631,2.372292636,0.152273614,-0.049223614
5454,1.646623132,0.18512286,0.037156306,2.340541109,0.165429806,-0.062379806
5455,2.112334725,0.371574126,0.184237486,2.458038153,0.178170976,-0.075120976
5456,1.715529439,0.492364183,0.377600649,2.52913843,0.184209543,-0.081159543
5457,1.420895574,0.537529986,0.568228948,2.63247957,0.175950609,-0.072900609
5458,1.420895574,0.546828827,0.720255983,2.696262115,0.169642277,-0.066592277
5459,1.133389948,0.528515802,0.660965933,2.732372768,0.165471308,-0.062421308
5460,1.128637789,0.649495631,0.61515043,2.807575688,0.161653107,-0.058603107
5461,1.047851084,0.794956085,0.60947012,2.814029885,0.156423832,-0.053373832
5462,0.912414549,0.579564546,0.650460458,2.866751756,0.152626383,-0.049576383
5463,0.862516879,0.500144846,0.693015925,2.907608076,0.155095762,-0.052045762
5464,0.831627844,0.450804053,0.521122667,2.949645783,0.157461387,-0.054411387
5465,0.921918868,0.435622271,0.313601562,2.921486874,0.171530627,-0.068480627
5466,0.988449095,0.464942088,0.088187752,2.880242353,0.190517875,-0.087467875
5467,1.131013868,0.631941695,0.021603939,2.853386946,0.213219569,-0.110169569
5468,1.252193926,0.57700262,0,2.696262115,0.201723464,-0.098673464
5469,1.259322164,0.632226354,0,2.587955603,0.187031692,-0.083981692
5470,1.054979323,0.597877571,0,2.544912682,0.169331011,-0.066281011
5471,0.69619131,0.548441892,0,2.498169388,0.157772653,-0.054722653
5472,0.380172729,0.425374568,0,2.493081466,0.150281509,-0.047231509
5473,0.223070971,0.279344797,0,2.458038153,0.148538418,-0.045488418
5474,0.218653724,0.244142039,0,2.443319361,0.140736007,-0.037686007
5475,0.240739959,0.2067569,0,2.433604374,0.130754733,-0.027704733
5476,0.340128015,0.177911513,0,2.400201961,0.119549143,-0.016499143
5477,0.684673278,0.185217746,0.000155527,2.423966337,0.118387082,-0.015337082
5478,1.530576069,0.224880153,0.036009216,2.414404339,0.13146027,-0.02841027
5479,1.96346627,0.371574126,0.182484467,2.493081466,0.123906872,-0.020856872
5480,1.59462615,0.492364183,0.370293978,2.587955603,0.145197492,-0.042147492
5481,1.320756839,0.487240331,0.559880188,2.643850972,0.148932688,-0.045882688
5482,1.320756839,0.60822016,0.681224611,2.708192478,0.149015693,-0.045965693
5483,1.053513398,0.528515802,0.660918671,2.732372768,0.148974191,-0.045924191
5484,1.049096151,0.538763505,0.629249136,2.775743764,0.148662924,-0.045612924
5485,0.974002953,0.598921318,0.625745446,2.873481221,0.147148094,-0.044098094
5486,0.848111415,0.579564546,0.546626826,2.89386052,0.142997876,-0.039947876
5487,0.801730322,0.500144846,0.421924864,2.914530952,0.142935623,-0.039885623
5488,0.773018217,0.563149243,0.244771119,2.833571759,0.140715256,-0.037665256
5489,0.856945909,0.411331419,0.013439994,2.820513825,0.153124409,-0.050074409
5490,0.918787366,0.464942088,0.008162328,2.820513825,0.162130382,-0.059080382
5491,1.051304775,0.539617481,0.011056246,2.775743764,0.16665412,-0.06360412
5492,1.163944572,0.626817844,0,2.726287305,0.171800391,-0.068750391
5493,1.170570442,0.632226354,0,2.714197339,0.175390329,-0.072340329
5494,0.980628823,0.597877571,0,2.708192478,0.169663028,-0.066613028
5495,0.647126679,0.564003219,0,2.696262115,0.162130382,-0.059080382
5496,0.353379756,0.410192785,0,2.638153017,0.15903847,-0.05598847
5497,0.063227828,0.279344797,0,2.604474468,0.152418872,-0.049368872
5498,0.057958842,0.208085306,0,2.577058947,0.152667885,-0.049617885
5499,0.059715171,0.188918306,0,2.544912682,0.153228164,-0.050178164
5500,0.126455655,0.177911513,0,2.503278119,0.153103658,-0.050053658
5501,0.340727738,0.185217746,0,2.493081466,0.150738033,-0.047688033
5502,1.085411041,0.196034766,0.01645696,2.498169388,0.151256811,-0.048206811
5503,1.831850672,0.194801246,0.078508747,2.621205567,0.154722243,-0.051672243
5504,1.320759066,0.492364183,0.143407807,2.702214128,0.153311169,-0.050261169
5505,1.069604084,0.537529986,0.477316691,2.846751163,0.157606644,-0.054556644
5506,0.997594613,0.546828827,0.490554466,3.022476543,0.1529584,-0.0499084
5507,0.828987073,0.528515802,0.723200955,3.091169192,0.151173806,-0.048123806
5508,1.022183213,0.538763505,0.642901035,3.229823219,0.148372409,-0.045322409
5509,0.944904757,0.691245533,0.643241825,3.308386486,0.122226034,-0.019176034
5510,0.714825718,0.665626275,0.684737197,3.467713881,0.110750681,-0.007700681
5511,0.683211804,0.500144846,0.501434521,3.477565341,0.111248707,-0.008198707
5512,0.614714991,0.450804053,0.292192958,3.517537356,0.130920741,-0.027870741
5513,0.707800404,0.435622271,0.093787692,3.517537356,0.148227151,-0.045177151
5514,0.908021858,0.464942088,0.052880794,3.527674352,0.158581946,-0.055531946
5515,0.885189587,0.539617481,0.018639027,3.290599462,0.167525666,-0.064475666
5516,0.923828815,0.684603503,0,3.13069821,0.169185753,-0.066135753
5517,0.932610457,0.605088918,0,3.045032338,0.169746033,-0.066696033
5518,0.823718088,0.597877571,0,2.949645783,0.169766784,-0.066716784
5519,0.428544165,0.548441892,0,2.678562363,0.163209439,-0.060159439
5520,0.191439811,0.425374568,0,2.655321041,0.152481125,-0.049431125
5521,0.18817022,0.279344797,0,2.604474468,0.150011745,-0.046961745
5522,0.184444077,0.208085306,0,2.582495781,0.148787431,-0.045737431
5523,0.203074792,0.198596692,0,2.560884937,0.151485073,-0.048435073
5524,0.286913009,0.192049548,0,2.566253669,0.149202453,-0.046152453
5525,0.577552161,0.185217746,0,2.566253669,0.157751902,-0.054701902
5526,1.291108542,0.224880153,0.032832279,2.577058947,0.167919937,-0.064869937
5527,1.656270553,0.371574126,0.164061723,2.566253669,0.184126539,-0.081076539
5528,1.345137615,0.492364183,0.34608017,2.63247957,0.179934818,-0.076884818
5529,1.11411675,0.537529986,0.533514066,2.655321041,0.169787535,-0.066737535
5530,1.11411675,0.591140655,0.683098459,2.696262115,0.164267745,-0.061217745
5531,0.8886851,0.708230152,0.669289779,2.775743764,0.159577998,-0.056527998
5532,0.884958957,0.538763505,0.631483708,2.860053738,0.155095762,-0.052045762
5533,0.821614526,0.598921318,0.626090244,2.788389522,0.150945544,-0.047895544
5534,0.715419452,0.579564546,0.657469406,2.914530952,0.150738033,-0.047688033
5535,0.67629495,0.500144846,0.668843627,2.921486874,0.150592776,-0.047542776
5536,0.652075021,0.450804053,0.508088172,2.963929782,0.149658977,-0.046608977
5537,0.722871738,0.549675412,0.294665442,2.914530952,0.161653107,-0.058603107
5538,0.775037739,0.415791067,0.086297327,2.750793258,0.171904146,-0.068854146
5539,0.886822029,0.539617481,0.018481602,2.661093478,0.185537613,-0.082487613
5540,0.981838674,0.626817844,0,2.621205567,0.201349944,-0.098299944
5541,0.987427889,0.632226354,0,2.587955603,0.192551482,-0.089501482
5542,0.827203741,0.597877571,0,2.577058947,0.177091919,-0.074041919
5543,0.545879946,0.548441892,0,2.560884937,0.16551281,-0.06246281
5544,0.298091438,0.473102296,0,2.513558522,0.158166924,-0.055116924
5545,0.239391707,0.340071927,0,2.508407787,0.154763745,-0.051713745
5546,0.234651277,0.208085306,0,2.503278119,0.154431727,-0.051381727
5547,0.258353427,0.188918306,0,2.503278119,0.152543378,-0.049493378
5548,0.365013098,0.177911513,0,2.508407787,0.155469282,-0.052419282
5549,0.734766626,0.185217746,0,2.508407787,0.160262784,-0.057212784
5550,1.642558942,0.224880153,0.024546556,2.513558522,0.173128461,-0.070078461
5551,2.107121067,0.241769886,0.14680558,2.518730453,0.187986242,-0.084936242
5552,1.711295175,0.26378347,0.351457043,2.534374741,0.193298521,-0.090248521
5553,1.417388524,0.537529986,0.538506609,2.523923711,0.186699674,-0.083649674
5554,1.417388524,0.546828827,0.686682735,2.513558522,0.175037561,-0.071987561
5555,1.130592519,0.528515802,0.665335765,2.467949597,0.173792495,-0.070742495
5556,1.125852089,0.538763505,0.628721638,2.493081466,0.171758889,-0.068708889
5557,1.045264781,0.598921318,0.633109191,2.513558522,0.170555325,-0.067505325
5558,0.910162531,0.667903543,0.764252882,2.513558522,0.170970347,-0.067920347
5559,0.860388017,0.546828827,0.66657273,2.493081466,0.171862644,-0.068812644
5560,0.829575223,0.450804053,0.50008287,2.438452191,0.171530627,-0.068480627
5561,0.91964339,0.435622271,0.297709177,2.428775794,0.186367657,-0.083317657
5562,0.986009408,0.464942088,0.086456099,2.428775794,0.196909211,-0.093859211
5563,1.128222304,0.539617481,0.021216107,2.400201961,0.204815377,-0.101765377
5564,1.249103265,0.626817844,0,2.386165692,0.205686922,-0.102636922
5565,1.25621391,0.656232547,0,2.386165692,0.19460584,-0.09155584
5566,1.052375426,0.571214565,0,2.381523346,0.177320181,-0.074270181
5567,0.694472973,0.548441892,0,2.376899029,0.167442662,-0.064392662
5568,0.379234388,0.425374568,0,2.376899029,0.161673858,-0.058623858
5569,0.257481511,0.279344797,0,2.376899029,0.161756863,-0.058706863
5570,0.252382867,0.208085306,0,2.345024904,0.159474243,-0.056424243
5571,0.277876086,0.188918306,0,2.327192015,0.157855657,-0.054805657
5572,0.392595571,0.189867167,0,2.322776091,0.159308234,-0.056258234
5573,0.790289786,0.189677395,0,2.305278719,0.161881369,-0.058831369
5574,1.76668007,0.224880153,0.031818209,2.300945489,0.180951622,-0.077901622
5575,2.26634716,0.371574126,0.162046812,2.358579961,0.211331219,-0.108281219
5576,1.840610404,0.492364183,0.343576733,2.409651575,0.209484372,-0.106434372
5577,1.52449449,0.537529986,0.507850712,2.508407787,0.180100827,-0.077050827
5578,1.52449449,0.546828827,0.672961707,2.638153017,0.171904146,-0.068854146
5579,1.216026541,0.62567921,0.665413334,2.604474468,0.169766784,-0.066716784
5580,1.210927898,0.78081805,0.630963372,2.666891068,0.167172897,-0.064122897
5581,1.124250953,0.598921318,0.625753523,2.708192478,0.163707465,-0.060657465
5582,0.978939606,0.579564546,0.755539864,2.708192478,0.161881369,-0.058831369
5583,0.925403846,0.500144846,0.634705609,2.775743764,0.161590854,-0.058540854
5584,0.892262661,0.450804053,0.48973429,2.732372768,0.167318155,-0.064268155
5585,0.989136893,0.435622271,0.245560679,2.684436404,0.177340932,-0.074290932
5586,1.060517906,0.565331625,0.085526606,2.649573593,0.19688846,-0.09383846
5587,1.21347722,0.480693187,0.015827257,2.615604701,0.231563533,-0.128513533
5588,1.343492636,0.626817844,0,2.566253669,0.236045769,-0.132995769
5589,1.351140602,0.632226354,0,2.53963278,0.202823272,-0.099773272
5590,1.131898919,0.597877571,0,2.513558522,0.185558364,-0.082508364
5591,0.746951314,0.548441892,0,2.488014228,0.17177964,-0.06872964
5592,0.407891502,0.425374568,0,2.462983903,0.162068129,-0.059018129
5593,0.269000465,0.315021986,0,2.453112224,0.159494994,-0.056444994
5594,0.263673723,0.25296645,0,2.438452191,0.155718295,-0.052668295
5595,0.290307432,0.188918306,0,2.428775794,0.155365527,-0.052315527
5596,0.410159124,0.177911513,0,2.414404339,0.154078959,-0.051028959
5597,0.82564499,0.185217746,0,2.428775794,0.155676793,-0.052626793
5598,1.845716058,0.224880153,0.027736545,2.404917485,0.169081998,-0.066031998
5599,2.367736762,0.371574126,0.158047657,2.409651575,0.180059325,-0.077009325
5600,1.922953816,0.353355987,0.350227871,2.423966337,0.177382434,-0.074332434
5601,1.59269582,0.42679786,0.532967177,2.448206,0.171696635,-0.068646635
5602,1.59269582,0.546828827,0.689298155,2.488014228,0.165492059,-0.062442059
5603,1.270427936,0.528515802,0.661723572,2.53963278,0.161549352,-0.058499352
5604,1.265101194,0.538763505,0.625546884,2.577058947,0.159474243,-0.056424243
5605,1.174546583,0.598921318,0.625568789,2.621205567,0.156403081,-0.053353081
5606,1.022734439,0.579564546,0.655090269,2.76321219,0.157814155,-0.054764155
5607,0.96680365,0.596549165,0.665555813,2.690336264,0.157668898,-0.054618898
5608,0.932179827,0.472058549,0.500853391,2.714197339,0.159328985,-0.056278985
5609,1.033387923,0.435622271,0.296849233,2.732372768,0.169808286,-0.066758286
5610,1.107962309,0.464942088,0.086750699,2.738485459,0.181179884,-0.078129884
5611,1.267764565,0.539617481,0.02111421,2.604474468,0.20792804,-0.10487804
5612,1.403596483,0.626817844,0,2.53963278,0.200561403,-0.097511403
5613,1.411586596,0.632226354,0,2.503278119,0.187280705,-0.084230705
5614,1.182536695,0.583834422,0,2.453112224,0.172900199,-0.069850199
5615,0.780367684,0.532121476,0,2.428775794,0.163499954,-0.060449954
5616,0.42613935,0.425374568,0,2.414404339,0.155884304,-0.052834304
5617,0.247946433,0.279344797,0,2.372292636,0.155656042,-0.052606042
5618,0.243036603,0.208085306,0,2.376899029,0.155448531,-0.052398531
5619,0.267585755,0.188918306,0,2.358579961,0.155365527,-0.052315527
5620,0.378056938,0.177911513,0,2.340541109,0.156091815,-0.053041815
5621,0.761023706,0.191670004,0,2.327192015,0.160096775,-0.057046775
5622,1.70125622,0.18512286,0.016270619,2.381523346,0.176054364,-0.073004364
5623,2.182419596,0.371574126,0.072653329,2.428775794,0.184209543,-0.081159543
5624,1.77244876,0.492364183,0.259459408,2.482967546,0.178129473,-0.075079473
5625,1.468039278,0.537529986,0.385664276,2.518730453,0.169165002,-0.066115002
5626,1.468039278,0.546828827,0.661629629,2.587955603,0.165263797,-0.062213797
5627,1.170994541,0.528515802,0.711195514,2.643850972,0.163873474,-0.060823474
5628,1.166084711,0.649495631,0.644511234,2.684436404,0.159349736,-0.056299736
5629,1.082617595,0.794956085,0.642507834,2.782052273,0.157855657,-0.054805657
5630,0.942687429,0.579564546,0.702180512,2.866751756,0.156984112,-0.053934112
5631,0.891134211,0.500144846,0.115624014,2.873481221,0.158561195,-0.055511195
5632,0.859220313,0.450804053,0.072816823,2.907608076,0.160034522,-0.056984522
5633,0.95250709,0.435622271,0.013707725,2.978352798,0.177029666,-0.073979666
5634,1.021244715,0.464942088,0.048095846,2.887035377,0.194211569,-0.091161569
5635,1.168539626,0.631941695,0.035339063,2.775743764,0.216643499,-0.113593499
5636,1.2937403,0.57700262,0,2.708192478,0.212929053,-0.109879053
5637,1.301105046,0.632226354,0,2.732372768,0.188401264,-0.085351264
5638,1.08998234,0.597877571,0,2.666891068,0.169766784,-0.066716784
5639,0.719290148,0.548441892,0,2.696262115,0.165014784,-0.061964784
5640,0.392786429,0.425374568,0,2.643850972,0.163748967,-0.060698967
5641,0.227113114,0.279344797,0,2.550214583,0.159287483,-0.056237483
5642,0.222615825,0.244142039,0,2.518730453,0.157087867,-0.054037867
5643,0.245102272,0.2067569,0,2.472935354,0.157004863,-0.053954863
5644,0.346291283,0.177911513,0,2.493081466,0.155365527,-0.052315527
5645,0.697079855,0.185217746,0,2.482967546,0.155822051,-0.052772051
5646,1.558310772,0.224880153,0.016521215,2.443319361,0.161466347,-0.058416347
5647,1.999045132,0.371574126,0.024758599,2.493081466,0.164101736,-0.061051736
5648,1.623521468,0.492364183,0.101199614,2.52913843,0.16835571,-0.06530571
5649,1.344689526,0.487240331,0.194251967,2.593438559,0.166716373,-0.063666373
5650,1.344689526,0.60822016,0.422711976,2.621205567,0.15428647,-0.05123647
5651,1.072603518,0.528515802,0.702759852,2.661093478,0.150115501,-0.047065501
5652,1.068106229,0.538763505,0.683196155,2.690336264,0.148725177,-0.045675177
5653,0.99165231,0.598921318,0.622912021,2.775743764,0.148745928,-0.045695928
5654,0.863479562,0.579564546,0.392816501,2.880242353,0.149098697,-0.046048697
5655,0.816258024,0.500144846,0.498191123,2.935498801,0.151215308,-0.048165308
5656,0.787025642,0.563149243,0.248849314,2.978352798,0.151215308,-0.048165308
5657,0.872474141,0.411331419,0.117376437,2.935498801,0.162130382,-0.059080382
5658,0.935436192,0.464942088,0.027425988,2.921486874,0.169683779,-0.066633779
5659,1.070354874,0.539617481,0.008390385,2.827027714,0.181013875,-0.077963875
5660,1.185035753,0.626817844,0,2.684436404,0.173460478,-0.070410478
5661,1.191781687,0.632226354,0,2.615604701,0.16835571,-0.06530571
5662,0.998398244,0.597877571,0,2.582495781,0.165575063,-0.062525063
5663,0.658852895,0.564003219,0,2.544912682,0.158768705,-0.055718705
5664,0.359783151,0.410192785,0,2.534374741,0.153394173,-0.050344173
5665,0.210320658,0.279344797,0,2.498169388,0.152501876,-0.049451876
5666,0.206155893,0.208085306,0,2.482967546,0.150738033,-0.047688033
5667,0.22697972,0.188918306,0,2.458038153,0.149015693,-0.045965693
5668,0.320686944,0.177911513,0,2.433604374,0.14725185,-0.04420185
5669,0.645538654,0.185217746,0,2.428775794,0.146816077,-0.043766077
5670,1.44309125,0.196034766,0.011132401,2.438452191,0.146733073,-0.043683073
5671,1.85123827,0.194801246,0.044278779,2.482967546,0.150738033,-0.047688033
5672,1.50348035,0.492364183,0.123500109,2.503278119,0.153373422,-0.050323422
5673,1.245264888,0.537529986,0.1743245,2.513558522,0.153228164,-0.050178164
5674,1.245264888,0.546828827,0.076958964,2.53963278,0.146774575,-0.043724575
5675,0.993296575,0.528515802,0.240864355,2.655321041,0.146753824,-0.043703824
5676,0.989131809,0.538763505,0.170740422,2.840146172,0.146650068,-0.043600068
5677,0.918330795,0.691245533,0.077588666,2.978352798,0.144989981,-0.041939981
5678,0.799634978,0.665626275,0.063881728,3.098994937,0.144948479,-0.041898479
5679,0.75590494,0.500144846,0.063980253,3.138725641,0.14573702,-0.04268702
5680,0.728833965,0.450804053,0.066767061,3.154904639,0.14783288,-0.04478288
5681,0.807964509,0.435622271,0.069527518,3.273002674,0.157316129,-0.054266129
5682,0.866271227,0.464942088,0.027929322,3.0602575,0.17920853,-0.07615853
5683,0.991214192,0.539617481,0.011209507,2.907608076,0.190849892,-0.087799892
5684,1.097415712,0.684603503,0,2.750793258,0.190559377,-0.087509377
5685,1.103662861,0.605088918,0,2.732372768,0.178004967,-0.074954967
5686,0.924577944,0.597877571,0,2.661093478,0.170845841,-0.067795841
5687,0.610138148,0.548441892,0,2.615604701,0.164682766,-0.061632766
5688,0.333181241,0.425374568,0,2.560884937,0.162918924,-0.059868924
5689,0.066303711,0.279344797,0,2.53963278,0.161424845,-0.058374845
5690,0.060778402,0.208085306,0,2.518730453,0.159577998,-0.056527998
5691,0.062620171,0.198596692,0,2.482967546,0.159930767,-0.056880767
5692,0.132607422,0.192049548,0,2.477941296,0.16076081,-0.05771081
5693,0.357303331,0.185217746,0,2.453112224,0.162981177,-0.059931177
5694,1.138213703,0.224880153,0.031219338,2.462983903,0.196950713,-0.093900713
5695,1.920965845,0.371574126,0.145831265,2.488014228,0.236896563,-0.133846563
5696,1.385010849,0.492364183,0.358044843,2.544912682,0.221686014,-0.118636014
5697,1.121637775,0.537529986,0.313865424,2.769463801,0.195103866,-0.092053866
5698,1.046125216,0.591140655,0.689093691,2.814029885,0.187882486,-0.084832486
5699,0.86931532,0.708230152,0.644599221,2.963929782,0.183815272,-0.080765272
5700,1.071909992,0.538763505,0.587214748,3.029957921,0.177942714,-0.074892714
5701,0.990872123,0.598921318,0.60720089,3.146794344,0.173896251,-0.070846251
5702,0.749600287,0.579564546,0.663359622,3.255593085,0.172422923,-0.069372923
5703,0.716448431,0.500144846,0.742330173,3.317352304,0.172713439,-0.069663439
5704,0.644619411,0.450804053,0.558662013,3.308386486,0.183234242,-0.080184242
5705,0.742233208,0.549675412,0.333126302,3.372184573,0.203072285,-0.100022285
5706,0.952194959,0.415791067,0.088227018,3.28177748,0.209193857,-0.106143857
5707,0.928251952,0.539617481,0.014307216,3.138725641,0.232352075,-0.129302075
5708,0.968770886,0.626817844,0,2.907608076,0.216435988,-0.113385988
5709,0.977979735,0.632226354,0,2.827027714,0.208529822,-0.105479822
5710,0.863790011,0.597877571,0,2.732372768,0.192385473,-0.089335473
5711,0.449391818,0.548441892,0,2.702214128,0.174892303,-0.071842303
5712,0.200752902,0.473102296,0,2.666891068,0.172588932,-0.069538932
5713,0.061702731,0.340071927,0,2.626830472,0.166218347,-0.063168347
5714,0.056560837,0.208085306,0,2.582495781,0.165492059,-0.062442059
5715,0.058274802,0.188918306,0,2.555538622,0.164994033,-0.061944033
5716,0.123405463,0.177911513,0,2.560884937,0.165595814,-0.062545814
5717,0.332509164,0.185217746,0,2.560884937,0.167567168,-0.064517168
5718,1.059230224,0.224880153,0.009866188,2.513558522,0.186907185,-0.083857185
5719,1.787665248,0.241769886,0.083166937,2.593438559,0.210833193,-0.107783193
5720,1.288901502,0.26378347,0.230895618,2.661093478,0.204462608,-0.101412608
5721,1.043804541,0.537529986,0.54849987,2.788389522,0.204130591,-0.101080591
5722,0.973531985,0.546828827,0.713830332,2.900718009,0.198776809,-0.095726809
5723,0.808991368,0.528515802,0.614367615,2.963929782,0.194356827,-0.091306827
5724,0.997527492,0.538763505,0.683837082,3.067927318,0.186741176,-0.083691176
5725,0.922113043,0.598921318,0.73106464,3.171251295,0.186388408,-0.083338408
5726,0.697583659,0.667903543,0.526249495,3.154904639,0.18661667,-0.08356667
5727,0.666732293,0.546828827,0.515852435,3.273002674,0.186658172,-0.083608172
5728,0.599887667,0.450804053,0.352985821,3.238367725,0.192821246,-0.089771246
5729,0.6907278,0.435622271,0.155133767,3.299469003,0.199337089,-0.096287089
5730,0.886119783,0.464942088,0.072933794,3.24695756,0.211310468,-0.108260468
5731,0.863838241,0.539617481,0.010882639,2.985617073,0.224674171,-0.121624171
5732,0.901545465,0.626817844,0,2.880242353,0.209359866,-0.106309866
5733,0.910115289,0.656232547,0,2.846751163,0.199295586,-0.096245586
5734,0.803849474,0.571214565,0,2.788389522,0.188878539,-0.085828539
5735,0.418207402,0.548441892,0,2.775743764,0.170845841,-0.067795841
5736,0.186822159,0.425374568,0,2.726287305,0.172070155,-0.069020155
5737,0.056455414,0.279344797,0,2.732372768,0.166820129,-0.063770129
5738,0.051750796,0.208085306,0,2.720228889,0.16551281,-0.06246281
5739,0.053319002,0.188918306,0,2.708192478,0.165346801,-0.062296801
5740,0.112910828,0.189867167,0,2.649573593,0.166405107,-0.063355107
5741,0.304231954,0.189677395,0,2.661093478,0.170493072,-0.067443072
5742,0.969151275,0.224880153,0.016559768,2.643850972,0.193298521,-0.090248521
5743,1.635638803,0.371574126,0.12031981,2.702214128,0.230297717,-0.127247717
5744,1.179290872,0.492364183,0.308324889,2.76321219,0.231522031,-0.128472031
5745,0.955037422,0.537529986,0.504750405,2.880242353,0.209401368,-0.106351368
5746,0.890740978,0.546828827,0.655039523,2.971123786,0.20259501,-0.09954501
5747,0.740193207,0.62567921,0.685448532,3.083382872,0.200333141,-0.097283141
5748,0.912695861,0.78081805,0.660128143,3.154904639,0.189708582,-0.086658582
5749,0.8436948,0.598921318,0.661443536,3.264274667,0.18586963,-0.08281963
5750,0.638259821,0.579564546,0.732648605,3.344543716,0.18642991,-0.08337991
5751,0.610032113,0.500144846,0.626188898,3.3815,0.187674975,-0.084624975
5752,0.548872082,0.450804053,0.458498752,3.36292033,0.194377578,-0.091327578
5753,0.631986997,0.435622271,0.265693296,3.517537356,0.209090101,-0.106040101
5754,0.810762475,0.565331625,0.087264362,3.36292033,0.237996371,-0.134946371
5755,0.790375797,0.480693187,0.014864566,3.146794344,0.25907948,-0.15602948
5756,0.824876328,0.626817844,0,2.99291687,0.244698974,-0.141648974
5757,0.832717358,0.632226354,0,2.99291687,0.212763045,-0.109713045
5758,0.735488589,0.597877571,0,2.89386052,0.198444792,-0.095394792
5759,0.382642251,0.548441892,0,2.807575688,0.184188792,-0.081138792
5760,0.170934448,0.425374568,0,2.76321219,0.175099814,-0.072049814
5761,0.058970225,0.315021986,0,2.750793258,0.167006889,-0.063956889
5762,0.05405604,0.25296645,0,2.732372768,0.164641264,-0.061591264
5763,0.055694101,0.188918306,0,2.720228889,0.163562208,-0.060512208
5764,0.11794045,0.177911513,0,2.708192478,0.164413002,-0.061363002
5765,0.317783991,0.185217746,0,2.684436404,0.166488111,-0.063438111
5766,1.012322197,0.224880153,0.026448873,2.678562363,0.182611709,-0.079561709
5767,1.708498466,0.371574126,0.126304416,2.672713974,0.202076233,-0.099026233
5768,1.23182248,0.353355987,0.138794016,2.649573593,0.215315429,-0.112265429
5769,0.997579641,0.42679786,0.300839467,2.702214128,0.211165211,-0.108115211
5770,0.930419107,0.546828827,0.706991488,2.775743764,0.200748163,-0.097698163
5771,0.773165173,0.528515802,0.672394843,2.782052273,0.196826207,-0.093776207
5772,0.953351972,0.538763505,0.667709846,2.853386946,0.180453596,-0.077403596
5773,0.881277253,0.598921318,0.656030726,2.985617073,0.175265823,-0.072215823
5774,0.666691156,0.579564546,0.669804914,2.971123786,0.171426871,-0.068376871
5775,0.637206043,0.596549165,0.601828209,3.029957921,0.169580024,-0.066530024
5776,0.573321633,0.472058549,0.311826089,3.075635678,0.170700583,-0.067650583
5777,0.660138909,0.435622271,0.076481249,3.075635678,0.184354801,-0.081304801
5778,0.846877955,0.464942088,0.002719283,2.978352798,0.198673054,-0.095623054
5779,0.825583151,0.539617481,0,2.880242353,0.221644512,-0.118594512
5780,0.861620511,0.626817844,0,2.769463801,0.211185962,-0.108135962
5781,0.86981082,0.632226354,0,2.744625561,0.19879756,-0.09574756
5782,0.768250988,0.583834422,0,2.678562363,0.186326154,-0.083276154
5783,0.399687081,0.532121476,0,2.655321041,0.170659081,-0.067609081
5784,0.178548737,0.425374568,0,2.63247957,0.164288496,-0.061238496
5785,0.058217537,0.279344797,0,2.604474468,0.161736112,-0.058686112
5786,0.053366075,0.208085306,0,2.577058947,0.162669911,-0.059619911
5787,0.054983229,0.188918306,0,2.566253669,0.159972269,-0.056922269
5788,0.116435074,0.177911513,0,2.560884937,0.163769718,-0.060719718
5789,0.313727837,0.191670004,0,2.53963278,0.1662806,-0.0632306
5790,0.999401048,0.18512286,0.002766404,2.52913843,0.193858801,-0.090808801
5791,1.686691413,0.371574126,0.027650882,2.587955603,0.199461595,-0.096411595
5792,1.216099657,0.492364183,0.074320398,2.649573593,0.198465543,-0.095415543
5793,0.984846664,0.537529986,0.22530846,2.76321219,0.188588023,-0.085538023
5794,0.918543358,0.546828827,0.153509771,2.846751163,0.178876513,-0.075826513
5795,0.763296593,0.528515802,0.099203948,2.907608076,0.172298417,-0.069248417
5796,0.941183511,0.649495631,0.201651204,3.13069821,0.166550365,-0.063500365
5797,0.870028744,0.794956085,0.260920111,3.196091384,0.165222295,-0.062172295
5798,0.658181597,0.579564546,0.306238539,3.255593085,0.16455826,-0.06150826
5799,0.629072828,0.500144846,0.297570507,3.36292033,0.166612618,-0.063562618
5800,0.56600383,0.450804053,0.221011771,3.438491573,0.168210452,-0.065160452
5801,0.651712981,0.435622271,0.147752016,3.372184573,0.183109735,-0.080059735
5802,0.836068514,0.464942088,0.05994517,3.28177748,0.197822259,-0.094772259
5803,0.815045515,0.631941695,0.00824586,3.091169192,0.201661211,-0.098611211
5804,0.850622899,0.57700262,0,2.942555288,0.201972477,-0.098922477
5805,0.858708668,0.632226354,0,2.935498801,0.19993887,-0.09688887
5806,0.758445132,0.597877571,0,2.840146172,0.192945753,-0.089895753
5807,0.394585527,0.548441892,0,2.775743764,0.173398225,-0.070348225
5808,0.176269764,0.425374568,0,2.732372768,0.17063833,-0.06758833
5809,0.057830479,0.279344797,0,2.655321041,0.160823064,-0.057773064
5810,0.053011273,0.244142039,0,2.63247957,0.156631343,-0.053581343
5811,0.054617675,0.2067569,0,2.593438559,0.157482138,-0.054432138
5812,0.115660959,0.177911513,0,2.582495781,0.155925806,-0.052875806
5813,0.311642028,0.185217746,0,2.544912682,0.157399133,-0.054349133
5814,0.992756562,0.224880153,0.002793177,2.560884937,0.157959413,-0.054909413
5815,1.675477498,0.371574126,0.022297248,2.593438559,0.161175832,-0.058125832
5816,1.208014457,0.492364183,0.052674454,2.678562363,0.16017978,-0.05712978
5817,0.978298942,0.487240331,0.080055235,2.80115103,0.163022679,-0.059972679
5818,0.912436452,0.60822016,0.110680015,2.900718009,0.157980164,-0.054930164
5819,0.75822184,0.528515802,0.063339841,3.000252451,0.156216321,-0.053166321
5820,0.934926083,0.538763505,0.116016692,3.13069821,0.153954452,-0.050904452
5821,0.864244386,0.598921318,0.121443894,3.212868766,0.15219061,-0.04914061
5822,0.653805697,0.579564546,0.126582283,3.273002674,0.151215308,-0.048165308
5823,0.624890457,0.500144846,0.13705369,3.255593085,0.151422819,-0.048372819
5824,0.562240771,0.563149243,0.093129053,3.273002674,0.155033509,-0.051983509
5825,0.647380088,0.411331419,0.066124508,3.114765903,0.160677806,-0.057627806
5826,0.830509939,0.464942088,0.030477189,3.075635678,0.177465439,-0.074415439
5827,0.809626711,0.539617481,0.00278461,3.0602575,0.191015901,-0.087965901
5828,0.844967559,0.626817844,0,3.029957921,0.190580128,-0.087530128
5829,0.85299957,0.632226354,0,2.935498801,0.179001019,-0.075951019
5830,0.753402634,0.597877571,0,2.846751163,0.169974295,-0.066924295
5831,0.391962138,0.564003219,0,2.750793258,0.161570103,-0.058520103
5832,0.17509784,0.410192785,0,2.726287305,0.149492968,-0.046442968
5833,0.064223839,0.279344797,0,2.696262115,0.148455413,-0.045405413
5834,0.058871853,0.208085306,0,2.655321041,0.147978138,-0.044928138
5835,0.060655848,0.188918306,0,2.610027719,0.146836828,-0.043786828
5836,0.128447678,0.177911513,0,2.604474468,0.145529509,-0.042479509
5837,0.346095133,0.185217746,0,2.610027719,0.146940584,-0.043890584
5838,1.102509238,0.196034766,0.002802815,2.643850972,0.14801964,-0.04496964
5839,1.860707339,0.194801246,0.011192372,2.738485459,0.14801964,-0.04496964
5840,1.341564639,0.492364183,0.061123185,2.63247957,0.148745928,-0.045695928
5841,1.086453278,0.537529986,0.036218884,2.678562363,0.155510784,-0.052460784
5842,1.013309462,0.546828827,0.039007903,2.666891068,0.154680741,-0.051630741
5843,0.842045891,0.528515802,0.058340432,2.684436404,0.155656042,-0.052606042
5844,1.038285399,0.538763505,0.097651465,2.708192478,0.157399133,-0.054349133
5845,0.959789596,0.691245533,0.110042545,2.708192478,0.155780548,-0.052730548
5846,0.726086181,0.665626275,0.104565094,2.827027714,0.151962348,-0.048912348
5847,0.693974262,0.500144846,0.086198399,2.860053738,0.150613527,-0.047563527
5848,0.624398436,0.450804053,0.05807056,2.99291687,0.149492968,-0.046442968
5849,0.718950199,0.435622271,0.033340329,2.873481221,0.155178767,-0.052128767
5850,0.92232569,0.464942088,0.015249576,2.833571759,0.163748967,-0.060698967
5851,0.899133748,0.539617481,0.002798532,2.756988739,0.168832985,-0.065782985
5852,0.938381649,0.684603503,0,2.666891068,0.175369578,-0.072319578
5853,0.947301627,0.605088918,0,2.655321041,0.173481229,-0.070431229
5854,0.836693904,0.597877571,0,2.587955603,0.170513823,-0.067463823
5855,0.43529491,0.548441892,0,2.577058947,0.164329998,-0.061279998
5856,0.194455513,0.425374568,0,2.555538622,0.153809195,-0.050759195
5857,0.225946479,0.279344797,0,2.534374741,0.149015693,-0.045965693
5858,0.221472291,0.208085306,0,2.523923711,0.146919832,-0.043869832
5859,0.24384323,0.198596692,0,2.523923711,0.144927728,-0.041877728
5860,0.344512453,0.192049548,0,2.503278119,0.146235046,-0.043185046
5861,0.693499093,0.185217746,0,2.488014228,0.151526575,-0.048476575
5862,1.550306038,0.224880153,0.002804957,2.488014228,0.172339919,-0.069289919
5863,1.988776432,0.371574126,0.027972158,2.462983903,0.188691779,-0.085641779
5864,1.615181759,0.492364183,0.075702443,2.477941296,0.195871656,-0.092821656
5865,1.337782122,0.537529986,0.096925024,2.503278119,0.193257019,-0.090207019
5866,1.337782122,0.591140655,0.30013953,2.523923711,0.184500058,-0.081450058
5867,1.067093766,0.708230152,0.234229112,2.560884937,0.179810312,-0.076760312
5868,1.062619578,0.538763505,0.149939783,2.582495781,0.1738755,-0.0708255
5869,0.986558388,0.598921318,0.193412816,2.610027719,0.172277666,-0.069227666
5870,0.859044038,0.579564546,0.091633836,2.587955603,0.169248007,-0.066198007
5871,0.812065067,0.500144846,0.068992057,2.587955603,0.167733177,-0.064683177
5872,0.782982847,0.450804053,0.104402314,2.550214583,0.171011849,-0.067961849
5873,0.867992414,0.549675412,0.079868894,2.53963278,0.177797456,-0.074747456
5874,0.930631041,0.415791067,0.030500749,2.571644958,0.187280705,-0.084230705
5875,1.064856672,0.539617481,0.002782468,2.503278119,0.221021979,-0.117971979
5876,1.178948459,0.626817844,0,2.467949597,0.202844023,-0.099794023
5877,1.18565974,0.632226354,0,2.414404339,0.190414119,-0.087364119
5878,0.993269669,0.597877571,0,2.376899029,0.177631447,-0.074581447
5879,0.655468498,0.548441892,0,2.358579961,0.166176845,-0.063126845
5880,0.357935016,0.473102296,0,2.327192015,0.15922523,-0.05617523
5881,0.249099177,0.340071927,0,2.322776091,0.15144357,-0.04839357
5882,0.24416652,0.208085306,0,2.305278719,0.148974191,-0.045924191
5883,0.268829805,0.188918306,0,2.305278719,0.143475151,-0.040425151
5884,0.379814587,0.177911513,0,2.305278719,0.14306013,-0.04001013
5885,0.764561832,0.185217746,0,2.318376894,0.15163033,-0.04858033
5886,1.709165643,0.224880153,0.008390434,2.313994329,0.16036654,-0.05731654
5887,2.192566027,0.241769886,0.027897194,2.400201961,0.177589945,-0.074539945
5888,1.780689169,0.26378347,0.110888028,2.400201961,0.17806722,-0.07501722
5889,1.474864437,0.537529986,0.074436058,2.493081466,0.171821142,-0.068771142
5890,1.474864437,0.546828827,0.144702894,2.577058947,0.161424845,-0.058374845
5891,1.176438689,0.528515802,0.251641365,2.638153017,0.157482138,-0.054432138
5892,1.171506032,0.538763505,0.316146846,2.726287305,0.154929754,-0.051879754
5893,1.087650864,0.598921318,0.42486615,2.769463801,0.157689649,-0.054639649
5894,0.94707014,0.667903543,0.399930873,2.827027714,0.158830959,-0.055780959
5895,0.895277242,0.546828827,0.573232561,2.873481221,0.159474243,-0.056424243
5896,0.863214971,0.450804053,0.28421423,2.887035377,0.162130382,-0.059080382
5897,0.956935454,0.435622271,0.181482707,2.853386946,0.175556338,-0.072506338
5898,1.025992652,0.464942088,0.073222302,2.840146172,0.186346906,-0.083296906
5899,1.173972361,0.539617481,0.002747127,2.661093478,0.198527796,-0.095477796
5900,1.299755114,0.626817844,0,2.550214583,0.203777822,-0.100727822
5901,1.307154099,0.656232547,0,2.493081466,0.188754032,-0.085704032
5902,1.095049849,0.571214565,0,2.453112224,0.177921963,-0.074871963
5903,0.722634247,0.548441892,0,2.428775794,0.167919937,-0.064869937
5904,0.394612558,0.425374568,0,2.390826172,0.158021666,-0.054971666
5905,0.246171782,0.279344797,0,2.376899029,0.153228164,-0.050178164
5906,0.241297093,0.208085306,0,2.331624762,0.153228164,-0.050178164
5907,0.265670537,0.188918306,0,2.309628302,0.151713335,-0.048663335
5908,0.375351034,0.189867167,0,2.296628518,0.152875396,-0.049825396
5909,0.755576757,0.189677395,0,2.318376894,0.153456426,-0.050406426
5910,1.689079653,0.224880153,0.005599627,2.305278719,0.175473334,-0.072423334
5911,2.166799151,0.371574126,0.069716168,2.340541109,0.181885421,-0.078835421
5912,1.75976264,0.492364183,0.11095872,2.376899029,0.187031692,-0.083981692
5913,1.457531938,0.537529986,0.211121024,2.498169388,0.182196687,-0.079146687
5914,1.457531938,0.546828827,0.54262856,2.582495781,0.171343867,-0.068293867
5915,1.162613268,0.62567921,0.690776526,2.638153017,0.160636304,-0.057586304
5916,1.157738579,0.78081805,0.645524116,2.820513825,0.152979151,-0.049929151
5917,1.07486887,0.598921318,0.641173678,2.880242353,0.153995955,-0.050945955
5918,0.935940241,0.579564546,0.679535674,2.956770531,0.154120461,-0.051070461
5919,0.884756009,0.500144846,0.734784895,2.985617073,0.153020653,-0.049970653
5920,0.853070532,0.450804053,0.290154598,2.956770531,0.152937649,-0.049887649
5921,0.945689618,0.435622271,0.177544804,2.978352798,0.158789457,-0.055739457
5922,1.013935261,0.565331625,0.079177722,2.907608076,0.172007902,-0.068957902
5923,1.160175924,0.480693187,0.01100285,2.726287305,0.176593893,-0.073543893
5924,1.284480487,0.626817844,0,2.714197339,0.177444687,-0.074394687
5925,1.29179252,0.632226354,0,2.655321041,0.172422923,-0.069372923
5926,1.082180904,0.597877571,0,2.587955603,0.166301352,-0.063251352
5927,0.714141903,0.548441892,0,2.593438559,0.155033509,-0.051983509
5928,0.3899751,0.425374568,0,2.488014228,0.151153055,-0.048103055
5929,0.315519608,0.315021986,0,2.443319361,0.146919832,-0.043869832
5930,0.309271695,0.25296645,0,2.433604374,0.14555026,-0.04250026
5931,0.34051126,0.188918306,0,2.423966337,0.143039378,-0.039989378
5932,0.481089303,0.177911513,0,2.372292636,0.144222191,-0.041172191
5933,0.968426519,0.185217746,0,2.358579961,0.147708374,-0.044658374
5934,2.164901864,0.224880153,0.00839686,2.376899029,0.162939675,-0.059889675
5935,2.77719734,0.371574126,0.052776191,2.423966337,0.175265823,-0.072215823
5936,2.255496602,0.353355987,0.121611992,2.518730453,0.177278679,-0.074228679
5937,1.868125995,0.42679786,0.218607567,2.593438559,0.170223308,-0.067173308
5938,1.868125995,0.546828827,0.701856342,2.534374741,0.16208888,-0.05903888
5939,1.490127257,0.528515802,0.687219984,2.438452191,0.154992007,-0.051942007
5940,1.483879344,0.538763505,0.642045037,2.363133205,0.149223204,-0.046173204
5941,1.377664822,0.598921318,0.635496656,2.354044231,0.149492968,-0.046442968
5942,1.199599301,0.579564546,0.669791569,2.390826172,0.148434662,-0.045384662
5943,1.133996214,0.596549165,0.68596717,2.381523346,0.149492968,-0.046442968
5944,1.09338478,0.472058549,0.504379512,2.386165692,0.153560182,-0.050510182
5945,1.212095127,0.435622271,0.277653654,2.354044231,0.15999302,-0.05694302
5946,1.299565909,0.464942088,0.075160272,2.354044231,0.167940688,-0.064890688
5947,1.4870033,0.539617481,0.00554191,2.354044231,0.175950609,-0.072900609
5948,1.646325082,0.626817844,0,2.340541109,0.177963465,-0.074913465
5949,1.655696952,0.632226354,0,2.340541109,0.1738755,-0.0708255
5950,1.387036692,0.583834422,0,2.336074427,0.168189701,-0.065139701
5951,0.915319258,0.532121476,0,2.336074427,0.157274627,-0.054224627
5952,0.499833042,0.425374568,0,2.345024904,0.147583867,-0.044533867
5953,0.600423618,0.279344797,0,2.345024904,0.146255798,-0.043205798
5954,0.608482995,0.208085306,0,2.336074427,0.143599658,-0.040549658
5955,0.640720505,0.188918306,0,2.322776091,0.144242942,-0.041192942
5956,0.769670543,0.177911513,0,2.305278719,0.146318051,-0.043268051
5957,1.257262877,0.191670004,0,2.300945489,0.147376356,-0.044326356
5958,2.260655365,0.18512286,0.008361519,2.300945489,0.163001928,-0.059951928
5959,2.861078983,0.371574126,0.11142984,2.305278719,0.172381421,-0.069331421
5960,2.623327349,0.492364183,0.301327605,2.322776091,0.174124513,-0.071074513
5961,2.296922564,0.537529986,0.498198405,2.345024904,0.173958504,-0.070908504
5962,2.083349062,0.546828827,0.63579453,2.376899029,0.170762836,-0.067712836
5963,1.849627117,0.528515802,0.748587636,2.409651575,0.161653107,-0.058603107
5964,1.724706767,0.649495631,0.677825461,2.467949597,0.154203465,-0.051153465
5965,1.68440988,0.794956085,0.672924913,2.477941296,0.151609579,-0.048559579
5966,1.599786417,0.579564546,0.487944382,2.493081466,0.152398121,-0.049348121
5967,1.599786417,0.500144846,0.264575683,2.513558522,0.152232112,-0.049182112
5968,1.692469257,0.450804053,0.299026494,2.482967546,0.153518679,-0.050468679
5969,1.801270853,0.435622271,0.143430297,2.438452191,0.162545404,-0.059495404
5970,1.982606844,0.464942088,0.029617238,2.438452191,0.172443675,-0.069393675
5971,2.159913148,0.631941695,0,2.381523346,0.174622539,-0.071572539
5972,2.268714743,0.57700262,0,2.349525912,0.176199622,-0.073149622
5973,2.176031902,0.632226354,0,2.340541109,0.17273419,-0.06968419
5974,1.869775561,0.597877571,0,2.349525912,0.171675884,-0.068625884
5975,1.144431593,0.548441892,0,2.336074427,0.163748967,-0.060698967
5976,0.733403345,0.425374568,0,2.331624762,0.159474243,-0.056424243
5977,0.652331266,0.279344797,0,2.331624762,0.155303273,-0.052253273
5978,0.66108739,0.244142039,0,2.327192015,0.154141212,-0.051091212
5979,0.696111887,0.2067569,0,2.327192015,0.153622435,-0.050572435
5980,0.836209877,0.177911513,0,2.327192015,0.154161963,-0.051111963
5981,1.365955402,0.185217746,0,2.327192015,0.155282522,-0.052232522
5982,2.456092886,0.224880153,0.00276212,2.331624762,0.160636304,-0.057586304
5983,3.108424151,0.371574126,0.059130664,2.327192015,0.165865579,-0.062815579
5984,2.850118482,0.492364183,0.269710898,2.340541109,0.168853736,-0.065803736
5985,2.495495445,0.487240331,0.269086406,2.372292636,0.175992111,-0.072942111
5986,2.26345815,0.60822016,0.476111054,2.428775794,0.176012862,-0.072962862
5987,2.009530543,0.528515802,0.657178822,2.443319361,0.169808286,-0.066758286
5988,1.873810615,0.538763505,0.666042226,2.462983903,0.167753928,-0.064703928
5989,1.830029993,0.598921318,0.718764334,2.52913843,0.165782574,-0.062732574
5990,1.738090687,0.579564546,0.718490862,2.566253669,0.163520705,-0.060470705
5991,1.738090687,0.500144846,0.645169121,2.63247957,0.162379395,-0.059329395
5992,1.838786118,0.563149243,0.414655814,2.363133205,0.162337893,-0.059287893
5993,1.956993797,0.411331419,0.293023266,2.423966337,0.173937753,-0.070887753
5994,2.154006595,0.464942088,0.083872095,2.386165692,0.184458556,-0.081408556
5995,2.346641331,0.539617481,0.00557658,2.363133205,0.189978347,-0.086928347
5996,2.46484901,0.626817844,0,2.358579961,0.192675988,-0.089625988
5997,2.36415358,0.632226354,0,2.358579961,0.173979255,-0.070929255
5998,2.031420854,0.597877571,0,2.340541109,0.171862644,-0.068812644
5999,1.24336966,0.564003219,0,2.309628302,0.165222295,-0.062172295
6000,0.796807318,0.410192785,0,2.327192015,0.16455826,-0.06150826
6001,0.871145398,0.279344797,0,2.318376894,0.160719308,-0.057669308
6002,0.882838625,0.208085306,0,2.296628518,0.160200531,-0.057150531
6003,0.929611532,0.188918306,0,2.300945489,0.159474243,-0.056424243
6004,1.116703161,0.177911513,0,2.27106308,0.159287483,-0.056237483
6005,1.824143384,0.185217746,0,2.279521415,0.1596195,-0.0565695
6006,3.279950123,0.196034766,0.00837437,2.279521415,0.160262784,-0.057212784
6007,4.151095521,0.194801246,0.057696673,2.25849262,0.161943622,-0.058893622
6008,3.80614533,0.492364183,0.327944825,2.25849262,0.165678819,-0.062628819
6009,3.332569644,0.537529986,0.534368076,2.24606055,0.170389317,-0.067339317
6010,3.022699133,0.546828827,0.703727327,2.241946886,0.168397212,-0.065347212
6011,2.683595555,0.528515802,0.683964454,2.254333333,0.168148199,-0.065098199
6012,2.50235054,0.538763505,0.644999728,2.279521415,0.166633369,-0.063583369
6013,2.443884405,0.691245533,0.629583818,2.327192015,0.159868513,-0.056818513
6014,2.321105524,0.665626275,0.674587237,2.318376894,0.160076024,-0.057026024
6015,2.321105524,0.500144846,0.713519268,2.327192015,0.160221282,-0.057171282
6016,2.455577632,0.450804053,0.526670221,2.305278719,0.164143238,-0.061093238
6017,2.613436194,0.435622271,0.294550047,2.292327715,0.174601788,-0.071551788
6018,2.876533798,0.464942088,0.075135158,2.266857407,0.182507954,-0.079457954
6019,3.133784788,0.539617481,0.00286694,2.254333333,0.195871656,-0.092821656
6020,3.29164335,0.684603503,0,2.250189338,0.205811429,-0.102761429
6021,3.157171242,0.605088918,0,2.24606055,0.187446713,-0.084396713
6022,2.712828622,0.597877571,0,2.24606055,0.181242137,-0.078192137
6023,1.660438209,0.548441892,0,2.237848263,0.172464426,-0.069414426
6024,1.064083641,0.425374568,0,2.237848263,0.172588932,-0.069538932
6025,0.859394251,0.279344797,0,2.241946886,0.16379047,-0.06074047
6026,0.870929745,0.208085306,0,2.237848263,0.161590854,-0.058540854
6027,0.917071718,0.198596692,0,2.225641818,0.159640251,-0.056590251
6028,1.101639611,0.192049548,0,2.225641818,0.16036654,-0.05731654
6029,1.799536956,0.185217746,0,2.225641818,0.163935727,-0.060885727
6030,3.235705873,0.224880153,0.010573973,2.229695811,0.193028757,-0.089978757
6031,4.095100124,0.371574126,0.120818116,2.221602541,0.224860931,-0.121810931
6032,3.754803072,0.492364183,0.319732963,2.229695811,0.241129786,-0.138079786
6033,3.287615593,0.537529986,0.520896925,2.262667283,0.210314416,-0.107264416
6034,2.98192502,0.591140655,0.708694712,2.300945489,0.194128565,-0.091078565
6035,2.647395714,0.708230152,0.672069284,2.386165692,0.192302469,-0.089252469
6036,2.468595568,0.538763505,0.624963601,2.482967546,0.188505019,-0.085455019
6037,2.410918101,0.598921318,0.622188669,2.433604374,0.186907185,-0.083857185
6038,2.289795422,0.579564546,0.657962672,2.467949597,0.181532652,-0.078482652
6039,2.289795422,0.500144846,0.689347043,2.534374741,0.180681858,-0.077631858
6040,2.422453595,0.450804053,0.506581794,2.544912682,0.179374539,-0.076324539
6041,2.578182754,0.549675412,0.285151831,2.482967546,0.186720425,-0.083670425
6042,2.837731354,0.415791067,0.069233612,2.472935354,0.196784704,-0.093734704
6043,3.091512207,0.539617481,0.002848951,2.376899029,0.219507149,-0.116457149
6044,3.247241366,0.626817844,0,2.327192015,0.212327272,-0.109277272
6045,3.114583193,0.632226354,0,2.336074427,0.188380512,-0.085330512
6046,2.676234448,0.597877571,0,2.309628302,0.176842906,-0.073792906
6047,1.63804005,0.548441892,0,2.305278719,0.164329998,-0.061279998
6048,1.049729891,0.473102296,0,2.309628302,0.161549352,-0.058499352
6049,0.664792792,0.340071927,0,2.275284387,0.160387291,-0.057337291
6050,0.673716185,0.208085306,0,2.283774254,0.157378382,-0.054328382
6051,0.709409758,0.188918306,0,2.266857407,0.155344775,-0.052294775
6052,0.852184049,0.177911513,0,2.262667283,0.155095762,-0.052045762
6053,1.392049336,0.185217746,0,2.233764599,0.159930767,-0.056880767
6054,2.503011787,0.224880153,0.005597485,2.241946886,0.178129473,-0.075079473
6055,3.167804578,0.241769886,0.119698485,2.262667283,0.186326154,-0.083276154
6056,2.90456448,0.26378347,0.33681266,2.318376894,0.188359761,-0.085309761
6057,2.543167056,0.537529986,0.540920371,2.331624762,0.178129473,-0.075079473
6058,2.306697137,0.546828827,0.715470277,2.438452191,0.167753928,-0.064703928
6059,2.047918734,0.528515802,0.685308605,2.508407787,0.160698557,-0.057648557
6060,1.90960614,0.538763505,0.680281315,2.621205567,0.157461387,-0.054411387
6061,1.864989174,0.598921318,0.572045937,2.714197339,0.15752364,-0.05447364
6062,1.771293546,0.667903543,0.555233844,2.76321219,0.158000915,-0.054950915
6063,1.771293546,0.546828827,0.52900506,2.794755708,0.159474243,-0.056424243
6064,1.873912567,0.450804053,0.32345946,2.794755708,0.163811221,-0.060761221
6065,1.994378375,0.435622271,0.195422496,2.80115103,0.174352775,-0.071302775
6066,2.195154722,0.464942088,0.064790799,2.678562363,0.186305403,-0.083255403
6067,2.391469372,0.539617481,0.005574599,2.53963278,0.192696739,-0.089646739
6068,2.51193518,0.626817844,0,2.458038153,0.200104879,-0.097054879
6069,2.409316158,0.656232547,0,2.462983903,0.181760914,-0.078710914
6070,2.070227217,0.571214565,0,2.414404339,0.167525666,-0.064475666
6071,1.267121831,0.548441892,0,2.390826172,0.158830959,-0.055780959
6072,0.812028779,0.425374568,0,2.331624762,0.15789716,-0.05484716
6073,0.517020933,0.279344797,0,2.318376894,0.155780548,-0.052730548
6074,0.523960812,0.208085306,0,2.322776091,0.152439623,-0.049389623
6075,0.551720325,0.188918306,0,2.305278719,0.152979151,-0.049929151
6076,0.662758378,0.189867167,0,2.262667283,0.155095762,-0.052045762
6077,1.082621015,0.189677395,0,2.279521415,0.156631343,-0.053581343
6078,1.946635863,0.224880153,0.005593201,2.262667283,0.173605736,-0.070555736
6079,2.463656797,0.371574126,0.11338999,2.292327715,0.181387395,-0.078337395
6080,2.258930387,0.492364183,0.308451896,2.336074427,0.182798469,-0.079748469
6081,1.977865316,0.537529986,0.518617698,2.433604374,0.175680845,-0.072630845
6082,1.793958541,0.546828827,0.678892668,2.523923711,0.16835571,-0.06530571
6083,1.59270207,0.62567921,0.687215486,2.52913843,0.163479203,-0.060429203
6084,1.485133956,0.78081805,0.665021734,2.610027719,0.156444583,-0.053394583
6085,1.450434565,0.598921318,0.662990506,2.702214128,0.152792391,-0.049742391
6086,1.377565843,0.579564546,0.660946649,2.714197339,0.152564129,-0.049514129
6087,1.377565843,0.500144846,0.6431425,2.80115103,0.155344775,-0.052294775
6088,1.457374443,0.450804053,0.424220926,2.89386052,0.15391295,-0.05086295
6089,1.5510628,0.435622271,0.28481856,2.714197339,0.161653107,-0.058603107
6090,1.707210062,0.565331625,0.072175328,2.690336264,0.170534574,-0.067484574
6091,1.859887384,0.480693187,0.002831207,2.63247957,0.175369578,-0.072319578
6092,1.953575741,0.626817844,0,2.577058947,0.178336984,-0.075286984
6093,1.873767141,0.632226354,0,2.544912682,0.172671937,-0.069621937
6094,1.610051766,0.597877571,0,2.518730453,0.161611605,-0.058561605
6095,0.985462719,0.548441892,0,2.498169388,0.155510784,-0.052460784
6096,0.631528925,0.425374568,0,2.462983903,0.150904042,-0.047854042
6097,0.266267074,0.315021986,0,2.448206,0.149513719,-0.046463719
6098,0.260994459,0.25296645,0,2.419175889,0.150177754,-0.047127754
6099,0.287357535,0.188918306,0,2.423966337,0.148849684,-0.045799684
6100,0.40599138,0.177911513,0,2.400201961,0.151215308,-0.048165308
6101,0.817255376,0.185217746,0,2.363133205,0.156838854,-0.053788854
6102,1.82696121,0.224880153,0.005576067,2.331624762,0.185724373,-0.082674373
6103,2.343677512,0.371574126,0.111581113,2.340541109,0.19746949,-0.09441949
6104,1.903414133,0.353355987,0.317330663,2.419175889,0.208322311,-0.105272311
6105,1.576511982,0.42679786,0.517462319,2.566253669,0.192572233,-0.089522233
6106,1.576511982,0.546828827,0.681978354,2.655321041,0.184209543,-0.081159543
6107,1.257518755,0.528515802,0.680761542,2.744625561,0.180142329,-0.077092329
6108,1.25224614,0.538763505,0.645367885,2.807575688,0.178108722,-0.075058722
6109,1.162611679,0.598921318,0.640678011,2.866751756,0.166259849,-0.063209849
6110,1.012342143,0.579564546,0.764162012,2.873481221,0.160864566,-0.057814566
6111,0.956979682,0.596549165,0.624306015,2.956770531,0.16094757,-0.05789757
6112,0.922707682,0.472058549,0.48063282,2.921486874,0.161009823,-0.057959823
6113,1.022887373,0.435622271,0.251947161,2.949645783,0.175846853,-0.072796853
6114,1.096703988,0.464942088,0.062620464,2.860053738,0.180204583,-0.077154583
6115,1.254882448,0.539617481,0.002682872,2.684436404,0.18491508,-0.08186508
6116,1.389334138,0.626817844,0,2.615604701,0.184707569,-0.081657569
6117,1.397243061,0.632226354,0,2.523923711,0.179187779,-0.076137779
6118,1.170520602,0.583834422,0,2.493081466,0.16949702,-0.06644702
6119,0.772438145,0.532121476,0,2.462983903,0.157233125,-0.054183125
6120,0.421809226,0.425374568,0,2.428775794,0.155407029,-0.052357029
6121,0.236603771,0.279344797,0,2.400201961,0.151796339,-0.048746339
6122,0.231918548,0.208085306,0,2.376899029,0.149306208,-0.046256208
6123,0.255344664,0.188918306,0,2.367704062,0.147500863,-0.044450863
6124,0.360762186,0.177911513,0,2.345024904,0.149181701,-0.046131701
6125,0.726209595,0.191670004,0,2.336074427,0.155324024,-0.052274024
6126,1.623429837,0.18512286,0.002765333,2.345024904,0.176075115,-0.073025115
6127,2.08258171,0.371574126,0.090339801,2.349525912,0.184313299,-0.081263299
6128,1.691365573,0.492364183,0.178387356,2.414404339,0.187923988,-0.084873988
6129,1.400881735,0.537529986,0.412358426,2.534374741,0.185786626,-0.082736626
6130,1.400881735,0.546828827,0.546536508,2.666891068,0.183628513,-0.080578513
6131,1.117425732,0.528515802,0.721966894,2.775743764,0.180640356,-0.077590356
6132,1.112740509,0.649495631,0.663402082,2.833571759,0.177963465,-0.074913465
6133,1.033091714,0.794956085,0.629646717,2.887035377,0.172132408,-0.069082408
6134,0.899562853,0.579564546,0.767230024,3.01503202,0.169953544,-0.066903544
6135,0.85036801,0.500144846,0.591056959,3.0602575,0.168272705,-0.065222705
6136,0.819914059,0.450804053,0.238963325,3.083382872,0.170928845,-0.067878845
6137,0.9089333,0.435622271,0.067795658,3.122711735,0.181200635,-0.078150635
6138,0.974526424,0.464942088,0.024440535,3.045032338,0.188774783,-0.085724783
6139,1.11508312,0.631941695,0.000153658,2.732372768,0.198693805,-0.095643805
6140,1.234556312,0.57700262,0,2.696262115,0.201100931,-0.098050931
6141,1.241584146,0.632226354,0,2.643850972,0.18624315,-0.08319315
6142,1.040119549,0.597877571,0,2.582495781,0.180246085,-0.077196085
6143,0.686385198,0.548441892,0,2.566253669,0.173979255,-0.070929255
6144,0.374817856,0.425374568,0,2.534374741,0.175431832,-0.072381832
6145,0.216355981,0.279344797,0,2.498169388,0.160491046,-0.057441046
6146,0.212071704,0.244142039,0,2.453112224,0.159598749,-0.056548749
6147,0.233493088,0.2067569,0,2.438452191,0.159349736,-0.056299736
6148,0.329889317,0.177911513,0,2.423966337,0.159308234,-0.056258234
6149,0.664062912,0.185217746,0,2.419175889,0.159411989,-0.056361989
6150,1.484501929,0.224880153,0.0027739,2.448206,0.161238085,-0.058188085
6151,1.90436106,0.371574126,0.019388673,2.462983903,0.177133421,-0.074083421
6152,1.546623943,0.492364183,0.07962044,2.508407787,0.180100827,-0.077050827
6153,1.280998778,0.487240331,0.338881197,2.626830472,0.179727308,-0.076677308
6154,1.280998778,0.60822016,0.330628915,2.684436404,0.168770731,-0.065720731
6155,1.021800029,0.528515802,0.386735339,2.827027714,0.16057405,-0.05752405
6156,1.017515752,0.538763505,0.397638494,2.89386052,0.157959413,-0.054909413
6157,0.944683045,0.598921318,0.762010787,2.971123786,0.155324024,-0.052274024
6158,0.822581155,0.579564546,0.653168077,3.098994937,0.151215308,-0.048165308
6159,0.777596248,0.500144846,0.682313389,3.114765903,0.151194557,-0.048144557
6160,0.749748449,0.563149243,0.415927761,3.075635678,0.155303273,-0.052253273
6161,0.831149709,0.411331419,0.227664171,3.007624079,0.166674871,-0.063624871
6162,0.891129585,0.464942088,0.054249681,2.956770531,0.182196687,-0.079146687
6163,1.01965789,0.539617481,0.002732135,2.769463801,0.198569298,-0.095519298
6164,1.12890695,0.626817844,0,2.696262115,0.192634486,-0.089584486
6165,1.135333365,0.632226354,0,2.638153017,0.184458556,-0.081408556
6166,0.951109461,0.597877571,0,2.610027719,0.178025718,-0.074975718
6167,0.627646559,0.564003219,0,2.582495781,0.161300339,-0.058250339
6168,0.342742148,0.410192785,0,2.513558522,0.161694609,-0.058644609
6169,0.215306616,0.279344797,0,2.498169388,0.154058208,-0.051008208
6170,0.211043118,0.208085306,0,2.458038153,0.145654016,-0.042604016
6171,0.232360605,0.188918306,0,2.453112224,0.130111449,-0.027061449
6172,0.328289295,0.177911513,0,2.453112224,0.126853527,-0.023803527
6173,0.660842087,0.185217746,0,2.428775794,0.129198401,-0.026148401
6174,1.477301827,0.196034766,0.002780326,2.395504892,0.134033405,-0.030983405
6175,1.895124566,0.194801246,0.056151358,2.414404339,0.132788339,-0.029738339
6176,1.539122539,0.492364183,0.147833818,2.467949597,0.143350645,-0.040300645
6177,1.274785704,0.537529986,0.435859285,2.488014228,0.144574959,-0.041524959
6178,1.274785704,0.546828827,0.30883855,2.52913843,0.13660654,-0.03355654
6179,1.016844115,0.528515802,0.561166002,2.655321041,0.110709179,-0.007659179
6180,1.012580618,0.538763505,0.666029917,2.900718009,0.09298,0.01007
6181,0.940101163,0.691245533,0.652167068,2.921486874,0.0856,0.01745
6182,0.818591489,0.665626275,0.687765981,2.928476077,0.08622,0.01683
6183,0.773824767,0.500144846,0.675221536,3.052625935,0.093195258,0.009854742
6184,0.746112034,0.450804053,0.498101928,2.963929782,0.14592378,-0.04287378
6185,0.827118483,0.435622271,0.276784895,2.942555288,0.160283535,-0.057233535
6186,0.886807446,0.464942088,0.063091141,2.89386052,0.179685805,-0.076635805
6187,1.014712366,0.539617481,0.00273856,2.750793258,0.184271796,-0.081221796
6188,1.123431548,0.684603503,0,2.661093478,0.194522835,-0.091472835
6189,1.129826794,0.605088918,0,2.638153017,0.192634486,-0.089584486
6190,0.946496409,0.597877571,0,2.621205567,0.188318259,-0.085268259
6191,0.62460236,0.548441892,0,2.582495781,0.178482242,-0.075432242
6192,0.341079787,0.425374568,0,2.555538622,0.160387291,-0.057337291
6193,0.200518237,0.279344797,0,2.52913843,0.160636304,-0.057586304
6194,0.196547578,0.208085306,0,2.513558522,0.159640251,-0.056590251
6195,0.216400869,0.198596692,0,2.493081466,0.15619557,-0.05314557
6196,0.305740677,0.192049548,0,2.477941296,0.157212374,-0.054162374
6197,0.615452013,0.185217746,0,2.488014228,0.162151133,-0.059101133
6198,1.375833049,0.224880153,0.002821021,2.503278119,0.198195779,-0.095145779
6199,1.764957547,0.371574126,0.082084504,2.508407787,0.202989281,-0.099939281
6200,1.433407592,0.492364183,0.278719593,2.508407787,0.216913263,-0.113863263
6201,1.187226787,0.537529986,0.493222217,2.534374741,0.207824285,-0.104774285
6202,1.187226787,0.591140655,0.665768215,2.666891068,0.198444792,-0.095394792
6203,0.947001968,0.708230152,0.764911984,2.750793258,0.206537717,-0.103487717
6204,0.94303131,0.538763505,0.696148795,2.866751756,0.196805455,-0.093755455
6205,0.875530122,0.598921318,0.705869498,2.949645783,0.19746949,-0.09441949
6206,0.762366365,0.579564546,0.431199176,3.007624079,0.195539639,-0.092489639
6207,0.720674454,0.500144846,0.374422747,3.212868766,0.194543587,-0.091493587
6208,0.694865176,0.450804053,0.139629237,3.264274667,0.192883499,-0.089833499
6209,0.770307681,0.549675412,0.062083649,3.255593085,0.200810416,-0.097760416
6210,0.825896895,0.415791067,0.024450173,3.13069821,0.210646433,-0.107596433
6211,0.945016639,0.539617481,0.002727851,2.942555288,0.219444896,-0.116394896
6212,1.046268422,0.626817844,0,2.775743764,0.217888564,-0.114838564
6213,1.052224409,0.632226354,0,2.696262115,0.199067324,-0.096017324
6214,0.881486109,0.597877571,0,2.649573593,0.192468477,-0.089418477
6215,0.581701419,0.548441892,0,2.63247957,0.176718399,-0.073668399
6216,0.317652652,0.473102296,0,2.615604701,0.169580024,-0.066530024
6217,0.206723091,0.340071927,0,2.53963278,0.161570103,-0.058520103
6218,0.202629565,0.208085306,0,2.508407787,0.157191623,-0.054141623
6219,0.223097197,0.188918306,0,2.498169388,0.156340828,-0.053290828
6220,0.315201545,0.177911513,0,2.462983903,0.156486085,-0.053436085
6221,0.634496616,0.185217746,0,2.443319361,0.161839867,-0.058789867
6222,1.418406952,0.224880153,0.002793177,2.414404339,0.188297508,-0.085247508
6223,1.819572554,0.241769886,0.027822229,2.438452191,0.198693805,-0.095643805
6224,1.477763087,0.26378347,0.100301619,2.482967546,0.201017927,-0.097967927
6225,1.22396444,0.537529986,0.202944195,2.626830472,0.18661667,-0.08356667
6226,1.22396444,0.546828827,0.413243409,2.744625561,0.168417963,-0.065367963
6227,0.976306084,0.528515802,0.754008583,2.833571759,0.155780548,-0.052730548
6228,0.972212557,0.538763505,0.64602406,2.866751756,0.150136252,-0.047086252
6229,0.902622606,0.598921318,0.637852764,2.921486874,0.147957387,-0.044907387
6230,0.785957099,0.667903543,0.666216876,3.007624079,0.130152951,-0.027102951
6231,0.74297507,0.546828827,0.662696954,2.949645783,0.135485981,-0.032435981
6232,0.716367147,0.450804053,0.488542998,2.935498801,0.144989981,-0.041939981
6233,0.794144152,0.435622271,0.26882239,2.846751163,0.151132304,-0.048082304
6234,0.851453524,0.464942088,0.055930721,2.807575688,0.165014784,-0.061964784
6235,0.97425932,0.539617481,0.000152874,2.732372768,0.174996059,-0.071946059
6236,1.078644247,0.626817844,0,2.661093478,0.173584985,-0.070534985
6237,1.084784537,0.656232547,0,2.593438559,0.167276653,-0.064226653
6238,0.908762895,0.571214565,0,2.534374741,0.162005876,-0.058955876
6239,0.59970164,0.548441892,0,2.503278119,0.155365527,-0.052315527
6240,0.327482124,0.425374568,0,2.493081466,0.150177754,-0.047127754
6241,0.262276765,0.279344797,0,2.458038153,0.149409963,-0.046359963
6242,0.257083166,0.208085306,0,2.428775794,0.149077946,-0.046027946
6243,0.283051163,0.188918306,0,2.395504892,0.148538418,-0.045488418
6244,0.399907147,0.189867167,0,2.354044231,0.150530522,-0.047480522
6245,0.805007894,0.189677395,0,2.327192015,0.155676793,-0.052626793
6246,1.799582163,0.224880153,0.002797461,2.283774254,0.175577089,-0.072527089
6247,2.308554896,0.371574126,0.073740193,2.275284387,0.1967017,-0.0936517
6248,1.874889353,0.492364183,0.173943426,2.305278719,0.199337089,-0.096287089
6249,1.552886196,0.537529986,0.452940018,2.349525912,0.189252058,-0.086202058
6250,1.552886196,0.546828827,0.642082165,2.381523346,0.160823064,-0.057773064
6251,1.238673437,0.62567921,0.681047238,2.477941296,0.153705439,-0.050655439
6252,1.233479838,0.78081805,0.409413796,2.577058947,0.150426767,-0.047376767
6253,1.145188649,0.598921318,0.169537903,2.621205567,0.149181701,-0.046131701
6254,0.997171069,0.579564546,0.152956488,2.672713974,0.147189597,-0.044139597
6255,0.942638276,0.500144846,0.575314586,2.666891068,0.150447518,-0.047397518
6256,0.90887988,0.450804053,0.481303099,2.63247957,0.154576985,-0.051526985
6257,1.007558267,0.435622271,0.258451549,2.598944798,0.171717386,-0.068667386
6258,1.080268658,0.565331625,0.04669106,2.523923711,0.193257019,-0.090207019
6259,1.236076637,0.480693187,0,2.438452191,0.201515953,-0.098465953
6260,1.36851342,0.626817844,0,2.414404339,0.203383551,-0.100333551
6261,1.376303819,0.632226354,0,2.386165692,0.192800495,-0.089750495
6262,1.152979048,0.597877571,0,2.372292636,0.186824181,-0.083774181
6263,0.7608623,0.548441892,0,2.349525912,0.169829037,-0.066779037
6264,0.415487945,0.425374568,0,2.292327715,0.162234138,-0.059184138
6265,0.564251353,0.315021986,0,2.25849262,0.157689649,-0.054639649
6266,0.571825196,0.25296645,0,2.24606055,0.156921858,-0.053871858
6267,0.602120571,0.188918306,0,2.221602541,0.156050313,-0.053000313
6268,0.72330207,0.177911513,0,2.205590991,0.158270679,-0.055220679
6269,1.181519611,0.185217746,0,2.209572202,0.164641264,-0.061591264
6270,2.124463147,0.224880153,0.002794248,2.17039539,0.194170067,-0.091120067
6271,2.6887145,0.371574126,0.078841892,2.193732975,0.200519901,-0.097469901
6272,2.465286112,0.353355987,0.28431191,2.229695811,0.205105892,-0.102055892
6273,2.158545444,0.42679786,0.488955033,2.322776091,0.200955674,-0.097905674
6274,1.957838586,0.546828827,0.65860781,2.414404339,0.197199726,-0.094149726
6275,1.73819712,0.528515802,0.691466357,2.493081466,0.184977334,-0.081927334
6276,1.620802544,0.538763505,0.662954164,2.523923711,0.171509875,-0.068459875
6277,1.582933325,0.598921318,0.665203272,2.550214583,0.168397212,-0.065347212
6278,1.503407967,0.579564546,0.743065929,2.582495781,0.167753928,-0.064703928
6279,1.503407967,0.596549165,0.635571386,2.604474468,0.168604723,-0.065554723
6280,1.590507169,0.472058549,0.468129672,2.577058947,0.173730242,-0.070680242
6281,1.692754058,0.435622271,0.251033444,2.523923711,0.196805455,-0.093755455
6282,1.863165541,0.464942088,0.045821359,2.448206,0.201370696,-0.098320696
6283,2.029790101,0.539617481,0,2.381523346,0.241358048,-0.138308048
6284,2.132036991,0.626817844,0,2.336074427,0.21990142,-0.11685142
6285,2.044937789,0.632226354,0,2.322776091,0.199378591,-0.096328591
6286,1.757131729,0.583834422,0,2.300945489,0.192841997,-0.089791997
6287,1.0754858,0.532121476,0,2.262667283,0.173169963,-0.070119963
6288,0.689219773,0.425374568,0,2.241946886,0.170596827,-0.067546827
6289,0.711714406,0.279344797,0,2.24606055,0.167878434,-0.064828434
6290,0.721267619,0.208085306,0,2.209572202,0.165761823,-0.062711823
6291,0.759480473,0.188918306,0,2.193732975,0.166508862,-0.063458862
6292,0.912331889,0.177911513,0,2.182001783,0.168023692,-0.064973692
6293,1.490301306,0.191670004,0,2.158911817,0.170347814,-0.067297814
6294,2.679676387,0.18512286,0.002788893,2.14004021,0.194253071,-0.091203071
6295,3.391390793,0.371574126,0.063924428,2.166553982,0.204006084,-0.100956084
6296,3.109570995,0.492364183,0.166843063,2.189808587,0.219071376,-0.116021376
6297,2.722665848,0.537529986,0.465117335,2.309628302,0.201142434,-0.098092434
6298,2.46950569,0.546828827,0.644528582,2.390826172,0.195726399,-0.092676399
6299,2.192462499,0.528515802,0.766238869,2.419175889,0.181968425,-0.078918425
6300,2.044387689,0.649495631,0.656592012,2.52913843,0.169870539,-0.066820539
6301,1.996621622,0.794956085,0.65246478,2.582495781,0.164911028,-0.061861028
6302,1.89631288,0.579564546,0.760707472,2.626830472,0.162317142,-0.059267142
6303,1.89631288,0.500144846,0.652671519,2.604474468,0.163209439,-0.060159439
6304,2.006174835,0.450804053,0.47758825,2.593438559,0.168832985,-0.065782985
6305,2.135143218,0.435622271,0.252948731,2.571644958,0.188774783,-0.085724783
6306,2.350090522,0.464942088,0.046301708,2.498169388,0.202947778,-0.099897778
6307,2.560261219,0.631941695,0,2.423966337,0.211206713,-0.108156713
6308,2.689229601,0.57700262,0,2.386165692,0.199337089,-0.096287089
6309,2.579367646,0.632226354,0,2.345024904,0.18452081,-0.08147081
6310,2.216345533,0.597877571,0,2.288042991,0.174352775,-0.071302775
6311,1.356556317,0.548441892,0,2.254333333,0.164018732,-0.060968732
6312,0.869342429,0.425374568,0,2.233764599,0.161673858,-0.058623858
6313,0.737553216,0.279344797,0,2.197671454,0.155324024,-0.052274024
6314,0.747453259,0.244142039,0,2.185898214,0.154161963,-0.051111963
6315,0.787053432,0.2067569,0,2.143788091,0.155490033,-0.052440033
6316,0.945454123,0.177911513,0,2.13630541,0.159391238,-0.056341238
6317,1.544406735,0.185217746,0,2.14004021,0.161445596,-0.058395596
6318,2.77696211,0.224880153,0.002787822,2.11782526,0.16646736,-0.06341736
6319,3.514515326,0.371574126,0.07362871,2.125178819,0.186388408,-0.083338408
6320,3.222464052,0.492364183,0.257209573,2.182001783,0.183109735,-0.080059735
6321,2.821512304,0.487240331,0.481460441,2.283774254,0.168791482,-0.065741482
6322,2.55916116,0.60822016,0.52736012,2.349525912,0.158395186,-0.055345186
6323,2.272059908,0.528515802,0.519092194,2.428775794,0.155012758,-0.051962758
6324,2.118609239,0.538763505,0.557800457,2.472935354,0.151713335,-0.048663335
6325,2.069109023,0.598921318,0.304757049,2.626830472,0.149596723,-0.046546723
6326,1.96515857,0.579564546,0.252945965,2.638153017,0.148455413,-0.045405413
6327,1.96515857,0.500144846,0.113027212,2.684436404,0.150468269,-0.047418269
6328,2.079009066,0.563149243,0.061738812,2.750793258,0.151153055,-0.048103055
6329,2.212659649,0.411331419,0.029723259,2.756988739,0.175348827,-0.072298827
6330,2.43541062,0.464942088,0.021663262,2.678562363,0.196805455,-0.093755455
6331,2.65321157,0.539617481,0,2.518730453,0.196805455,-0.093755455
6332,2.786862153,0.626817844,0,2.462983903,0.189169054,-0.086119054
6333,2.673011656,0.632226354,0,2.423966337,0.165533561,-0.062483561
6334,2.296810016,0.597877571,0,2.390826172,0.161736112,-0.058686112
6335,1.40580613,0.564003219,0,2.358579961,0.156465334,-0.053415334
6336,0.900903929,0.410192785,0,2.336074427,0.150364514,-0.047314514
6337,0.563619877,0.279344797,0,2.336074427,0.15144357,-0.04839357
6338,0.571185245,0.208085306,0,2.331624762,0.151900094,-0.048850094
6339,0.601446715,0.188918306,0,2.327192015,0.152273614,-0.049223614
6340,0.722492595,0.177911513,0,2.331624762,0.155033509,-0.051983509
6341,1.180197327,0.185217746,0,2.305278719,0.149700479,-0.046650479
6342,2.122085579,0.196034766,0,2.288042991,0.148247902,-0.045197902
6343,2.685705456,0.194801246,0.046283756,2.288042991,0.148828933,-0.045778933
6344,2.462527116,0.492364183,0.181837944,2.336074427,0.147002837,-0.043952837
6345,2.156129733,0.537529986,0.258837284,2.381523346,0.145612514,-0.042562514
6346,1.955647494,0.546828827,0.271317019,2.419175889,0.147500863,-0.044450863
6347,1.736251837,0.528515802,0.452913855,2.52913843,0.148891186,-0.045841186
6348,1.618988641,0.538763505,0.406686193,2.626830472,0.1482064,-0.0451564
6349,1.581161804,0.691245533,0.741932888,2.626830472,0.144720217,-0.041670217
6350,1.501725445,0.665626275,0.762583306,2.732372768,0.145031483,-0.041981483
6351,1.501725445,0.500144846,0.548678714,2.750793258,0.14801964,-0.04496964
6352,1.588727171,0.450804053,0.285529026,2.80115103,0.149638225,-0.046588225
6353,1.690859632,0.435622271,0.136054308,2.775743764,0.165658068,-0.062608068
6354,1.861080401,0.464942088,0.022083064,2.655321041,0.174000006,-0.070950006
6355,2.027518485,0.539617481,0,2.566253669,0.17806722,-0.07501722
6356,2.129650946,0.684603503,0,2.523923711,0.172941701,-0.069891701
6357,2.04264922,0.605088918,0,2.508407787,0.164516758,-0.061466758
6358,1.755165256,0.597877571,0,2.52913843,0.162358644,-0.059308644
6359,1.074282183,0.548441892,0,2.513558522,0.15943274,-0.05638274
6360,0.688448441,0.425374568,0,2.513558522,0.150447518,-0.047397518
6361,0.605300506,0.279344797,0,2.534374741,0.149492968,-0.046442968
6362,0.613425345,0.208085306,0,2.472935354,0.149866487,-0.046816487
6363,0.645924701,0.198596692,0,2.386165692,0.150364514,-0.047314514
6364,0.775922125,0.192049548,0,2.381523346,0.149575972,-0.046525972
6365,1.267474885,0.185217746,0,2.372292636,0.158021666,-0.054971666
6366,2.279017341,0.224880153,0,2.358579961,0.174269771,-0.071219771
6367,2.884317847,0.371574126,0.022237276,2.345024904,0.194709595,-0.091659595
6368,2.644635096,0.492364183,0.068536915,2.340541109,0.196805455,-0.093755455
6369,2.315579116,0.537529986,0.084460601,2.340541109,0.196763953,-0.093713953
6370,2.100270883,0.591140655,0.108072047,2.336074427,0.196784704,-0.093734704
6371,1.864650551,0.708230152,0.221260545,2.358579961,0.19784301,-0.09479301
6372,1.738715547,0.538763505,0.650477208,2.390826172,0.19423232,-0.09118232
6373,1.698091352,0.598921318,0.455260935,2.423966337,0.193215517,-0.090165517
6374,1.612780542,0.579564546,0.653966871,2.472935354,0.191140408,-0.088090408
6375,1.612780542,0.500144846,0.532149563,2.571644958,0.193402277,-0.090352277
6376,1.706216191,0.450804053,0.352884554,2.555538622,0.204939883,-0.101889883
6377,1.815901517,0.549675412,0.258107022,2.544912682,0.205043639,-0.101993639
6378,1.998710395,0.415791067,0.046616629,2.467949597,0.208384564,-0.105334564
6379,2.177456853,0.539617481,0,2.386165692,0.22789059,-0.12484059
6380,2.28714218,0.626817844,0,2.358579961,0.203238294,-0.100188294
6381,2.193706531,0.632226354,0,2.318376894,0.195166119,-0.092116119
6382,1.884962649,0.597877571,0,2.296628518,0.181968425,-0.078918425
6383,1.153727139,0.548441892,0,2.275284387,0.167318155,-0.064268155
6384,0.739360349,0.473102296,0,2.27106308,0.168480216,-0.065430216
6385,0.703283731,0.340071927,0,2.254333333,0.166591867,-0.063541867
6386,0.712723781,0.208085306,0,2.24606055,0.166176845,-0.063126845
6387,0.750483981,0.188918306,0,2.24606055,0.166571116,-0.063521116
6388,0.901524782,0.177911513,0,2.279521415,0.168438714,-0.065388714
6389,1.472647812,0.185217746,0,2.27106308,0.1738755,-0.0708255
6390,2.647934046,0.224880153,0,2.288042991,0.209214608,-0.106164608
6391,3.351217777,0.241769886,0.01139799,2.279521415,0.228284861,-0.125234861
6392,3.0727363,0.26378347,0.073400015,2.275284387,0.228326363,-0.125276363
6393,2.690414272,0.537529986,0.175920215,2.296628518,0.203113787,-0.100063787
6394,2.440252945,0.546828827,0.25197988,2.336074427,0.202927027,-0.099877027
6395,2.166491492,0.528515802,0.539873138,2.372292636,0.198673054,-0.095623054
6396,2.020170716,0.538763505,0.643328875,2.381523346,0.195041613,-0.091991613
6397,1.972970466,0.598921318,0.734390549,2.381523346,0.190559377,-0.087509377
6398,1.87384994,0.667903543,0.658938251,2.428775794,0.187965491,-0.084915491
6399,1.87384994,0.546828827,0.728713237,2.458038153,0.190206609,-0.087156609
6400,1.982410516,0.450804053,0.40722893,2.433604374,0.19632818,-0.09327818
6401,2.109851192,0.435622271,0.104228085,2.414404339,0.207097997,-0.104047997
6402,2.322252319,0.464942088,0.029997316,2.400201961,0.217971568,-0.114921568
6403,2.52993342,0.539617481,0,2.395504892,0.205500163,-0.102450163
6404,2.657374096,0.626817844,0,2.395504892,0.199254084,-0.096204084
6405,2.54881352,0.656232547,0,2.386165692,0.189355814,-0.086305814
6406,2.190091618,0.571214565,0,2.386165692,0.1710326,-0.0679826
6407,1.340487111,0.548441892,0,2.386165692,0.165097788,-0.062047788
6408,0.859044557,0.425374568,0,2.395504892,0.164246994,-0.061196994
6409,0.615171426,0.279344797,0,2.404917485,0.161881369,-0.058831369
6410,0.62342876,0.208085306,0,2.390826172,0.161528601,-0.058478601
6411,0.656458099,0.188918306,0,2.386165692,0.164122487,-0.061072487
6412,0.788575452,0.189867167,0,2.386165692,0.165471308,-0.062421308
6413,1.288144193,0.189677395,0,2.376899029,0.168791482,-0.065741482
6414,2.316182348,0.224880153,0,2.376899029,0.198693805,-0.095643805
6415,2.931353773,0.371574126,0.074471446,2.395504892,0.211268966,-0.108218966
6416,2.687762403,0.492364183,0.31302523,2.428775794,0.221872774,-0.118822774
6417,2.353340353,0.537529986,0.5437767,2.458038153,0.21058418,-0.10753418
6418,2.134520987,0.546828827,0.731336562,2.477941296,0.200270888,-0.097220888
6419,1.895058284,0.62567921,0.696115848,2.448206,0.198839062,-0.095789062
6420,1.767069599,0.78081805,0.654824212,2.433604374,0.196390434,-0.093340434
6421,1.725782926,0.598921318,0.654748628,2.534374741,0.197303482,-0.094253482
6422,1.639080913,0.579564546,0.691616304,2.53963278,0.196846958,-0.093796958
6423,1.639080913,0.500144846,0.726337661,2.566253669,0.1967017,-0.0936517
6424,1.73404026,0.450804053,0.535398766,2.555538622,0.19365129,-0.09060129
6425,1.845514277,0.435622271,0.26621938,2.555538622,0.196784704,-0.093734704
6426,2.031304305,0.565331625,0.046735547,2.443319361,0.205500163,-0.102450163
6427,2.212965666,0.480693187,0,2.423966337,0.216851009,-0.113801009
6428,2.324439682,0.626817844,0,2.404917485,0.200416145,-0.097366145
6429,2.229480335,0.632226354,0,2.395504892,0.191991202,-0.088941202
6430,1.915701621,0.597877571,0,2.367704062,0.175411081,-0.072361081
6431,1.172541509,0.548441892,0,2.381523346,0.165782574,-0.062732574
6432,0.751417446,0.425374568,0,2.376899029,0.163977229,-0.060927229
6433,0.555744542,0.315021986,0,2.354044231,0.161362592,-0.058312592
6434,0.5632042,0.25296645,0,2.358579961,0.15903847,-0.05598847
6435,0.593042833,0.188918306,0,2.372292636,0.158519692,-0.055469692
6436,0.712397365,0.177911513,0,2.376899029,0.159702505,-0.056652505
6437,1.163706691,0.185217746,0,2.367704062,0.165471308,-0.062421308
6438,2.092434146,0.224880153,0,2.358579961,0.188940792,-0.085890792
6439,2.648178688,0.371574126,0.06886718,2.354044231,0.197407237,-0.094357237
6440,2.428118769,0.353355987,0.305801836,2.372292636,0.19993887,-0.09688887
6441,2.126002609,0.42679786,0.552857797,2.400201961,0.197884512,-0.094834512
6442,1.928321664,0.546828827,0.733443068,2.428775794,0.196473438,-0.093423438
6443,1.711991574,0.528515802,0.700656728,2.462983903,0.194585089,-0.091535089
6444,1.596366871,0.538763505,0.65852345,2.503278119,0.191306416,-0.088256416
6445,1.55906858,0.598921318,0.695715493,2.534374741,0.189750085,-0.086700085
6446,1.480742168,0.579564546,0.709979484,2.566253669,0.185807377,-0.082757377
6447,1.480742168,0.596549165,0.6729084,2.582495781,0.185122591,-0.082072591
6448,1.566528238,0.472058549,0.48307047,2.577058947,0.185143342,-0.082093342
6449,1.667233625,0.435622271,0.238340212,2.566253669,0.186512914,-0.083462914
6450,1.835075936,0.464942088,0.049231496,2.488014228,0.18701094,-0.08396094
6451,1.999188418,0.539617481,0,2.467949597,0.183109735,-0.080059735
6452,2.099893805,0.626817844,0,2.482967546,0.181221386,-0.078171386
6453,2.014107735,0.632226354,0,2.503278119,0.168002941,-0.064952941
6454,1.73064072,0.583834422,0,2.508407787,0.161113579,-0.058063579
6455,1.059271475,0.532121476,0,2.508407787,0.155905055,-0.052855055
6456,0.678828903,0.425374568,0,2.493081466,0.15333192,-0.05028192
6457,0.280798535,0.279344797,0,2.488014228,0.1510493,-0.0479993
6458,0.275238168,0.208085306,0,2.472935354,0.150945544,-0.047895544
6459,0.303040003,0.188918306,0,2.467949597,0.151132304,-0.048082304
6460,0.428148262,0.177911513,0,2.453112224,0.1529584,-0.0499084
6461,0.86185689,0.191670004,0,2.404917485,0.159245981,-0.056195981
6462,1.926667177,0.18512286,0,2.423966337,0.181345893,-0.078295893
6463,2.471583147,0.371574126,0.025654961,2.414404339,0.193423028,-0.090373028
6464,2.007292499,0.492364183,0.087514872,2.458038153,0.197448739,-0.094398739
6465,1.662549743,0.537529986,0.144579948,2.518730453,0.196971464,-0.093921464
6466,1.662549743,0.546828827,0.252896888,2.638153017,0.191140408,-0.088090408
6467,1.326147538,0.528515802,0.722444617,2.661093478,0.184645316,-0.081595316
6468,1.320587171,0.649495631,0.664641901,2.769463801,0.173584985,-0.070534985
6469,1.226060931,0.794956085,0.652829372,2.866751756,0.167172897,-0.064122897
6470,1.06759047,0.579564546,0.680053177,2.935498801,0.16455826,-0.06150826
6471,1.009206617,0.500144846,0.684578437,2.827027714,0.163479203,-0.060429203
6472,0.973064231,0.450804053,0.508306479,2.738485459,0.169393264,-0.066343264
6473,1.078711205,0.435622271,0.250657785,2.696262115,0.186014888,-0.082964888
6474,1.156556343,0.464942088,0.036949088,2.626830472,0.189625578,-0.086575578
6475,1.323367354,0.631941695,0,2.571644958,0.193402277,-0.090352277
6476,1.465156713,0.57700262,0,2.544912682,0.191596932,-0.088546932
6477,1.473497264,0.632226354,0,2.477941296,0.165969334,-0.062919334
6478,1.234401481,0.597877571,0,2.443319361,0.16360371,-0.06055371
6479,0.81459377,0.548441892,0,2.438452191,0.155448531,-0.052398531
6480,0.444829363,0.425374568,0,2.428775794,0.148040391,-0.044990391
6481,0.287566034,0.279344797,0,2.419175889,0.143890173,-0.040840173
6482,0.281871657,0.244142039,0,2.386165692,0.14077751,-0.03772751
6483,0.310343542,0.2067569,0,2.381523346,0.140320986,-0.037270986
6484,0.438467022,0.177911513,0,2.372292636,0.140653003,-0.037603003
6485,0.882628422,0.185217746,0,2.372292636,0.14021723,-0.03716723
6486,1.9731016,0.224880153,0,2.358579961,0.14687833,-0.04382833
6487,2.531150538,0.371574126,0.044209673,2.376899029,0.150032496,-0.046982496
6488,2.055670066,0.492364183,0.243785464,2.414404339,0.161943622,-0.058893622
6489,1.702618697,0.487240331,0.474316098,2.472935354,0.164807273,-0.061757273
6490,1.702618697,0.60822016,0.658080855,2.518730453,0.155531535,-0.052481535
6491,1.358108894,0.528515802,0.705897375,2.560884937,0.146380304,-0.043330304
6492,1.352414517,0.538763505,0.6729944,2.566253669,0.122226034,-0.019176034
6493,1.255610109,0.598921318,0.663734229,2.593438559,0.09149,0.01156
6494,1.093320367,0.579564546,0.690688403,2.643850972,0.09028,0.01277
6495,1.03352941,0.500144846,0.64335366,2.672713974,0.114361371,-0.011311371
6496,0.99651596,0.563149243,0.437566564,2.655321041,0.14077751,-0.03772751
6497,1.104709121,0.411331419,0.087728358,2.598944798,0.160034522,-0.056984522
6498,1.184430398,0.464942088,0.015741952,2.550214583,0.172298417,-0.069248417
6499,1.355261705,0.539617481,0,2.498169388,0.183711517,-0.080661517
6500,1.500468317,0.626817844,0,2.462983903,0.162358644,-0.059308644
6501,1.509009882,0.632226354,0,2.400201961,0.147210348,-0.044160348
6502,1.264151675,0.597877571,0,2.395504892,0.140756758,-0.037706758
6503,0.834226218,0.564003219,0,2.386165692,0.133265615,-0.030215615
6504,0.455550153,0.410192785,0,2.367704062,0.09008,0.01297
6505,0.278167961,0.279344797,0,2.327192015,0.09551938,0.00753062
6506,0.272659684,0.208085306,0,2.318376894,0.119590646,-0.016540646
6507,0.300201067,0.188918306,0,2.279521415,0.120337685,-0.017287685
6508,0.424137287,0.177911513,0,2.250189338,0.122018523,-0.018968523
6509,0.85378285,0.185217746,0,2.241946886,0.120192427,-0.017142427
6510,1.90861779,0.196034766,0,2.209572202,0.130630226,-0.027580226
6511,2.448428882,0.194801246,0.045318031,2.217577899,0.139594697,-0.036544697
6512,1.988487798,0.492364183,0.21344069,2.262667283,0.139698453,-0.036648453
6513,1.646974659,0.537529986,0.437459085,2.381523346,0.141794313,-0.038744313
6514,1.646974659,0.546828827,0.606009575,2.523923711,0.130671728,-0.027621728
6515,1.313723933,0.528515802,0.74212342,2.593438559,0.130443466,-0.027393466
6516,1.308215657,0.538763505,0.711043393,2.732372768,0.108032288,-0.004982288
6517,1.214574957,0.691245533,0.704442345,2.76321219,0.09272,0.01033
6518,1.057589078,0.665626275,0.758108977,2.860053738,0.08028,0.02277
6519,0.999752176,0.500144846,0.595906085,2.921486874,0.08213,0.02092
6520,0.963948379,0.450804053,0.415497076,2.866751756,0.09258,0.01047
6521,1.068605631,0.435622271,0.183825145,2.880242353,0.107222995,-0.004172995
6522,1.145721502,0.464942088,0.026492933,2.738485459,0.127455309,-0.024405309
6523,1.310969795,0.539617481,0,2.638153017,0.151153055,-0.048103055
6524,1.451430845,0.684603503,0,2.610027719,0.14592378,-0.04287378
6525,1.459693259,0.605088918,0,2.666891068,0.122039274,-0.018989274
6526,1.222837372,0.597877571,0,2.555538622,0.121935519,-0.018885519
6527,0.8069625,0.548441892,0,2.523923711,0.101329685,0.001720315
6528,0.440662116,0.425374568,0,2.610027719,0.103570803,-0.000520803
6529,0.273272813,0.279344797,0,2.643850972,0.08912,0.01393
6530,0.26786147,0.208085306,0,2.649573593,0.06873,0.03432
6531,0.294918184,0.198596692,0,2.643850972,0.05576,0.04729
6532,0.416673398,0.192049548,0,2.582495781,0.06067,0.04238
6533,0.838758138,0.185217746,0,2.513558522,0.09256,0.01049
6534,1.87503029,0.224880153,0,2.472935354,0.155095762,-0.052045762
6535,2.405341887,0.371574126,0.040490216,2.448206,0.187114696,-0.084064696
6536,1.953494761,0.492364183,0.22792549,2.462983903,0.17673915,-0.07368915
6537,1.617991506,0.537529986,0.450271967,2.477941296,0.153663937,-0.050613937
6538,1.617991506,0.591140655,0.640479451,2.53963278,0.151588828,-0.048538828
6539,1.290605264,0.708230152,0.720840316,2.555538622,0.145778522,-0.042728522
6540,1.285193922,0.538763505,0.693521189,2.598944798,0.11757779,-0.01452779
6541,1.193201094,0.598921318,0.691664112,2.582495781,0.120005667,-0.016955667
6542,1.038977823,0.579564546,0.713269781,2.615604701,0.107368253,-0.004318253
6543,0.982158723,0.500144846,0.31206861,2.690336264,0.145591763,-0.042541763
6544,0.946984995,0.450804053,0.236270286,2.678562363,0.148289404,-0.045239404
6545,1.049800509,0.549675412,0.172700587,2.604474468,0.178938766,-0.075888766
6546,1.125559308,0.415791067,0.026375591,2.550214583,0.197178975,-0.094128975
6547,1.287899593,0.539617481,0,2.467949597,0.226624773,-0.123574773
6548,1.425888835,0.626817844,0,2.438452191,0.212036756,-0.108986756
6549,1.434005849,0.632226354,0,2.404917485,0.195290626,-0.092240626
6550,1.201318108,0.597877571,0,2.358579961,0.185558364,-0.082508364
6551,0.792761724,0.548441892,0,2.300945489,0.164848775,-0.061798775
6552,0.432907426,0.473102296,0,2.275284387,0.16171536,-0.05866536
6553,0.304930566,0.340071927,0,2.250189338,0.158581946,-0.055531946
6554,0.298892337,0.208085306,0,2.241946886,0.155386278,-0.052336278
6555,0.329083482,0.188918306,0,2.229695811,0.155718295,-0.052668295
6556,0.464943635,0.177911513,0,2.225641818,0.155573037,-0.052523037
6557,0.935925499,0.185217746,0,2.185898214,0.161549352,-0.058499352
6558,2.092246358,0.224880153,0,2.193732975,0.191555429,-0.088505429
6559,2.683992802,0.241769886,0.002827447,2.197671454,0.198839062,-0.095789062
6560,2.179800678,0.26378347,0.042231067,2.233764599,0.19898432,-0.09593432
6561,1.805430479,0.537529986,0.06758953,2.331624762,0.196037665,-0.092987665
6562,1.805430479,0.546828827,0.11758642,2.395504892,0.190289613,-0.087239613
6563,1.440117623,0.528515802,0.260335387,2.53963278,0.186263901,-0.083213901
6564,1.434079394,0.538763505,0.237256857,2.638153017,0.180557351,-0.077507351
6565,1.3314295,0.598921318,0.176232017,2.794755708,0.178212478,-0.075162478
6566,1.159339973,0.667903543,0.192289846,2.732372768,0.174996059,-0.071946059
6567,1.095938568,0.546828827,0.138657245,2.89386052,0.174767797,-0.071717797
6568,1.05669008,0.450804053,0.069543431,2.820513825,0.182030679,-0.078980679
6569,1.171416431,0.435622271,0.079876046,2.756988739,0.193900303,-0.090850303
6570,1.255951637,0.464942088,0.033346916,2.610027719,0.197137473,-0.094087473
6571,1.437098508,0.539617481,0,2.52913843,0.20716025,-0.10411025
6572,1.591073348,0.626817844,0,2.493081466,0.202864774,-0.099814774
6573,1.600130692,0.656232547,0,2.472935354,0.196846958,-0.093796958
6574,1.340486844,0.571214565,0,2.482967546,0.186554416,-0.083504416
6575,0.884600552,0.548441892,0,2.458038153,0.166778627,-0.063728627
6576,0.483058322,0.425374568,0,2.419175889,0.162545404,-0.059495404
6577,0.638035775,0.279344797,0,2.414404339,0.159287483,-0.056237483
6578,0.646600014,0.208085306,0,2.414404339,0.160262784,-0.057212784
6579,0.680856968,0.188918306,0,2.409651575,0.159515745,-0.056465745
6580,0.817884786,0.189867167,0,2.381523346,0.161424845,-0.058374845
6581,1.33602122,0.189677395,0,2.363133205,0.16588633,-0.06283633
6582,2.402268925,0.224880153,0,2.358579961,0.193921054,-0.090871054
6583,3.0403047,0.371574126,0.036218849,2.358579961,0.20259501,-0.09954501
6584,2.787659662,0.492364183,0.208150069,2.376899029,0.202262992,-0.099212992
6585,2.440807999,0.537529986,0.346841581,2.345024904,0.200436896,-0.097386896
6586,2.213855676,0.546828827,0.573996658,2.453112224,0.196805455,-0.093755455
6587,1.965492757,0.62567921,0.625024397,2.488014228,0.192738242,-0.089688242
6588,1.832747059,0.78081805,0.634048491,2.523923711,0.178959517,-0.075909517
6589,1.789925866,0.598921318,0.628058884,2.523923711,0.168957491,-0.065907491
6590,1.70000136,0.579564546,0.280436052,2.582495781,0.166135343,-0.063085343
6591,1.70000136,0.500144846,0.231804823,2.513558522,0.16551281,-0.06246281
6592,1.798490104,0.450804053,0.145100453,2.438452191,0.166031587,-0.062981587
6593,1.914107325,0.435622271,0.039277775,2.250189338,0.177071168,-0.074021168
6594,2.106802694,0.565331625,0.005640322,2.217577899,0.192675988,-0.089625988
6595,2.295215943,0.480693187,0,2.209572202,0.200146381,-0.097096381
6596,2.410833164,0.626817844,0,2.201624101,0.193630539,-0.090580539
6597,2.31234442,0.632226354,0,2.197671454,0.176490137,-0.073440137
6598,1.986903353,0.597877571,0,2.201624101,0.165782574,-0.062732574
6599,1.21612188,0.548441892,0,2.088912969,0.15903847,-0.05598847
6600,0.779345712,0.425374568,0,2.110522414,0.14743861,-0.04438861
6601,1.018944685,0.315021986,0,2.103269759,0.147853632,-0.044803632
6602,1.032621795,0.25296645,0,2.081807823,0.14555026,-0.04250026
6603,1.087330235,0.188918306,0,2.064254637,0.145654016,-0.042604016
6604,1.306163993,0.177911513,0,2.064254637,0.147895134,-0.044845134
6605,2.13362914,0.185217746,0,2.085354344,0.153871448,-0.050821448
6606,3.836429319,0.224880153,0,2.092483761,0.166342854,-0.063292854
6607,4.855374004,0.371574126,0.01084008,2.092483761,0.18223819,-0.07918819
6608,4.451899263,0.353355987,0.0366087,2.11416753,0.196639447,-0.093589447
6609,3.897976313,0.42679786,0.083785914,2.189808587,0.192426975,-0.089376975
6610,3.535532902,0.546828827,0.100280196,2.233764599,0.190165106,-0.087115106
6611,3.138896715,0.528515802,0.121932065,2.318376894,0.191845945,-0.088795945
6612,2.926901512,0.538763505,0.142634015,2.327192015,0.182134434,-0.079084434
6613,2.858515963,0.598921318,0.419951085,2.363133205,0.171530627,-0.068480627
6614,2.714906309,0.579564546,0.250021929,2.322776091,0.169289509,-0.066239509
6615,2.714906309,0.596549165,0.19312817,2.400201961,0.169538522,-0.066488522
6616,2.872193073,0.472058549,0.119984624,2.404917485,0.176884408,-0.073834408
6617,3.056834056,0.435622271,0.062143112,2.349525912,0.19250998,-0.08945998
6618,3.364569028,0.464942088,0.01903063,2.250189338,0.19935784,-0.09630784
6619,3.665465445,0.539617481,0,2.189808587,0.207305508,-0.104255508
6620,3.850106429,0.626817844,0,2.151323374,0.204130591,-0.101080591
6621,3.692819665,0.632226354,0,2.132583624,0.192779744,-0.089729744
6622,3.17308949,0.583834422,0,2.11782526,0.187654224,-0.084604224
6623,1.942149602,0.532121476,0,2.147549123,0.16760867,-0.06455867
6624,1.244616998,0.425374568,0,2.11416753,0.170845841,-0.067795841
6625,1.182237244,0.279344797,0,2.128874783,0.165595814,-0.062545814
6626,1.198106201,0.208085306,0,2.110522414,0.163167937,-0.060117937
6627,1.261582026,0.188918306,0,2.11416753,0.16132109,-0.05827109
6628,1.515485327,0.177911513,0,2.11416753,0.160677806,-0.057627806
6629,2.475557183,0.191670004,0,2.106889845,0.162566155,-0.059516155
6630,4.451242242,0.18512286,0,2.103269759,0.182964478,-0.079914478
6631,5.633479486,0.371574126,0.038360848,2.11782526,0.194253071,-0.091203071
6632,5.165345275,0.492364183,0.214386303,2.143788091,0.196929962,-0.093879962
6633,4.522652545,0.537529986,0.483214796,2.178119217,0.196535691,-0.093485691
6634,4.102125203,0.546828827,0.679060121,2.209572202,0.194128565,-0.091078565
6635,3.641925471,0.528515802,0.70797805,2.229695811,0.194149316,-0.091099316
6636,3.395956648,0.649495631,0.668031062,2.189808587,0.195581141,-0.092531141
6637,3.316611866,0.794956085,0.661459634,2.209572202,0.192198713,-0.089148713
6638,3.149987825,0.579564546,0.6924645,2.233764599,0.187156198,-0.084106198
6639,3.149987825,0.500144846,0.675402782,2.296628518,0.19250998,-0.08945998
6640,3.332480823,0.450804053,0.500071324,2.296628518,0.19574715,-0.09269715
6641,3.546711733,0.435622271,0.218421757,2.283774254,0.196909211,-0.093859211
6642,3.903763249,0.464942088,0.022384126,2.305278719,0.197365735,-0.094315735
6643,4.252880288,0.631941695,0,2.296628518,0.20410984,-0.10105984
6644,4.467111198,0.57700262,0,2.288042991,0.19518687,-0.09213687
6645,4.284618201,0.632226354,0,2.305278719,0.177091919,-0.074041919
6646,3.681597861,0.597877571,0,2.288042991,0.167484164,-0.064434164
6647,2.253391794,0.548441892,0,2.288042991,0.164329998,-0.061279998
6648,1.444075023,0.425374568,0,2.275284387,0.151775588,-0.048725588
6649,1.100163086,0.279344797,0,2.27106308,0.15980626,-0.05675626
6650,1.114930375,0.244142039,0,2.275284387,0.153809195,-0.050759195
6651,1.173999534,0.2067569,0,2.300945489,0.151651081,-0.048601081
6652,1.41027617,0.177911513,0,2.275284387,0.149762732,-0.046712732
6653,2.303697199,0.185217746,0,2.266857407,0.151962348,-0.048912348
6654,4.142224772,0.224880153,0,2.250189338,0.153850697,-0.050800697
6655,5.242387857,0.371574126,0.022646517,2.262667283,0.158436688,-0.055386688
6656,4.80675281,0.492364183,0.202487165,2.279521415,0.16989129,-0.06684129
6657,4.208677576,0.487240331,0.442190652,2.305278719,0.182175936,-0.079125936
6658,3.817344397,0.60822016,0.621155019,2.336074427,0.17597136,-0.07292136
6659,3.389092995,0.528515802,0.753689668,2.327192015,0.171281613,-0.068231613
6660,3.160200004,0.538763505,0.697021475,2.367704062,0.170202557,-0.067152557
6661,3.086363555,0.598921318,0.685266395,2.381523346,0.168812234,-0.065762234
6662,2.931307013,0.579564546,0.707630045,2.390826172,0.166176845,-0.063126845
6663,2.931307013,0.500144846,0.651295931,2.322776091,0.167525666,-0.064475666
6664,3.101130845,0.563149243,0.473331399,2.336074427,0.172007902,-0.068957902
6665,3.300489257,0.411331419,0.196609466,2.313994329,0.183504006,-0.080454006
6666,3.632753276,0.464942088,0.017835511,2.279521415,0.192883499,-0.089833499
6667,3.95763365,0.539617481,0,2.25849262,0.201142434,-0.098092434
6668,4.156992061,0.626817844,0,2.229695811,0.196286678,-0.093236678
6669,3.987168229,0.632226354,0,2.225641818,0.178129473,-0.075079473
6670,3.426011219,0.597877571,0,2.221602541,0.176054364,-0.073004364
6671,2.096955143,0.564003219,0,2.209572202,0.167546417,-0.064496417
6672,1.343823366,0.410192785,0,2.201624101,0.164060234,-0.061010234
6673,1.123022977,0.279344797,0,2.193732975,0.153103658,-0.050053658
6674,1.138097111,0.208085306,0,2.189808587,0.149970243,-0.046920243
6675,1.198393647,0.188918306,0,2.182001783,0.153207413,-0.050157413
6676,1.43957979,0.177911513,0,2.182001783,0.149077946,-0.046027946
6677,2.351564892,0.185217746,0,2.182001783,0.149243955,-0.046193955
6678,4.228294566,0.196034766,0,2.189808587,0.149285457,-0.046235457
6679,5.351317543,0.194801246,0.011295181,2.185898214,0.153165911,-0.050115911
6680,4.906630593,0.492364183,0.047759807,2.205590991,0.151609579,-0.048559579
6681,4.296128169,0.537529986,0.119704415,2.213567812,0.161175832,-0.058125832
6682,3.89666362,0.546828827,0.360578585,2.27106308,0.163458452,-0.060408452
6683,3.459513736,0.528515802,0.349396284,2.262667283,0.167484164,-0.064434164
6684,3.22586466,0.538763505,0.496492452,2.283774254,0.163520705,-0.060470705
6685,3.15049399,0.691245533,0.480548273,2.275284387,0.155718295,-0.052668295
6686,2.992215584,0.665626275,0.593520402,2.283774254,0.151215308,-0.048165308
6687,2.992215584,0.500144846,0.567435156,2.309628302,0.153228164,-0.050178164
6688,3.165568124,0.450804053,0.161169258,2.318376894,0.153062155,-0.050012155
6689,3.369068932,0.435622271,0.050817514,2.313994329,0.16150785,-0.05845785
6690,3.708236946,0.464942088,0.005537513,2.305278719,0.172090906,-0.069040906
6691,4.039867892,0.539617481,0,2.313994329,0.18300598,-0.07995598
6692,4.2433687,0.684603503,0,2.309628302,0.172754941,-0.069704941
6693,4.07001616,0.605088918,0,2.313994329,0.165533561,-0.062483561
6694,3.497199071,0.597877571,0,2.309628302,0.166425858,-0.063375858
6695,2.140527017,0.548441892,0,2.237848263,0.163728216,-0.060678216
6696,1.371746187,0.425374568,0,2.201624101,0.153207413,-0.050157413
6697,1.078620391,0.279344797,0,2.205590991,0.149223204,-0.046173204
6698,1.093098517,0.208085306,0,2.213567812,0.149077946,-0.046027946
6699,1.151011021,0.198596692,0,2.201624101,0.151132304,-0.048082304
6700,1.382661038,0.192049548,0,2.201624101,0.149202453,-0.046152453
6701,2.258587664,0.185217746,0,2.189808587,0.155780548,-0.052730548
6702,4.061114358,0.224880153,0,2.17039539,0.198092023,-0.095042023
6703,5.139734749,0.371574126,0.008428987,2.174250444,0.210272914,-0.107222914
6704,4.71263003,0.492364183,0.148192886,2.205590991,0.217266031,-0.114216031
6705,4.126265925,0.537529986,0.31566923,2.283774254,0.210314416,-0.107264416
6706,3.742595585,0.591140655,0.603404176,2.27106308,0.203196792,-0.100146792
6707,3.322729929,0.708230152,0.65073827,2.300945489,0.200436896,-0.097386896
6708,3.098318975,0.538763505,0.753694508,2.400201961,0.196618696,-0.093568696
6709,3.025928345,0.598921318,0.765790601,2.363133205,0.194315325,-0.091265325
6710,2.873908022,0.579564546,0.719635549,2.409651575,0.19176294,-0.08871294
6711,2.873908022,0.500144846,0.585355981,2.419175889,0.192738242,-0.089688242
6712,3.040406471,0.450804053,0.448552781,2.386165692,0.194273822,-0.091223822
6713,3.235861173,0.549675412,0.168620305,2.390826172,0.199918119,-0.096868119
6714,3.561619009,0.415791067,0.015767718,2.340541109,0.206994241,-0.103944241
6715,3.880137782,0.539617481,0,2.288042991,0.221208739,-0.118158739
6716,4.075592484,0.626817844,0,2.237848263,0.200955674,-0.097905674
6717,3.909094034,0.632226354,0,2.217577899,0.183234242,-0.080184242
6718,3.358925244,0.597877571,0,2.217577899,0.174352775,-0.071302775
6719,2.0558939,0.548441892,0,2.237848263,0.152066103,-0.049016103
6720,1.317509471,0.473102296,0,2.237848263,0.156631343,-0.053581343
6721,0.874566271,0.340071927,0,2.254333333,0.151007797,-0.047957797
6722,0.886305416,0.208085306,0,2.233764599,0.144927728,-0.041877728
6723,0.933261994,0.188918306,0,2.233764599,0.140736007,-0.037686007
6724,1.121088308,0.177911513,0,2.213567812,0.138743903,-0.035693903
6725,1.831306555,0.185217746,0,2.205590991,0.143890173,-0.040840173
6726,3.292830056,0.224880153,0,2.189808587,0.15638233,-0.05333233
6727,4.167396327,0.241769886,0.016841926,2.197671454,0.180453596,-0.077403596
6728,3.821091562,0.26378347,0.185786624,2.24606055,0.190974399,-0.087924399
6729,3.345656206,0.537529986,0.334923297,2.275284387,0.182362696,-0.079312696
6730,3.034568875,0.546828827,0.509195461,2.381523346,0.176386382,-0.073336382
6731,2.694133682,0.528515802,0.723066001,2.381523346,0.173418976,-0.070368976
6732,2.512176941,0.538763505,0.684903739,2.409651575,0.170949596,-0.067899596
6733,2.453481218,0.598921318,0.685141015,2.448206,0.169725282,-0.066675282
6734,2.3302202,0.667903543,0.765527379,2.482967546,0.16816895,-0.06511895
6735,2.3302202,0.546828827,0.652682964,2.498169388,0.168376461,-0.065326461
6736,2.465220363,0.450804053,0.469438145,2.508407787,0.168334958,-0.065284958
6737,2.623698814,0.435622271,0.166572397,2.534374741,0.177340932,-0.074290932
6738,2.887829568,0.464942088,0.010754193,2.477941296,0.185267849,-0.082217849
6739,3.146090748,0.539617481,0,2.482967546,0.197116722,-0.094066722
6740,3.3045692,0.626817844,0,2.518730453,0.170866592,-0.067816592
6741,3.169569038,0.656232547,0,2.438452191,0.161860618,-0.058810618
6742,2.723481543,0.571214565,0,2.493081466,0.15219061,-0.04914061
6743,1.666958531,0.548441892,0,2.448206,0.143350645,-0.040300645
6744,1.068262157,0.425374568,0,2.518730453,0.143246889,-0.040196889
6745,0.933986179,0.279344797,0,2.472935354,0.142084828,-0.039034828
6746,0.946522906,0.208085306,0,2.493081466,0.139221178,-0.036171178
6747,0.996669815,0.188918306,0,2.381523346,0.133390121,-0.030340121
6748,1.19725745,0.189867167,0,2.345024904,0.138536392,-0.035486392
6749,1.955729448,0.189677395,0,2.336074427,0.145384252,-0.042334252
6750,3.516551988,0.224880153,0,2.300945489,0.157108618,-0.054058618
6751,4.450538166,0.371574126,0.005588918,2.275284387,0.184811325,-0.081761325
6752,4.080704713,0.492364183,0.04995615,2.266857407,0.187488216,-0.084438216
6753,3.57296726,0.537529986,0.093030789,2.262667283,0.190704635,-0.087654635
6754,3.240743989,0.546828827,0.179670085,2.250189338,0.18149115,-0.07844115
6755,2.877178899,0.62567921,0.289816787,2.233764599,0.173771744,-0.070721744
6756,2.682859627,0.78081805,0.250013574,2.250189338,0.170596827,-0.067546827
6757,2.620175991,0.598921318,0.328131738,2.275284387,0.167961439,-0.064911439
6758,2.488540355,0.579564546,0.678841277,2.24606055,0.16702764,-0.06397764
6759,2.488540355,0.500144846,0.604935016,2.254333333,0.166197596,-0.063147596
6760,2.632712718,0.450804053,0.430522952,2.254333333,0.162545404,-0.059495404
6761,2.801958536,0.435622271,0.134205486,2.25849262,0.177569194,-0.074519194
6762,3.084034898,0.565331625,0.010809163,2.250189338,0.186720425,-0.083670425
6763,3.359842897,0.480693187,0,2.225641818,0.199793613,-0.096743613
6764,3.529088715,0.626817844,0,2.266857407,0.182839971,-0.079789971
6765,3.384916352,0.632226354,0,2.266857407,0.17217391,-0.06912391
6766,2.908520717,0.597877571,0,2.266857407,0.164018732,-0.060968732
6767,1.780215267,0.548441892,0,2.262667283,0.151319064,-0.048269064
6768,1.140842178,0.425374568,0,2.229695811,0.142603606,-0.039553606
6769,0.958046967,0.315021986,0,2.213567812,0.14021723,-0.03716723
6770,0.970906657,0.25296645,0,2.205590991,0.137893108,-0.034843108
6771,1.022345421,0.188918306,0,2.197671454,0.130941492,-0.027891492
6772,1.228100474,0.177911513,0,2.213567812,0.132373318,-0.029323318
6773,2.006111769,0.185217746,0,2.241946886,0.139117422,-0.036067422
6774,3.607143277,0.224880153,0,2.237848263,0.165118539,-0.062068539
6775,4.565190244,0.371574126,0.002799603,2.229695811,0.188442766,-0.085392766
6776,4.185829364,0.353355987,0.030677452,2.25849262,0.192115709,-0.089065709
6777,3.665011886,0.42679786,0.077588666,2.292327715,0.184354801,-0.081304801
6778,3.324230079,0.546828827,0.168854229,2.358579961,0.155199518,-0.052149518
6779,2.951299045,0.528515802,0.541675029,2.358579961,0.147687623,-0.044637623
6780,2.751973837,0.538763505,0.748513599,2.349525912,0.145405003,-0.042355003
6781,2.687675383,0.598921318,0.687867863,2.443319361,0.141711309,-0.038661309
6782,2.552648629,0.579564546,0.757954094,2.386165692,0.141628304,-0.038578304
6783,2.552648629,0.596549165,0.636560777,2.404917485,0.14249985,-0.03944985
6784,2.700535074,0.472058549,0.459430467,2.400201961,0.147791378,-0.044741378
6785,2.8741409,0.435622271,0.163832117,2.409651575,0.169725282,-0.066675282
6786,3.163483944,0.464942088,0.008026786,2.363133205,0.182902224,-0.079852224
6787,3.446397142,0.539617481,0,2.283774254,0.192219464,-0.089169464
6788,3.620002968,0.626817844,0,2.241946886,0.179748059,-0.076698059
6789,3.472116524,0.632226354,0,2.27106308,0.153228164,-0.050178164
6790,2.983448272,0.583834422,0,2.221602541,0.151962348,-0.048912348
6791,1.826076098,0.532121476,0,2.221602541,0.145405003,-0.042355003
6792,1.170231865,0.425374568,0,2.213567812,0.142333841,-0.039283841
6793,1.062065907,0.279344797,0,2.132583624,0.139407938,-0.036357938
6794,1.076321825,0.208085306,0,2.125178819,0.129675676,-0.026625676
6795,1.133345498,0.188918306,0,2.099662093,0.119134122,-0.016084122
6796,1.36144019,0.177911513,0,2.099662093,0.123222086,-0.020172086
6797,2.223923242,0.191670004,0,2.092483761,0.134863449,-0.031813449
6798,3.99878506,0.18512286,0,2.081807823,0.147085841,-0.044035841
6799,5.060850967,0.371574126,0.011369507,2.078273345,0.173335971,-0.070285971
6800,4.64030138,0.492364183,0.194645039,2.099662093,0.177797456,-0.074747456
6801,4.062936692,0.537529986,0.426441465,2.14004021,0.170700583,-0.067650583
6802,3.685154859,0.546828827,0.614282303,2.158911817,0.163396199,-0.060346199
6803,3.271733231,0.528515802,0.758159422,2.331624762,0.156154068,-0.053104068
6804,3.050766499,0.649495631,0.503086218,2.381523346,0.142001824,-0.038951824
6805,2.979486908,0.794956085,0.355526725,2.458038153,0.140632252,-0.037582252
6806,2.829799766,0.579564546,0.172416544,2.518730453,0.138225125,-0.035175125
6807,2.829799766,0.500144846,0.129532995,2.513558522,0.138930662,-0.035880662
6808,2.993742826,0.450804053,0.052104723,2.513558522,0.142437597,-0.039387597
6809,3.186197722,0.435622271,0.064517985,2.458038153,0.156091815,-0.053041815
6810,3.506955882,0.464942088,0.024591902,2.372292636,0.162877422,-0.059827422
6811,3.820586082,0.631941695,0,2.305278719,0.16551281,-0.06246281
6812,4.013040978,0.57700262,0,2.254333333,0.157772653,-0.054722653
6813,3.849097919,0.632226354,0,2.221602541,0.144512706,-0.041462706
6814,3.307373027,0.597877571,0,2.209572202,0.140736007,-0.037686007
6815,2.024340387,0.548441892,0,2.178119217,0.119901912,-0.016851912
6816,1.297288558,0.425374568,0,2.17039539,0.094025301,0.009024699
6817,0.938457303,0.279344797,0,2.155110915,0.093112253,0.009937747
6818,0.951054045,0.244142039,0,2.13630541,0.08814,0.01491
6819,1.001441014,0.2067569,0,2.132583624,0.09323676,0.00981324
6820,1.202988891,0.177911513,0,2.128874783,0.105085633,-0.002035633
6821,1.965091801,0.185217746,0,2.125178819,0.115440427,-0.012390427
6822,3.53338622,0.224880153,0,2.110522414,0.133452374,-0.030402374
6823,4.471843522,0.371574126,0.014212874,2.096066781,0.143765667,-0.040715667
6824,4.100239624,0.492364183,0.088531508,2.128874783,0.141752811,-0.038702811
6825,3.59007156,0.487240331,0.15948034,2.24606055,0.140694505,-0.037644505
6826,3.256257889,0.60822016,0.503039179,2.354044231,0.119507641,-0.016457641
6827,2.890952362,0.528515802,0.740305799,2.390826172,0.108592567,-0.005542567
6828,2.695702856,0.538763505,0.689178337,2.544912682,0.114070855,-0.011020855
6829,2.632719144,0.598921318,0.677225707,2.571644958,0.105147886,-0.002097886
6830,2.50045335,0.579564546,0.755399993,2.638153017,0.135153964,-0.032103964
6831,2.50045335,0.500144846,0.63647998,2.714197339,0.144180688,-0.041130688
6832,2.645315887,0.563149243,0.463337422,2.593438559,0.153082907,-0.050032907
6833,2.815371908,0.411331419,0.148977831,2.508407787,0.1672144,-0.0641644
6834,3.09879861,0.464942088,0.008023104,2.438452191,0.18034984,-0.07729984
6835,3.375926941,0.539617481,0,2.443319361,0.185703622,-0.082653622
6836,3.545982962,0.626817844,0,2.443319361,0.176324129,-0.073274129
6837,3.401120426,0.632226354,0,2.433604374,0.161839867,-0.058789867
6838,2.922444218,0.597877571,0,2.414404339,0.162752915,-0.059702915
6839,1.788737409,0.564003219,0,2.414404339,0.15847819,-0.05542819
6840,1.146303551,0.410192785,0,2.386165692,0.15829143,-0.05524143
6841,0.717677695,0.279344797,0,2.322776091,0.1462973,-0.0432473
6842,0.727310953,0.208085306,0,2.283774254,0.142956374,-0.039906374
6843,0.765843984,0.188918306,0,2.292327715,0.143080881,-0.040030881
6844,0.919976106,0.177911513,0,2.275284387,0.145176741,-0.042126741
6845,1.502788194,0.185217746,0,2.25849262,0.145529509,-0.042479509
6846,2.702128773,0.196034766,0,2.250189338,0.146629317,-0.043579317
6847,3.419806468,0.194801246,0.00566174,2.237848263,0.151920845,-0.048870845
6848,3.135625367,0.492364183,0.039322754,2.279521415,0.150841789,-0.047791789
6849,2.745478432,0.537529986,0.118875068,2.409651575,0.1482064,-0.0451564
6850,2.490197104,0.546828827,0.325777172,2.498169388,0.145135239,-0.042085239
6851,2.210832632,0.528515802,0.732407339,2.544912682,0.142852619,-0.039802619
6852,2.061517138,0.538763505,0.691286455,2.587955603,0.140943518,-0.037893518
6853,2.01335085,0.691245533,0.680801576,2.769463801,0.118200322,-0.015150322
6854,1.912201645,0.665626275,0.759472365,2.720228889,0.10294827,0.00010173
6855,1.912201645,0.500144846,0.645264441,2.76321219,0.113842593,-0.010792593
6856,2.022984108,0.450804053,0.470519437,2.720228889,0.137229073,-0.034179073
6857,2.153033086,0.435622271,0.157152132,2.666891068,0.151028549,-0.047978549
6858,2.369781383,0.464942088,0.008124143,2.550214583,0.155303273,-0.052253273
6859,2.581713052,0.539617481,0,2.443319361,0.152128356,-0.049078356
6860,2.71176203,0.684603503,0,2.428775794,0.1396362,-0.0365862
6861,2.600979567,0.605088918,0,2.381523346,0.129136147,-0.026086147
6862,2.234915776,0.597877571,0,2.354044231,0.127310051,-0.024260051
6863,1.367922587,0.548441892,0,2.336074427,0.101391939,0.001658061
6864,0.876626447,0.425374568,0,2.336074427,0.0848,0.01825
6865,0.667969875,0.279344797,0,2.318376894,0.099628096,0.003421904
6866,0.676935914,0.208085306,0,2.288042991,0.112369266,-0.009319266
6867,0.712800068,0.198596692,0,2.275284387,0.124529405,-0.021479405
6868,0.856256685,0.192049548,0,2.25849262,0.126251746,-0.023201746
6869,1.39870202,0.185217746,0,2.237848263,0.144159937,-0.041109937
6870,2.514973825,0.224880153,0,2.213567812,0.167878434,-0.064828434
6871,3.1829437,0.371574126,0.002824234,2.250189338,0.194564338,-0.091514338
6872,2.918445561,0.492364183,0.036553012,2.24606055,0.197303482,-0.094253482
6873,2.555320998,0.537529986,0.094803976,2.254333333,0.195975412,-0.092925412
6874,2.317720976,0.591140655,0.441418727,2.283774254,0.193360774,-0.090310774
6875,2.057705857,0.708230152,0.758906182,2.395504892,0.192655237,-0.089605237
6876,1.918732258,0.538763505,0.685935528,2.577058947,0.186948687,-0.083898687
6877,1.873902065,0.598921318,0.674070693,2.726287305,0.182279692,-0.079229692
6878,1.77975866,0.579564546,0.762080694,2.782052273,0.17501681,-0.07196681
6879,1.77975866,0.500144846,0.644081302,2.820513825,0.180598853,-0.077548853
6880,1.882868104,0.450804053,0.471814554,2.756988739,0.190289613,-0.087239613
6881,2.003909625,0.549675412,0.153854367,2.598944798,0.194730346,-0.091680346
6882,2.205645493,0.415791067,0.005434669,2.462983903,0.196992215,-0.093942215
6883,2.402898342,0.539617481,0,2.404917485,0.20259501,-0.09954501
6884,2.523939863,0.626817844,0,2.395504892,0.194585089,-0.091535089
6885,2.42083042,0.632226354,0,2.367704062,0.169849788,-0.066799788
6886,2.080120953,0.597877571,0,2.376899029,0.160511797,-0.057461797
6887,1.27317748,0.548441892,0,2.349525912,0.145301247,-0.042251247
6888,0.815909512,0.473102296,0,2.313994329,0.147002837,-0.043952837
6889,0.806805819,0.340071927,0,2.322776091,0.146421806,-0.043371806
6890,0.817635427,0.208085306,0,2.279521415,0.144927728,-0.041877728
6891,0.860953861,0.188918306,0,2.254333333,0.143412898,-0.040362898
6892,1.034227593,0.177911513,0,2.213567812,0.144927728,-0.041877728
6893,1.689418896,0.185217746,0,2.182001783,0.155282522,-0.052232522
6894,3.037705131,0.224880153,0,2.178119217,0.177320181,-0.074270181
6895,3.84451095,0.241769886,0.005693868,2.189808587,0.202283744,-0.099233744
6896,3.525037504,0.26378347,0.163665534,2.197671454,0.207616774,-0.104566774
6897,3.086438368,0.537529986,0.404117335,2.241946886,0.206765979,-0.103715979
6898,2.799453748,0.546828827,0.592393486,2.266857407,0.200457648,-0.097407648
6899,2.485395107,0.528515802,0.72998983,2.322776091,0.198092023,-0.095042023
6900,2.317536178,0.538763505,0.693505524,2.395504892,0.192447726,-0.089397726
6901,2.263388137,0.598921318,0.686889486,2.433604374,0.189833089,-0.086783089
6902,2.149677249,0.667903543,0.725629166,2.488014228,0.185558364,-0.082508364
6903,2.149677249,0.546828827,0.609941567,2.571644958,0.187218451,-0.084168451
6904,2.274217745,0.450804053,0.449067594,2.462983903,0.192572233,-0.089522233
6905,2.420417457,0.435622271,0.134650428,2.354044231,0.203238294,-0.100188294
6906,2.664083644,0.464942088,0.005471821,2.318376894,0.214091114,-0.111041114
6907,2.902335027,0.539617481,0,2.300945489,0.234053664,-0.131003664
6908,3.048534739,0.626817844,0,2.283774254,0.207782783,-0.104732783
6909,2.923994243,0.656232547,0,2.27106308,0.188442766,-0.085392766
6910,2.512469128,0.571214565,0,2.250189338,0.175950609,-0.072900609
6911,1.53780438,0.548441892,0,2.233764599,0.160408042,-0.057358042
6912,0.985494356,0.425374568,0,2.233764599,0.165284548,-0.062234548
6913,0.910300678,0.279344797,0,2.233764599,0.161570103,-0.058520103
6914,0.922519479,0.208085306,0,2.209572202,0.153746941,-0.050696941
6915,0.971394683,0.188918306,0,2.201624101,0.151983099,-0.048933099
6916,1.1668955,0.189867167,0,2.197671454,0.153228164,-0.050178164
6917,1.906132963,0.189677395,0,2.197671454,0.158312181,-0.055262181
6918,3.427373694,0.224880153,0,2.162726148,0.17331522,-0.07026522
6919,4.337674371,0.371574126,0.00571957,2.147549123,0.196743202,-0.093693202
6920,3.977219741,0.492364183,0.151768597,2.162726148,0.199503097,-0.096453097
6921,3.482358298,0.537529986,0.374820317,2.25849262,0.197095971,-0.094045971
6922,3.15856007,0.546828827,0.507594851,2.358579961,0.190559377,-0.087509377
6923,2.80421484,0.62567921,0.669353371,2.386165692,0.182113683,-0.079063683
6924,2.614823424,0.78081805,0.730035682,2.458038153,0.170970347,-0.067920347
6925,2.553729419,0.598921318,0.707226506,2.52913843,0.169849788,-0.066799788
6926,2.425432008,0.579564546,0.713545546,2.498169388,0.168106696,-0.065056696
6927,2.425432008,0.500144846,0.613850283,2.493081466,0.169787535,-0.066737535
6928,2.56594822,0.450804053,0.453087121,2.523923711,0.172028653,-0.068978653
6929,2.730902034,0.435622271,0.122444585,2.419175889,0.190559377,-0.087509377
6930,3.005825057,0.565331625,0.002764262,2.345024904,0.196950713,-0.093900713
6931,3.27463868,0.480693187,0,2.266857407,0.1967017,-0.0936517
6932,3.439592495,0.626817844,0,2.225641818,0.186450661,-0.083400661
6933,3.299076283,0.632226354,0,2.221602541,0.169974295,-0.066924295
6934,2.834761843,0.597877571,0,2.182001783,0.166591867,-0.063541867
6935,1.735069749,0.548441892,0,2.166553982,0.157108618,-0.054058618
6936,1.111910895,0.425374568,0,2.158911817,0.150426767,-0.047376767
6937,0.895109342,0.315021986,0,2.158911817,0.151360566,-0.048310566
6938,0.907124233,0.25296645,0,2.125178819,0.148247902,-0.045197902
6939,0.955183795,0.188918306,0,2.125178819,0.147708374,-0.044658374
6940,1.147422043,0.177911513,0,2.132583624,0.152045352,-0.048995352
6941,1.874322918,0.185217746,0,2.13630541,0.157980164,-0.054930164
6942,3.370176785,0.224880153,0,2.143788091,0.177091919,-0.074041919
6943,4.265286128,0.371574126,0.005708861,2.151323374,0.201225438,-0.098175438
6944,3.910846858,0.353355987,0.136558728,2.189808587,0.205977438,-0.102927438
6945,3.424243793,0.42679786,0.373708162,2.241946886,0.205168145,-0.102118145
6946,3.105849194,0.546828827,0.574146154,2.336074427,0.20089342,-0.09784342
6947,2.75741737,0.528515802,0.722774874,2.390826172,0.199108827,-0.096058827
6948,2.571186567,0.538763505,0.705963622,2.462983903,0.194107814,-0.091057814
6949,2.511112115,0.598921318,0.69854959,2.53963278,0.185164093,-0.082114093
6950,2.384955764,0.579564546,0.734529727,2.544912682,0.182092932,-0.079042932
6951,2.384955764,0.596549165,0.610899942,2.555538622,0.186450661,-0.083400661
6952,2.523127005,0.472058549,0.269206788,2.534374741,0.196307429,-0.093257429
6953,2.685328027,0.435622271,0.083744356,2.477941296,0.200955674,-0.097905674
6954,2.955663063,0.464942088,0.005559569,2.443319361,0.210542678,-0.107492678
6955,3.219990654,0.539617481,0,2.419175889,0.225773979,-0.122723979
6956,3.382191676,0.626817844,0,2.419175889,0.205956687,-0.102906687
6957,3.244020435,0.632226354,0,2.428775794,0.187654224,-0.084604224
6958,2.787454596,0.583834422,0,2.381523346,0.174684792,-0.071634792
6959,1.706114451,0.532121476,0,2.381523346,0.165907081,-0.062857081
6960,1.093355036,0.425374568,0,2.345024904,0.161839867,-0.058789867
6961,0.805400033,0.279344797,0,2.349525912,0.157482138,-0.054432138
6962,0.816210772,0.208085306,0,2.345024904,0.151796339,-0.048746339
6963,0.859453726,0.188918306,0,2.318376894,0.153892199,-0.050842199
6964,1.032425545,0.177911513,0,2.292327715,0.155531535,-0.052481535
6965,1.686475237,0.191670004,0,2.288042991,0.161756863,-0.058706863
6966,3.032412204,0.18512286,0,2.288042991,0.172319168,-0.069269168
6967,3.837812237,0.371574126,0.005683159,2.305278719,0.191783691,-0.088733691
6968,3.518895446,0.492364183,0.070802459,2.309628302,0.199835115,-0.096785115
6969,3.081060528,0.537529986,0.223578845,2.354044231,0.192032705,-0.088982705
6970,2.794575953,0.546828827,0.322906023,2.404917485,0.17976881,-0.07671881
6971,2.481064531,0.528515802,0.477765359,2.419175889,0.173335971,-0.070285971
6972,2.313498081,0.649495631,0.530500988,2.404917485,0.163520705,-0.060470705
6973,2.259444388,0.794956085,0.473996871,2.428775794,0.156154068,-0.053104068
6974,2.145931631,0.579564546,0.576990778,2.534374741,0.156320077,-0.053270077
6975,2.145931631,0.500144846,0.350567726,2.544912682,0.156340828,-0.053290828
6976,2.270255126,0.450804053,0.253736041,2.523923711,0.156921858,-0.053871858
6977,2.416200099,0.435622271,0.064652924,2.443319361,0.170908094,-0.067858094
6978,2.659441719,0.464942088,0.005632018,2.381523346,0.175245072,-0.072195072
6979,2.897277971,0.631941695,0,2.331624762,0.174166015,-0.071116015
6980,3.043222943,0.57700262,0,2.349525912,0.165637317,-0.062587317
6981,2.918899448,0.632226354,0,2.372292636,0.155905055,-0.052855055
6982,2.508091378,0.597877571,0,2.358579961,0.156174819,-0.053124819
6983,1.535124895,0.548441892,0,2.345024904,0.155282522,-0.052232522
6984,0.983777221,0.425374568,0,2.331624762,0.14916095,-0.04611095
6985,0.810620615,0.279344797,0,2.322776091,0.150240007,-0.047190007
6986,0.821501429,0.244142039,0,2.305278719,0.145757771,-0.042707771
6987,0.865024683,0.2067569,0,2.296628518,0.142645108,-0.039595108
6988,1.039117701,0.177911513,0,2.309628302,0.14326764,-0.04021764
6989,1.697406926,0.185217746,0,2.318376894,0.145114488,-0.042064488
6990,3.052068222,0.224880153,0,2.327192015,0.148849684,-0.045799684
6991,3.862688837,0.371574126,0.005708861,2.305278719,0.154680741,-0.051630741
6992,3.541704835,0.492364183,0.054373543,2.318376894,0.161466347,-0.058416347
6993,3.101031884,0.487240331,0.178114268,2.327192015,0.165969334,-0.062919334
6994,2.812690322,0.60822016,0.218220148,2.327192015,0.167753928,-0.064703928
6995,2.497146727,0.528515802,0.205678245,2.336074427,0.168853736,-0.065803736
6996,2.328494116,0.538763505,0.27005766,2.336074427,0.166093841,-0.063043841
6997,2.274090048,0.598921318,0.479615904,2.381523346,0.163769718,-0.060719718
6998,2.159841505,0.579564546,0.597375857,2.428775794,0.162151133,-0.059101133
6999,2.159841505,0.500144846,0.523741178,2.467949597,0.161673858,-0.058623858
7000,2.284970862,0.563149243,0.332759494,2.433604374,0.165761823,-0.062711823
7001,2.431861846,0.411331419,0.083791331,2.400201961,0.172900199,-0.069850199
7002,2.676680152,0.464942088,0.002802815,2.349525912,0.18452081,-0.08147081
7003,2.916058052,0.539617481,0,2.322776091,0.192447726,-0.089397726
7004,3.062949036,0.626817844,0,2.340541109,0.174373526,-0.071323526
7005,2.937819679,0.632226354,0,2.309628302,0.165803325,-0.062753325
7006,2.524348761,0.597877571,0,2.309628302,0.165782574,-0.062732574
7007,1.545075535,0.564003219,0,2.318376894,0.16190212,-0.05885212
7008,0.99015404,0.410192785,0,2.25849262,0.155282522,-0.052232522
7009,0.817936351,0.279344797,0,2.254333333,0.147023588,-0.043973588
7010,0.828915363,0.208085306,0,2.233764599,0.149098697,-0.046048697
7011,0.872831408,0.188918306,0,2.213567812,0.148870435,-0.045820435
7012,1.048495591,0.177911513,0,2.201624101,0.148061142,-0.045011142
7013,1.712725782,0.185217746,0,2.178119217,0.14762537,-0.04457537
7014,3.079612705,0.196034766,0,2.185898214,0.149140199,-0.046090199
7015,3.897549056,0.194801246,0.002836014,2.189808587,0.155178767,-0.052128767
7016,3.573668219,0.492364183,0.016983854,2.197671454,0.158913963,-0.055863963
7017,3.129018256,0.537529986,0.075823974,2.250189338,0.168521718,-0.065471718
7018,2.838074453,0.546828827,0.117181611,2.283774254,0.170804338,-0.067754338
7019,2.519683122,0.528515802,0.190023452,2.381523346,0.172568181,-0.069518181
7020,2.349508445,0.538763505,0.357889468,2.462983903,0.171696635,-0.068646635
7021,2.294613388,0.691245533,0.626626416,2.458038153,0.165720321,-0.062670321
7022,2.179333768,0.665626275,0.595765866,2.544912682,0.157461387,-0.054411387
7023,2.179333768,0.500144846,0.459851049,2.643850972,0.161113579,-0.058063579
7024,2.305592399,0.450804053,0.313250091,2.566253669,0.167193648,-0.064143648
7025,2.453809053,0.435622271,0.08124469,2.477941296,0.176842906,-0.073792906
7026,2.70083681,0.464942088,0.002804957,2.438452191,0.191783691,-0.088733691
7027,2.942375062,0.539617481,0,2.419175889,0.199005071,-0.095955071
7028,3.090591716,0.684603503,0,2.367704062,0.190787639,-0.087737639
7029,2.964333085,0.605088918,0,2.331624762,0.175265823,-0.072215823
7030,2.547130651,0.597877571,0,2.313994329,0.172090906,-0.069040906
7031,1.559019622,0.548441892,0,2.313994329,0.167753928,-0.064703928
7032,0.99909004,0.425374568,0,2.318376894,0.15600881,-0.05295881
7033,0.720581281,0.279344797,0,2.318376894,0.149306208,-0.046256208
7034,0.730253513,0.208085306,0,2.309628302,0.147583867,-0.044533867
7035,0.768942441,0.198596692,0,2.313994329,0.146567064,-0.043517064
7036,0.923698152,0.192049548,0,2.345024904,0.146380304,-0.043330304
7037,1.508868185,0.185217746,0,2.349525912,0.147812129,-0.044762129
7038,2.713061064,0.224880153,0,2.358579961,0.171924897,-0.068874897
7039,3.433642345,0.371574126,0.002868142,2.345024904,0.200810416,-0.097760416
7040,3.148311502,0.492364183,0.034214202,2.336074427,0.201847971,-0.098797971
7041,2.756586108,0.537529986,0.142895981,2.349525912,0.200872669,-0.097822669
7042,2.500271961,0.591140655,0.329705868,2.400201961,0.19746949,-0.09441949
7043,2.219777234,0.708230152,0.486717928,2.414404339,0.19746949,-0.09441949
7044,2.069857639,0.538763505,0.688251025,2.467949597,0.187612722,-0.084562722
7045,2.021496479,0.598921318,0.756435971,2.472935354,0.184645316,-0.081595316
7046,1.919938044,0.579564546,0.685714963,2.488014228,0.186865683,-0.083815683
7047,1.919938044,0.500144846,0.610036215,2.472935354,0.192053456,-0.089003456
7048,2.031168711,0.450804053,0.423926285,2.482967546,0.196867709,-0.093817709
7049,2.161743843,0.549675412,0.110171523,2.472935354,0.205334154,-0.102284154
7050,2.379369062,0.415791067,0.002814596,2.448206,0.213447831,-0.110397831
7051,2.592158165,0.539617481,0,2.438452191,0.231065507,-0.128015507
7052,2.722733296,0.626817844,0,2.433604374,0.201370696,-0.098320696
7053,2.611502629,0.632226354,0,2.428775794,0.194771849,-0.091721849
7054,2.243957814,0.597877571,0,2.404917485,0.182279692,-0.079229692
7055,1.373456938,0.548441892,0,2.386165692,0.170327063,-0.067277063
7056,0.880173108,0.473102296,0,2.381523346,0.175618591,-0.072568591
7057,0.756490678,0.340071927,0,2.358579961,0.167504915,-0.064454915
7058,0.766644916,0.208085306,0,2.305278719,0.16493178,-0.06188178
7059,0.807261865,0.188918306,0,2.275284387,0.159121474,-0.056071474
7060,0.969729662,0.177911513,0,2.279521415,0.162960426,-0.059910426
7061,1.584061018,0.185217746,0,2.25849262,0.16816895,-0.06511895
7062,2.848263561,0.224880153,0,2.266857407,0.190559377,-0.087509377
7063,3.604754239,0.241769886,0.002908837,2.25849262,0.210148407,-0.107098407
7064,3.305204239,0.26378347,0.084418678,2.279521415,0.220254188,-0.117204188
7065,2.893957629,0.537529986,0.351126926,2.305278719,0.217556547,-0.114506547
7066,2.62487034,0.546828827,0.583270461,2.376899029,0.208197804,-0.105147804
7067,2.330397459,0.528515802,0.741122617,2.428775794,0.202449752,-0.099399752
7068,2.173006781,0.538763505,0.720505078,2.443319361,0.189231307,-0.086181307
7069,2.122235594,0.598921318,0.711891182,2.453112224,0.183670015,-0.080620015
7070,2.015616103,0.667903543,0.762932514,2.477941296,0.18433405,-0.08128405
7071,2.015616103,0.546828827,0.645961178,2.503278119,0.183649264,-0.080599264
7072,2.132389832,0.450804053,0.428284391,2.472935354,0.189003045,-0.085953045
7073,2.269472035,0.435622271,0.106402756,2.428775794,0.200810416,-0.097760416
7074,2.497942374,0.464942088,0.002817808,2.349525912,0.217556547,-0.114506547
7075,2.721335595,0.539617481,0,2.376899029,0.228907393,-0.125857393
7076,2.858417798,0.626817844,0,2.358579961,0.202927027,-0.099877027
7077,2.741644069,0.656232547,0,2.305278719,0.189210556,-0.086160556
7078,2.355783052,0.571214565,0,2.300945489,0.178461491,-0.075411491
7079,1.441901696,0.548441892,0,2.27106308,0.170140303,-0.067090303
7080,0.924035594,0.425374568,0,2.322776091,0.166944635,-0.063894635
7081,0.736883186,0.279344797,0,2.340541109,0.160096775,-0.057046775
7082,0.746774235,0.208085306,0,2.340541109,0.158125422,-0.055075422
7083,0.786338433,0.188918306,0,2.318376894,0.155490033,-0.052440033
7084,0.944595224,0.189867167,0,2.300945489,0.156112566,-0.053062566
7085,1.543003717,0.189677395,0,2.300945489,0.16551281,-0.06246281
7086,2.774439377,0.224880153,0,2.283774254,0.177506941,-0.074456941
7087,3.511322562,0.371574126,0.002891702,2.279521415,0.201785717,-0.098735717
7088,3.219536603,0.492364183,0.058104494,2.283774254,0.217079271,-0.114029271
7089,2.818949099,0.537529986,0.22981824,2.296628518,0.211580232,-0.108530232
7090,2.556836288,0.546828827,0.353039944,2.296628518,0.205334154,-0.102284154
7091,2.269995854,0.62567921,0.431712995,2.349525912,0.19935784,-0.09630784
7092,2.116684587,0.78081805,0.241346026,2.443319361,0.185350853,-0.082300853
7093,2.067229339,0.598921318,0.490062902,2.571644958,0.181345893,-0.078295893
7094,1.96337332,0.579564546,0.493196653,2.621205567,0.180080076,-0.077030076
7095,1.96337332,0.500144846,0.108118581,2.661093478,0.18281922,-0.07976922
7096,2.077120389,0.450804053,0.078963171,2.544912682,0.188235255,-0.085185255
7097,2.210649557,0.435622271,0.025201961,2.467949597,0.198195779,-0.095145779
7098,2.43319817,0.565331625,0.002806028,2.404917485,0.204047586,-0.100997586
7099,2.650801258,0.480693187,0,2.363133205,0.207658276,-0.104608276
7100,2.784330426,0.626817844,0,2.349525912,0.188318259,-0.085268259
7101,2.670583357,0.632226354,0,2.340541109,0.174311273,-0.071261273
7102,2.294723477,0.597877571,0,2.318376894,0.170617579,-0.067567579
7103,1.404529025,0.548441892,0,2.292327715,0.164454504,-0.061404504
7104,0.900085502,0.425374568,0,2.292327715,0.162752915,-0.059702915
7105,0.750714127,0.315021986,0,2.275284387,0.157461387,-0.054411387
7106,0.760790827,0.25296645,0,2.275284387,0.155344775,-0.052294775
7107,0.801097626,0.188918306,0,2.27106308,0.154078959,-0.051028959
7108,0.962324821,0.177911513,0,2.262667283,0.15542778,-0.05237778
7109,1.571965153,0.185217746,0,2.25849262,0.161300339,-0.058250339
7110,2.826514265,0.224880153,0,2.262667283,0.175120565,-0.072070565
7111,3.577228392,0.371574126,0,2.250189338,0.194688844,-0.091638844
7112,3.279965751,0.353355987,0.005653173,2.275284387,0.205334154,-0.102284154
7113,2.871859414,0.42679786,0.017015811,2.296628518,0.205334154,-0.102284154
7114,2.604826872,0.546828827,0.033764415,2.358579961,0.199046573,-0.095996573
7115,2.31260258,0.528515802,0.139425586,2.363133205,0.190434871,-0.087384871
7116,2.156413735,0.538763505,0.100395856,2.376899029,0.184230294,-0.081180294
7117,2.106030237,0.598921318,0.154668211,2.419175889,0.177133421,-0.074083421
7118,2.00022489,0.579564546,0.447003017,2.503278119,0.171904146,-0.068854146
7119,2.00022489,0.596549165,0.459382211,2.508407787,0.169372513,-0.066322513
7120,2.116106936,0.472058549,0.354966826,2.477941296,0.172049404,-0.068999404
7121,2.252142382,0.435622271,0.084364229,2.462983903,0.175846853,-0.072796853
7122,2.478868125,0.464942088,0.002792106,2.404917485,0.183421002,-0.080371002
7123,2.700555519,0.539617481,0,2.395504892,0.180412094,-0.077362094
7124,2.836590965,0.626817844,0,2.381523346,0.167235151,-0.064185151
7125,2.720708918,0.632226354,0,2.372292636,0.155448531,-0.052398531
7126,2.33779433,0.583834422,0,2.372292636,0.155739046,-0.052689046
7127,1.430891357,0.532121476,0,2.390826172,0.14706509,-0.04401509
7128,0.916979672,0.425374568,0,2.386165692,0.146836828,-0.043786828
7129,0.711744565,0.279344797,0,2.404917485,0.145488007,-0.042438007
7130,0.721298183,0.208085306,0,2.376899029,0.14534275,-0.04229275
7131,0.759512657,0.188918306,0,2.372292636,0.143724164,-0.040674164
7132,0.91237055,0.177911513,0,2.345024904,0.14534275,-0.04229275
7133,1.490364458,0.191670004,0,2.358579961,0.151609579,-0.048559579
7134,2.67978994,0.18512286,0,2.349525912,0.167878434,-0.064828434
7135,3.391534505,0.371574126,0.00285422,2.363133205,0.192447726,-0.089397726
7136,3.109702764,0.492364183,0.060908257,2.367704062,0.199959621,-0.096909621
7137,2.722781222,0.537529986,0.305361561,2.386165692,0.189916093,-0.086866093
7138,2.469610337,0.546828827,0.493409739,2.448206,0.185371604,-0.082321604
7139,2.192555405,0.528515802,0.626110778,2.534374741,0.175556338,-0.072506338
7140,2.044474321,0.649495631,0.720061407,2.534374741,0.16702764,-0.06397764
7141,1.99670623,0.794956085,0.742113145,2.593438559,0.167899186,-0.064849186
7142,1.896393237,0.579564546,0.727513791,2.621205567,0.165222295,-0.062172295
7143,1.896393237,0.500144846,0.607083968,2.493081466,0.166363605,-0.063313605
7144,2.006259848,0.450804053,0.386694781,2.503278119,0.169663028,-0.066613028
7145,2.135233695,0.435622271,0.087522211,2.458038153,0.184002032,-0.080952032
7146,2.350190108,0.464942088,0,2.376899029,0.192883499,-0.089833499
7147,2.560369711,0.631941695,0,2.331624762,0.193153263,-0.090103263
7148,2.689343558,0.57700262,0,2.279521415,0.171966399,-0.068916399
7149,2.579476947,0.632226354,0,2.27106308,0.161964374,-0.058914374
7150,2.216439451,0.597877571,0,2.233764599,0.156029561,-0.052979561
7151,1.356613802,0.548441892,0,2.254333333,0.145986033,-0.042936033
7152,0.869379267,0.425374568,0,2.213567812,0.141898068,-0.038848068
7153,0.980359373,0.279344797,0,2.193732975,0.132145056,-0.029095056
7154,0.99351856,0.244142039,0,2.17039539,0.13432392,-0.03127392
7155,1.046155304,0.2067569,0,2.174250444,0.125795222,-0.022745222
7156,1.256702284,0.177911513,0,2.147549123,0.110792183,-0.007742183
7157,2.05283305,0.185217746,0,2.185898214,0.125919728,-0.022869728
7158,3.691151734,0.224880153,0,2.174250444,0.123388095,-0.020338095
7159,4.671511108,0.371574126,0.002867071,2.17039539,0.144118435,-0.041068435
7160,4.283315114,0.492364183,0.025616408,2.17039539,0.153975203,-0.050925203
7161,3.750368072,0.487240331,0.048123921,2.178119217,0.146836828,-0.043786828
7162,3.401649638,0.60822016,0.073260795,2.193732975,0.140569999,-0.037519999
7163,3.020033237,0.528515802,0.122968718,2.197671454,0.135050208,-0.032000208
7164,2.816065851,0.538763505,0.235566674,2.233764599,0.103072777,-2.2777E-05
7165,2.75026992,0.598921318,0.600849276,2.288042991,0.095892899,0.007157101
7166,2.612098464,0.579564546,0.748360802,2.395504892,0.101267432,0.001782568
7167,2.612098464,0.500144846,0.641019521,2.358579961,0.133991903,-0.030941903
7168,2.763429106,0.563149243,0.385311073,2.322776091,0.143205387,-0.040155387
7169,2.94107812,0.411331419,0.044912961,2.275284387,0.151173806,-0.048123806
7170,3.23715981,0.464942088,0,2.241946886,0.168895238,-0.065845238
7171,3.526661907,0.539617481,0,2.229695811,0.170596827,-0.067546827
7172,3.704310921,0.626817844,0,2.237848263,0.149451466,-0.046401466
7173,3.552980279,0.632226354,0,2.237848263,0.141130278,-0.038080278
7174,3.052931203,0.597877571,0,2.217577899,0.14725185,-0.04420185
7175,1.868604443,0.564003219,0,2.185898214,0.118739851,-0.015689851
7176,1.197485946,0.410192785,0,2.17039539,0.093112253,0.009937747
7177,0.929342233,0.279344797,0,2.143788091,0.05848,0.04457
7178,0.941816625,0.208085306,0,2.174250444,0.06308,0.03997
7179,0.991714195,0.188918306,0,2.185898214,0.08308,0.01997
7180,1.191304473,0.177911513,0,2.162726148,0.093299013,0.009750987
7181,1.946005213,0.185217746,0,2.182001783,0.1044631,-0.0014131
7182,3.499067065,0.196034766,0,2.205590991,0.128907885,-0.025857885
7183,4.428409298,0.194801246,0,2.178119217,0.135672741,-0.032622741
7184,4.060414723,0.492364183,0.008602477,2.189808587,0.145114488,-0.042064488
7185,3.555201831,0.537529986,0.025770621,2.193732975,0.152916898,-0.049866898
7186,3.224630433,0.546828827,0.042937876,2.233764599,0.153041404,-0.049991404
7187,2.862873053,0.528515802,0.048742914,2.322776091,0.1510493,-0.0479993
7188,2.669519971,0.538763505,0.060162072,2.372292636,0.155303273,-0.052253273
7189,2.607148009,0.691245533,0.05737867,2.438452191,0.152066103,-0.049016103
7190,2.476166889,0.665626275,0.077327549,2.550214583,0.151153055,-0.048103055
7191,2.476166889,0.500144846,0.054546427,2.610027719,0.151153055,-0.048103055
7192,2.619622402,0.450804053,0.031690544,2.621205567,0.157585893,-0.054535893
7193,2.788026699,0.435622271,0.011556486,2.555538622,0.168376461,-0.065326461
7194,3.068700528,0.464942088,0,2.409651575,0.185267849,-0.082217849
7195,3.34313716,0.539617481,0,2.395504892,0.188297508,-0.085247508
7196,3.511541458,0.684603503,0,2.367704062,0.178793508,-0.075743508
7197,3.368085945,0.605088918,0,2.390826172,0.167878434,-0.064828434
7198,2.894059034,0.597877571,0,2.395504892,0.163728216,-0.060678216
7199,1.771363719,0.548441892,0,2.376899029,0.154992007,-0.051942007
7200,1.135169707,0.380493423,0,2.372292636,0.146629317,-0.043579317
7201,1.060940087,0.252776678,0,2.354044231,0.14783288,-0.04478288
7202,1.075180894,0.186641038,0,2.345024904,0.148247902,-0.045197902
7203,1.13214412,0.176298449,0,2.345024904,0.148870435,-0.045820435
7204,1.359997024,0.168043355,0,2.340541109,0.150406016,-0.047356016
7205,2.22156582,0.167189379,0,2.327192015,0.151007797,-0.047957797
7206,3.994546234,0.199735326,0,2.336074427,0.157316129,-0.054266129
7207,5.055486321,0.352691784,0,2.345024904,0.176054364,-0.073004364
7208,4.635382528,0.492364183,0.008730988,2.336074427,0.193630539,-0.090580539
7209,4.058629863,0.521778886,0.034805351,2.250189338,0.188359761,-0.085309761
7210,3.68124849,0.570740135,0.066443375,2.209572202,0.184375552,-0.081325552
7211,3.2682651,0.702442098,0.069311574,2.213567812,0.182404198,-0.079354198
7212,3.047532599,0.505743129,0.052076577,2.205590991,0.180889369,-0.077839369
7213,2.976328566,0.567798664,0.034779649,2.225641818,0.177257928,-0.074207928
7214,2.826800098,0.552806654,0.031949708,2.217577899,0.182860722,-0.079810722
7215,2.826800098,0.481167618,0.031949708,2.217577899,0.194377578,-0.091327578
7216,2.990569373,0.430403533,0.024447835,2.209572202,0.19975211,-0.09670211
7217,3.182820261,0.556127669,0.005818095,2.201624101,0.20716025,-0.10411025
7218,3.503238408,0.424141048,0,2.182001783,0.220108931,-0.117058931
7219,3.816536152,0.549770298,0,2.17039539,0.225068442,-0.122018442
7220,4.00878704,0.652531988,0,2.158911817,0.212140512,-0.109090512
7221,3.845017765,0.637824636,0,2.147549123,0.194087063,-0.091037063
7222,3.303867117,0.591899744,0,2.14004021,0.179416041,-0.076366041
7223,2.022194528,0.51504197,0,2.125178819,0.176531639,-0.073481639
7224,1.295913395,0.442169414,0,2.128874783,0.168895238,-0.065845238
7225,1.78766842,0.319861179,0,2.128874783,0.169870539,-0.066820539
7226,1.852506135,0.186641038,0,2.128874783,0.168998993,-0.065948993
7227,1.954393972,0.168043355,0,2.125178819,0.167401159,-0.064351159
7228,2.260057484,0.163583706,0,2.121495667,0.166135343,-0.063085343
7229,3.149260429,0.167189379,0,2.121495667,0.166031587,-0.062981587
7230,4.631265336,0.199735326,0,2.125178819,0.167753928,-0.064703928
7231,5.807606732,0.222318227,0,2.121495667,0.18281922,-0.07976922
7232,5.325955137,0.24879146,0.014500208,2.11782526,0.204068337,-0.101018337
7233,4.862828603,0.521778886,0.049088822,2.121495667,0.208861839,-0.105811839
7234,4.483064846,0.515990832,0.069003148,2.125178819,0.207201752,-0.104151752
7235,4.140351211,0.501188594,0.068951744,2.14004021,0.200042626,-0.096992626
7236,4.019938312,0.505743129,0.071696137,2.155110915,0.199835115,-0.096785115
7237,3.936575536,0.567798664,0.085713574,2.162726148,0.191244163,-0.088194163
7238,3.964363128,0.673501825,0.113512334,2.166553982,0.19213646,-0.08908646
7239,4.103301088,0.517129465,0.089144577,2.158911817,0.201578206,-0.098528206
7240,4.325601824,0.430403533,0.068283488,2.143788091,0.207201752,-0.104151752
7241,4.501589907,0.402886552,0.011457961,2.128874783,0.211746241,-0.108696241
7242,4.760940766,0.441505211,0,2.11782526,0.222619813,-0.119569813
7243,4.890616195,0.549770298,0,2.11416753,0.230380721,-0.127330721
7244,4.872091134,0.652531988,0,2.110522414,0.219112878,-0.116062878
7245,4.584952683,0.684603503,0,2.099662093,0.204919132,-0.101869132
7246,3.899525413,0.54625951,0,2.103269759,0.188318259,-0.085268259
7247,2.556458466,0.51504197,0,2.106889845,0.177942714,-0.074892714
7248,1.972919033,0.380493423,0,2.11416753,0.173190714,-0.070140714
7249,2.047959353,0.252776678,0,2.11782526,0.171738137,-0.068688137
7250,2.122237672,0.186641038,0,2.110522414,0.169538522,-0.066488522
7251,2.238960744,0.168043355,0,2.110522414,0.168044443,-0.064994443
7252,2.589129959,0.166145632,0,2.103269759,0.166882382,-0.063832382
7253,3.607804042,0.163868365,0,2.096066781,0.168065194,-0.065015194
7254,5.305594179,0.199735326,0,2.085354344,0.172422923,-0.069372923
7255,6.653215101,0.352691784,0,2.085354344,0.189895342,-0.086845342
7256,6.101433306,0.492364183,0.021656705,2.085354344,0.205354905,-0.102304905
7257,5.570873888,0.521778886,0.063243612,2.088912969,0.212576285,-0.109526285
7258,5.135815166,0.515990832,0.15940912,2.103269759,0.205873682,-0.102823682
7259,4.743201196,0.619701383,0.117099313,2.11782526,0.197614748,-0.094564748
7260,4.605255748,0.778730555,0.165123492,2.125178819,0.194564338,-0.091514338
7261,4.509755052,0.567798664,0.092195231,2.151323374,0.191223412,-0.088173412
7262,4.541588617,0.552806654,0.103480113,2.147549123,0.189272809,-0.086222809
7263,4.700756443,0.481167618,0.122697644,2.125178819,0.1967017,-0.0936517
7264,4.955424963,0.430403533,0.088610426,2.110522414,0.205168145,-0.102118145
7265,5.157037542,0.402886552,0.025302572,2.099662093,0.209608879,-0.106558879
7266,5.454150816,0.604899145,0,2.096066781,0.220814468,-0.117764468
7267,5.602707453,0.522063545,0,2.092483761,0.231459778,-0.128409778
7268,5.581485077,0.652531988,0,2.085354344,0.217556547,-0.114506547
7269,5.252538237,0.637824636,0,2.085354344,0.204255097,-0.101205097
7270,4.467310299,0.591899744,0,2.078273345,0.185620617,-0.082570617
7271,2.928687987,0.51504197,0,2.074750847,0.17976881,-0.07671881
7272,2.26018312,0.380493423,0,2.067741554,0.170804338,-0.067754338
7273,2.212710607,0.277636847,0,2.060779461,0.16816895,-0.06511895
7274,2.292964359,0.236076717,0,2.060779461,0.165637317,-0.062587317
7275,2.419077399,0.168043355,0,2.060779461,0.163479203,-0.060429203
7276,2.797416518,0.163583706,0,2.057315966,0.161860618,-0.058810618
7277,3.898039411,0.167189379,0,2.060779461,0.163313194,-0.060263194
7278,5.732410898,0.199735326,0,2.064254637,0.16742191,-0.06437191
7279,7.188443266,0.352691784,0,2.067741554,0.18016308,-0.07711308
7280,6.592272533,0.353925304,0.037736381,2.067741554,0.189916093,-0.086866093
7281,6.019031443,0.422148439,0.084054096,2.071240271,0.193423028,-0.090373028
7282,5.54897375,0.515990832,0.165497245,2.085354344,0.186865683,-0.083815683
7283,5.124775343,0.501188594,0.224753437,2.11782526,0.177133421,-0.074083421
7284,4.97573266,0.505743129,0.250704059,2.128874783,0.176261875,-0.073211875
7285,4.872549264,0.567798664,0.157546851,2.143788091,0.174767797,-0.071717797
7286,4.906943729,0.552806654,0.155004288,2.158911817,0.176365631,-0.073315631
7287,5.078916056,0.612110492,0.112698433,2.158911817,0.184251045,-0.081201045
7288,5.354071779,0.459343806,0.025654961,2.14004021,0.19213646,-0.08908646
7289,5.571903393,0.402886552,0.03545732,2.125178819,0.199046573,-0.095996573
7290,5.892918403,0.441505211,0,2.11416753,0.209276861,-0.106226861
7291,6.053425909,0.549770298,0,2.099662093,0.208094049,-0.105044049
7292,6.030496265,0.652531988,0,2.096066781,0.197531744,-0.094481744
7293,5.675086789,0.637824636,0,2.092483761,0.19250998,-0.08945998
7294,4.826689976,0.559164026,0,2.092483761,0.182528705,-0.079478705
7295,3.164290816,0.484393747,0,2.085354344,0.176054364,-0.073004364
7296,2.442007043,0.380493423,0,2.099662093,0.170306312,-0.067256312
7297,1.956944396,0.252776678,0,2.099662093,0.167629421,-0.064579421
7298,2.027921654,0.186641038,0,2.103269759,0.162545404,-0.059495404
7299,2.139457345,0.168043355,0,2.110522414,0.153207413,-0.050157413
7300,2.474064418,0.163583706,0,2.110522414,0.149326959,-0.046276959
7301,3.447466812,0.163773478,0,2.11416753,0.147355605,-0.044305605
7302,5.069804135,0.164247909,0,2.11416753,0.147293352,-0.044243352
7303,6.357534386,0.352691784,0,2.11782526,0.153435675,-0.050385675
7304,5.830274756,0.492364183,0.005773116,2.125178819,0.161238085,-0.058188085
7305,5.323294342,0.521778886,0.01723445,2.13630541,0.16569957,-0.06264957
7306,4.907570403,0.515990832,0.048597269,2.166553982,0.165824076,-0.062774076
7307,4.532404897,0.501188594,0.503520616,2.213567812,0.161549352,-0.058499352
7308,4.400589989,0.652152443,0.734892188,2.221602541,0.163686714,-0.060636714
7309,4.309333515,0.788693599,0.725451063,2.27106308,0.167546417,-0.064496417
7310,4.33975234,0.552806654,0.727407661,2.262667283,0.162420898,-0.059370898
7311,4.491846464,0.481167618,0.642435438,2.250189338,0.158415937,-0.055365937
7312,4.735197062,0.430403533,0.304871926,2.24606055,0.158457439,-0.055407439
7313,4.92784962,0.402886552,0.022056217,2.24606055,0.158602697,-0.055552697
7314,5.211758651,0.441505211,0,2.254333333,0.173854749,-0.070804749
7315,5.353713167,0.695610296,0,2.254333333,0.172070155,-0.069020155
7316,5.33343395,0.610782086,0,2.288042991,0.169849788,-0.066799788
7317,5.019106094,0.637824636,0,2.292327715,0.159411989,-0.056361989
7318,4.268775082,0.591899744,0,2.288042991,0.155531535,-0.052481535
7319,2.798531883,0.51504197,0,2.283774254,0.156320077,-0.053270077
7320,2.159736562,0.380493423,0,2.305278719,0.148849684,-0.045799684
7321,1.090664433,0.252776678,0,2.309628302,0.146567064,-0.043517064
7322,1.105304224,0.213683588,0,2.296628518,0.144325946,-0.041275946
7323,1.163863388,0.185502405,0,2.283774254,0.143620409,-0.040570409
7324,1.398100045,0.163583706,0,2.288042991,0.133390121,-0.030340121
7325,2.283807403,0.167189379,0,2.25849262,0.132456322,-0.029406322
7326,4.106461387,0.199735326,0,2.250189338,0.138411885,-0.035361885
7327,5.19712582,0.352691784,0,2.266857407,0.14287337,-0.03982337
7328,4.765251984,0.492364183,0.031525622,2.254333333,0.146608566,-0.043558566
7329,4.172340447,0.49217441,0.090790181,2.275284387,0.149866487,-0.046816487
7330,3.784385984,0.605468462,0.160002674,2.358579961,0.155884304,-0.052834304
7331,3.359832044,0.501188594,0.257054914,2.443319361,0.152377369,-0.049327369
7332,3.132915283,0.505743129,0.354685545,2.493081466,0.150240007,-0.047190007
7333,3.059716328,0.567798664,0.338296066,2.550214583,0.154078959,-0.051028959
7334,2.905998522,0.552806654,0.225280268,2.550214583,0.149285457,-0.046235457
7335,2.905998522,0.481167618,0.355830409,2.523923711,0.148434662,-0.045384662
7336,3.074356119,0.564287877,0.050476619,2.400201961,0.151028549,-0.047978549
7337,3.271993298,0.407251315,0.011286614,2.367704062,0.155303273,-0.052253273
7338,3.601388596,0.441505211,0,2.354044231,0.16341695,-0.06036695
7339,3.923463999,0.549770298,0,2.358579961,0.174892303,-0.071842303
7340,4.121101178,0.652531988,0,2.322776091,0.161819116,-0.058769116
7341,3.952743581,0.637824636,0,2.367704062,0.154701492,-0.051651492
7342,3.396431522,0.591899744,0,2.349525912,0.150841789,-0.047791789
7343,2.078850328,0.525953876,0,2.345024904,0.152833893,-0.049783893
7344,1.332220985,0.356677002,0,2.318376894,0.148289404,-0.045239404
7345,1.081657576,0.252776678,0,2.376899029,0.124384148,-0.021334148
7346,1.09617647,0.186641038,0,2.322776091,0.111995746,-0.008945746
7347,1.154252044,0.168043355,0,2.262667283,0.104255589,-0.001205589
7348,1.386554342,0.163583706,0,2.24606055,0.095955153,0.007094847
7349,2.264947407,0.167189379,0,2.237848263,0.10236724,0.00068276
7350,4.072549665,0.17136437,0,2.229695811,0.112908794,-0.009858794
7351,5.154207241,0.173546751,0,2.233764599,0.121271484,-0.018221484
7352,4.725899879,0.492364183,0.014194995,2.225641818,0.133410872,-0.030360872
7353,4.137884687,0.521778886,0.088000859,2.237848263,0.14326764,-0.04021764
7354,3.753134005,0.515990832,0.274367762,2.250189338,0.153456426,-0.050406426
7355,3.33208609,0.501188594,0.485432855,2.262667283,0.155344775,-0.052294775
7356,3.107043238,0.505743129,0.724620403,2.266857407,0.16607309,-0.06302309
7357,3.03444877,0.688398949,0.509044219,2.313994329,0.17140612,-0.06835612
7358,2.882000387,0.640007017,0.105663861,2.318376894,0.169766784,-0.066716784
7359,2.882000387,0.481167618,0.100357303,2.318376894,0.170493072,-0.067443072
7360,3.048967664,0.430403533,0.053305227,2.305278719,0.168832985,-0.065782985
7361,3.244972728,0.402886552,0.011286614,2.25849262,0.175556338,-0.072506338
7362,3.571647835,0.441505211,0,2.213567812,0.1786275,-0.0755775
7363,3.891063495,0.549770298,0,2.193732975,0.181926923,-0.078876923
7364,4.087068559,0.751688005,0,2.197671454,0.178212478,-0.075162478
7365,3.920101282,0.587345209,0,2.217577899,0.172505928,-0.069455928
7366,3.368383324,0.591899744,0,2.229695811,0.164226242,-0.061176242
7367,2.061682896,0.51504197,0,2.217577899,0.158146173,-0.055096173
7368,1.321219321,0.380493423,0,2.185898214,0.147957387,-0.044907387
7369,1.096598321,0.252776678,0,2.193732975,0.148413911,-0.045363911
7370,1.111317761,0.186641038,0,2.201624101,0.144803221,-0.041753221
7371,1.170195524,0.176298449,0,2.189808587,0.139760706,-0.036710706
7372,1.405706572,0.168043355,0,2.201624101,0.139283431,-0.036233431
7373,2.296232726,0.167189379,0,2.182001783,0.140466243,-0.037416243
7374,4.128803074,0.199735326,0,2.189808587,0.147210348,-0.044160348
7375,5.225401395,0.352691784,0,2.197671454,0.166716373,-0.063666373
7376,4.791177899,0.492364183,0.008535009,2.193732975,0.183441753,-0.080391753
7377,4.195040557,0.521778886,0.036831452,2.24606055,0.187156198,-0.084106198
7378,3.804975382,0.570740135,0.036831452,2.237848263,0.186575168,-0.083525168
7379,3.378111606,0.702442098,0.059329965,2.292327715,0.184292548,-0.081242548
7380,3.149960278,0.505743129,0.062112717,2.354044231,0.182964478,-0.079914478
7381,3.076363075,0.567798664,0.059284986,2.363133205,0.179602801,-0.076552801
7382,2.921808949,0.552806654,0.050862151,2.409651575,0.183628513,-0.080578513
7383,2.921808949,0.481167618,0.050823598,2.372292636,0.185164093,-0.082114093
7384,3.091082515,0.430403533,0.048032893,2.358579961,0.18929356,-0.08624356
7385,3.289794963,0.556127669,0.00852537,2.27106308,0.193049508,-0.089999508
7386,3.620982375,0.424141048,0,2.254333333,0.202802521,-0.099752521
7387,3.944810067,0.549770298,0,2.201624101,0.202864774,-0.099814774
7388,4.143522515,0.652531988,0,2.225641818,0.194543587,-0.091493587
7389,3.974248948,0.637824636,0,2.225641818,0.184790574,-0.081740574
7390,3.414910207,0.591899744,0,2.24606055,0.171800391,-0.068750391
7391,2.090160558,0.51504197,0,2.185898214,0.166716373,-0.063666373
7392,1.33946909,0.442169414,0,2.166553982,0.155303273,-0.052253273
7393,1.608754457,0.319861179,0,2.151323374,0.148040391,-0.044990391
7394,1.667103064,0.186641038,0,2.155110915,0.146255798,-0.043205798
7395,1.758793733,0.168043355,0,2.14004021,0.146940584,-0.043890584
7396,2.033865738,0.163583706,0,2.151323374,0.144906977,-0.041856977
7397,2.834075209,0.167189379,0,2.143788091,0.147085841,-0.044035841
7398,4.16775766,0.199735326,0,2.147549123,0.151028549,-0.047978549
7399,5.226368106,0.222318227,0,2.151323374,0.173813247,-0.070763247
7400,4.792921309,0.24879146,0.011427975,2.14004021,0.187508967,-0.084458967
7401,4.376145543,0.521778886,0.02850762,2.185898214,0.192592984,-0.089542984
7402,4.034389415,0.515990832,0.048287772,2.24606055,0.191472425,-0.088422425
7403,3.725975348,0.501188594,0.076431187,2.266857407,0.192613735,-0.089563735
7404,3.617613649,0.505743129,0.145525721,2.283774254,0.193547534,-0.090497534
7405,3.542594011,0.567798664,0.157466432,2.279521415,0.190497124,-0.087447124
7406,3.567600557,0.673501825,0.43773818,2.305278719,0.193360774,-0.090310774
7407,3.692633287,0.517129465,0.150236084,2.300945489,0.196618696,-0.093568696
7408,3.892685654,0.430403533,0.309234381,2.250189338,0.196805455,-0.093755455
7409,4.051060446,0.402886552,0.043440866,2.217577899,0.19688846,-0.09383846
7410,4.284454874,0.441505211,0,2.193732975,0.219029874,-0.115979874
7411,4.401152089,0.549770298,0,2.147549123,0.223553612,-0.120503612
7412,4.384481058,0.652531988,0,2.14004021,0.201578206,-0.098528206
7413,4.126080083,0.684603503,0,2.143788091,0.191742189,-0.088692189
7414,3.50925195,0.54625951,0,2.132583624,0.182902224,-0.079852224
7415,2.300602228,0.51504197,0,2.085354344,0.178565246,-0.075515246
7416,1.775464763,0.380493423,0,2.078273345,0.172526679,-0.069476679
7417,1.898233128,0.252776678,0,2.099662093,0.169766784,-0.066716784
7418,1.967080962,0.186641038,0,2.106889845,0.167235151,-0.064185151
7419,2.075270415,0.168043355,0,2.099662093,0.164163989,-0.061113989
7420,2.399838773,0.166145632,0,2.121495667,0.163167937,-0.060117937
7421,3.344037635,0.163868365,0,2.110522414,0.164537509,-0.061487509
7422,4.917702404,0.199735326,0,2.110522414,0.171364618,-0.068314618
7423,6.166798815,0.352691784,0,2.106889845,0.187737229,-0.084687229
7424,5.655357765,0.492364183,0.025372729,2.11416753,0.208778835,-0.105728835
7425,5.163587524,0.521778886,0.065605913,2.125178819,0.212929053,-0.109879053
7426,4.760335927,0.515990832,0.13020983,2.143788091,0.211165211,-0.108115211
7427,4.396425949,0.619701383,0.195379465,2.17039539,0.210916197,-0.107866197
7428,4.268565687,0.778730555,0.226802701,2.174250444,0.210169158,-0.107119158
7429,4.180047044,0.567798664,0.212242003,2.185898214,0.205977438,-0.102927438
7430,4.209553258,0.552806654,0.127641609,2.209572202,0.208841088,-0.105791088
7431,4.35708433,0.481167618,0.080924824,2.201624101,0.21191225,-0.10886225
7432,4.593134046,0.430403533,0.028154215,2.197671454,0.212140512,-0.109090512
7433,4.780006737,0.402886552,0.029959971,2.17039539,0.219029874,-0.115979874
7434,5.055398072,0.604899145,0,2.132583624,0.250924301,-0.147874301
7435,5.193093739,0.522063545,0,2.128874783,0.273833506,-0.170783506
7436,5.173422929,0.652531988,0,2.106889845,0.227932092,-0.124882092
7437,4.86852538,0.637824636,0,2.099662093,0.206081193,-0.103031193
7438,4.140705424,0.591899744,0,2.053864094,0.191659185,-0.088609185
7439,2.714571727,0.51504197,0,2.046994983,0.185579115,-0.082529115
7440,2.094941224,0.380493423,0,2.071240271,0.176676897,-0.073626897
7441,2.196739974,0.277636847,0,2.067741554,0.174124513,-0.071074513
7442,2.27641448,0.236076717,0,2.040171667,0.167650172,-0.064600172
7443,2.401617277,0.168043355,0,2.040171667,0.162358644,-0.059308644
7444,2.777225666,0.163583706,0,2.019971947,0.160843815,-0.057793815
7445,3.869904617,0.167189379,0,1.987180195,0.161487098,-0.058437098
7446,5.691036201,0.199735326,0,1.993653094,0.166301352,-0.063251352
7447,7.136559396,0.352691784,0,1.977549273,0.18149115,-0.07844115
7448,6.544691631,0.353925304,0.020153312,1.987180195,0.19290425,-0.08985425
7449,5.975588011,0.422148439,0.093535641,2.060779461,0.199482346,-0.096432346
7450,5.508923043,0.515990832,0.331263341,2.096066781,0.193817298,-0.090767298
7451,5.087786364,0.501188594,0.614642951,2.106889845,0.191700687,-0.088650687
7452,4.939819423,0.505743129,0.713616023,2.103269759,0.189252058,-0.086202058
7453,4.837380771,0.567798664,0.729841467,2.099662093,0.184168041,-0.081118041
7454,4.871526988,0.552806654,0.67521502,2.11782526,0.185537613,-0.082487613
7455,5.042258074,0.612110492,0.552751669,2.143788091,0.187695726,-0.084645726
7456,5.315427812,0.459343806,0.238347392,2.151323374,0.19022736,-0.08717736
7457,5.531687188,0.402886552,0.011226642,2.128874783,0.194066311,-0.091016311
7458,5.850385215,0.441505211,0,2.11416753,0.199233333,-0.096183333
7459,6.009734228,0.549770298,0,2.106889845,0.193049508,-0.089999508
7460,5.986970084,0.652531988,0,2.103269759,0.189999098,-0.086949098
7461,5.634125839,0.637824636,0,2.106889845,0.186388408,-0.083338408
7462,4.791852481,0.559164026,0,2.099662093,0.171489124,-0.068439124
7463,3.141451983,0.484393747,0,2.092483761,0.170970347,-0.067920347
7464,2.424381422,0.380493423,0,2.085354344,0.166363605,-0.063313605
7465,2.538215276,0.252776678,0,2.081807823,0.161113579,-0.058063579
7466,2.630274898,0.186641038,0,2.074750847,0.161341841,-0.058291841
7467,2.774940017,0.168043355,0,2.053864094,0.159598749,-0.056548749
7468,3.208935375,0.163583706,0,2.050423786,0.159079972,-0.056029972
7469,4.471467326,0.163773478,0,2.033393688,0.161922871,-0.058872871
7470,6.575687244,0.164247909,0,2.040171667,0.166135343,-0.063085343
7471,8.245911804,0.352691784,0,2.030021559,0.186533665,-0.083483665
7472,7.562040331,0.492364183,0.00852537,2.030021559,0.20049915,-0.09744915
7473,6.904471607,0.521778886,0.082607232,2.019971947,0.205769927,-0.102719927
7474,6.365265253,0.515990832,0.120026762,2.013327303,0.208467569,-0.105417569
7475,5.878664396,0.501188594,0.202700703,2.019971947,0.207056494,-0.104006494
7476,5.707696528,0.652152443,0.223264202,2.016644152,0.205002136,-0.101952136
7477,5.589334158,0.788693599,0.237412922,2.016644152,0.201868722,-0.098818722
7478,5.628788281,0.552806654,0.403995904,2.00672623,0.20203473,-0.09898473
7479,5.826058899,0.481167618,0.247075015,1.971180354,0.203051534,-0.100001534
7480,6.141691886,0.430403533,0.028057832,1.983959481,0.201349944,-0.098299944
7481,6.391568002,0.402886552,0.011049701,1.990411382,0.205728425,-0.102678425
7482,6.759806487,0.441505211,0,1.993653094,0.230982503,-0.127932503
7483,6.94392573,0.695610296,0,2.000168301,0.217515044,-0.114465044
7484,6.917622981,0.610782086,0,2.00672623,0.20089342,-0.09784342
7485,6.509930372,0.637824636,0,2.010021346,0.190455622,-0.087405622
7486,5.53672866,0.591899744,0,2.010021346,0.184002032,-0.080952032
7487,3.629779359,0.51504197,0,2.003441899,0.184935831,-0.081885831
7488,2.801242766,0.380493423,0,2.016644152,0.174684792,-0.071634792
7489,2.611491056,0.252776678,0,2.019971947,0.181511901,-0.078461901
7490,2.706208348,0.213683588,0,2.019971947,0.17559784,-0.07254784
7491,2.855049807,0.185502405,0,2.023310744,0.173584985,-0.070534985
7492,3.301574184,0.163583706,0,2.019971947,0.169704531,-0.066654531
7493,4.600554191,0.167189379,0,2.023310744,0.16816895,-0.06511895
7494,6.765520869,0.199735326,0,2.019971947,0.168023692,-0.064973692
7495,8.48396317,0.352691784,0,2.026660596,0.175162067,-0.072112067
7496,7.780349,0.492364183,0.014093541,2.019971947,0.179291535,-0.076241535
7497,7.103796913,0.49217441,0.031077977,2.033393688,0.180246085,-0.077196085
7498,6.549024202,0.605468462,0.064694558,2.060779461,0.185537613,-0.082487613
7499,6.048375657,0.501188594,0.128282021,2.060779461,0.184666067,-0.081616067
7500,5.872472115,0.505743129,0.216133795,2.088912969,0.181345893,-0.078295893
7501,5.750692739,0.567798664,0.394488104,2.110522414,0.179001019,-0.075951019
7502,5.791285864,0.552806654,0.434957175,2.11416753,0.176075115,-0.073025115
7503,5.99425149,0.481167618,0.193064102,2.121495667,0.17597136,-0.07292136
7504,6.318996492,0.564287877,0.114569195,2.106889845,0.179519797,-0.076469797
7505,6.576086285,0.407251315,0.036147156,2.088912969,0.18396053,-0.08091053
7506,6.954955454,0.441505211,0,2.053864094,0.1967017,-0.0936517
7507,7.144390038,0.549770298,0,2.040171667,0.198880565,-0.095830565
7508,7.117327955,0.652531988,0,2.023310744,0.193589036,-0.090539036
7509,6.697865661,0.637824636,0,1.990411382,0.181760914,-0.078710914
7510,5.696568572,0.591899744,0,2.030021559,0.176801404,-0.073751404
7511,3.73456752,0.525953876,0,1.996905383,0.175348827,-0.072298827
7512,2.88211189,0.356677002,0,1.964852327,0.169144251,-0.066094251
7513,3.328799812,0.252776678,0,1.971180354,0.171011849,-0.067961849
7514,3.403436579,0.186641038,0,1.9585648,0.166301352,-0.063251352
7515,3.53778276,0.168043355,0,1.936871835,0.165948583,-0.062898583
7516,3.821402474,0.163583706,0,1.936871835,0.164060234,-0.061010234
7517,4.8066078,0.167189379,0,1.936871835,0.163313194,-0.060263194
7518,6.941219338,0.17136437,0,1.943020635,0.16569957,-0.06264957
7519,8.568300861,0.173546751,0,1.952317384,0.166923884,-0.063873884
7520,8.105552905,0.492364183,0.00571957,1.949208599,0.170908094,-0.067858094
7521,7.762223776,0.521778886,0.025712791,1.949208599,0.170908094,-0.067858094
7522,7.329330527,0.515990832,0.042761173,1.961703526,0.174228268,-0.071178268
7523,6.911364631,0.501188594,0.07365061,1.977549273,0.17273419,-0.06968419
7524,6.702381684,0.505743129,0.170371292,2.003441899,0.173647238,-0.070597238
7525,6.553108149,0.688398949,0.173237588,2.033393688,0.176261875,-0.073211875
7526,6.627744917,0.640007017,0.492247599,2.043577629,0.171489124,-0.068439124
7527,6.762091097,0.481167618,0.298611865,2.067741554,0.175390329,-0.072340329
7528,7.015856105,0.430403533,0.122238733,2.013327303,0.178855762,-0.075805762
7529,7.224839053,0.402886552,0.019815663,1.993653094,0.189355814,-0.086305814
7530,7.508458768,0.441505211,0,1.987180195,0.201308442,-0.098258442
7531,7.583095535,0.549770298,0,1.977549273,0.203217543,-0.100167543
7532,7.538313475,0.751688005,0,1.974359677,0.202013979,-0.098963979
7533,7.135274933,0.587345209,0,1.971180354,0.198901316,-0.095851316
7534,6.269488435,0.591899744,0,1.974359677,0.190580128,-0.087530128
7535,4.358787197,0.51504197,0,1.961703526,0.184873578,-0.081823578
7536,3.493000699,0.380493423,0,1.939941363,0.175805351,-0.072755351
7537,3.392100627,0.252776678,0,1.92166876,0.167048391,-0.063998391
7538,3.468156695,0.186641038,0,1.924690252,0.167691675,-0.064641675
7539,3.605057617,0.176298449,0,1.924690252,0.167816181,-0.064766181
7540,3.894070675,0.168043355,0,1.933812006,0.165160042,-0.062110042
7541,4.898010771,0.167189379,0,1.936871835,0.165263797,-0.062213797
7542,7.073214312,0.199735326,0,1.943020635,0.168957491,-0.065907491
7543,8.731236592,0.352691784,0,1.949208599,0.183151238,-0.080101238
7544,8.259688971,0.492364183,0.005706719,1.946109698,0.192011953,-0.088961953
7545,7.909831059,0.521778886,0.039742556,1.955436102,0.198880565,-0.095830565
7546,7.468705865,0.570740135,0.042488088,1.971180354,0.196494189,-0.093444189
7547,7.042791885,0.702442098,0.192891291,1.990411382,0.192655237,-0.089605237
7548,6.829834895,0.505743129,0.167005545,2.00672623,0.191451674,-0.088401674
7549,6.677722759,0.567798664,0.649989595,2.057315966,0.188505019,-0.085455019
7550,6.753778827,0.552806654,0.668356807,2.060779461,0.18775798,-0.08470798
7551,6.890679749,0.481167618,0.580471717,2.067741554,0.184583063,-0.081533063
7552,7.14927038,0.430403533,0.261203039,2.043577629,0.185641368,-0.082591368
7553,7.36222737,0.556127669,0.022306982,2.030021559,0.185973386,-0.082923386
7554,7.651240428,0.424141048,0,2.030021559,0.193236268,-0.090186268
7555,7.727296496,0.549770298,0,2.040171667,0.187239202,-0.084189202
7556,7.681662855,0.652531988,0,2.036777038,0.176801404,-0.073751404
7557,7.270960089,0.637824636,0,2.026660596,0.166218347,-0.063168347
7558,6.388709701,0.591899744,0,2.043577629,0.161113579,-0.058063579
7559,4.441674364,0.51504197,0,2.030021559,0.159557247,-0.056507247
7560,3.559423976,0.442169414,0,2.036777038,0.147189597,-0.044139597
7561,3.105304522,0.319861179,0,2.036777038,0.157170871,-0.054120871
7562,3.174930184,0.186641038,0,2.040171667,0.158312181,-0.055262181
7563,3.300256376,0.168043355,0,2.040171667,0.156693596,-0.053643596
7564,3.564833891,0.163583706,0,2.040171667,0.153435675,-0.050385675
7565,4.483892628,0.167189379,0,2.030021559,0.160076024,-0.057026024
7566,6.47518656,0.199735326,0,2.036777038,0.166301352,-0.063251352
7567,7.99302599,0.222318227,0,2.026660596,0.177423936,-0.074373936
7568,7.561346886,0.24879146,0.005730279,2.016644152,0.189231307,-0.086181307
7569,7.241068841,0.521778886,0.04564956,2.016644152,0.18433405,-0.08128405
7570,6.837240002,0.515990832,0.059824731,2.043577629,0.182279692,-0.079229692
7571,6.447336295,0.501188594,0.376425099,2.078273345,0.181055377,-0.078005377
7572,6.252384442,0.505743129,0.45801839,2.125178819,0.180266836,-0.077216836
7573,6.113133118,0.567798664,0.579662884,2.17039539,0.177091919,-0.074041919
7574,6.18275878,0.673501825,0.586851702,2.174250444,0.183919028,-0.080869028
7575,6.308084971,0.517129465,0.372100293,2.162726148,0.189314312,-0.086264312
7576,6.544812222,0.430403533,0.225839767,2.14004021,0.199254084,-0.096204084
7577,6.739764075,0.402886552,0.025014693,2.106889845,0.199046573,-0.095996573
7578,7.00434159,0.441505211,0,2.067741554,0.21591721,-0.11286721
7579,7.073967252,0.549770298,0,2.067741554,0.214070363,-0.111020363
7580,7.032191855,0.652531988,0,2.057315966,0.197677001,-0.094627001
7581,6.656213281,0.684603503,0,2.050423786,0.190185857,-0.087135857
7582,5.848555602,0.54625951,0,2.060779461,0.178025718,-0.074975718
7583,4.066138657,0.51504197,0,2.036777038,0.174518784,-0.071468784
7584,3.258480978,0.380493423,0,2.023310744,0.169289509,-0.066239509
7585,3.180873772,0.252776678,0,2.00672623,0.16360371,-0.06055371
7586,3.252193812,0.186641038,0,1.996905383,0.16532605,-0.06227605
7587,3.380569883,0.168043355,0,1.977549273,0.16569957,-0.06264957
7588,3.651586034,0.166145632,0,1.964852327,0.16569957,-0.06264957
7589,4.593010559,0.163868365,0,1.9585648,0.165948583,-0.062898583
7590,6.632763695,0.199735326,0,1.9585648,0.167878434,-0.064828434
7591,8.187540561,0.352691784,0,1.939941363,0.177527692,-0.074477692
7592,7.745356315,0.492364183,0.005721712,1.949208599,0.192032705,-0.088982705
7593,7.417284132,0.521778886,0.027184231,1.971180354,0.201121682,-0.098071682
7594,7.003627901,0.515990832,0.017099513,2.030021559,0.200042626,-0.096992626
7595,6.604235679,0.619701383,0.019905929,2.057315966,0.197054469,-0.094004469
7596,6.404539568,0.778730555,0.042472024,2.040171667,0.19802977,-0.09497977
7597,6.261899488,0.567798664,0.064817714,2.085354344,0.194668093,-0.091618093
7598,6.333219528,0.552806654,0.050765768,2.088912969,0.207430014,-0.104380014
7599,6.4615956,0.481167618,0.031089757,2.092483761,0.209214608,-0.106164608
7600,6.704083735,0.430403533,0.033931479,2.085354344,0.214277874,-0.111227874
7601,6.903779846,0.402886552,0.011359436,2.071240271,0.22484018,-0.12179018
7602,7.174795997,0.604899145,0,2.057315966,0.232497332,-0.129447332
7603,7.246116037,0.522063545,0,2.057315966,0.20944287,-0.10639287
7604,7.203324013,0.652531988,0,2.050423786,0.202906276,-0.099856276
7605,6.818195798,0.637824636,0,2.036777038,0.188961543,-0.085911543
7606,5.990883337,0.591899744,0,2.016644152,0.182092932,-0.079042932
7607,4.16509032,0.51504197,0,1.977549273,0.179104775,-0.076054775
7608,3.337777859,0.380493423,0,1.949208599,0.172485177,-0.069435177
7609,3.204903953,0.277636847,0,1.961703526,0.171074103,-0.068024103
7610,3.276762786,0.236076717,0,1.952317384,0.17159288,-0.06854288
7611,3.406108685,0.168043355,0,1.955436102,0.168812234,-0.065762234
7612,3.679172251,0.163583706,0,1.955436102,0.166446609,-0.063396609
7613,4.627708846,0.167189379,0,1.955436102,0.167276653,-0.064226653
7614,6.682871471,0.199735326,0,1.955436102,0.172277666,-0.069227666
7615,8.24939403,0.352691784,0,1.936871835,0.187073194,-0.084023194
7616,7.803869266,0.353925304,0.005762407,1.900781056,0.204483359,-0.101433359
7617,7.473318634,0.422148439,0.031631644,1.915654147,0.201619709,-0.098569709
7618,7.056537402,0.515990832,0.060184561,1.974359677,0.194937857,-0.091887857
7619,6.654127937,0.501188594,0.060072114,2.060779461,0.191078154,-0.088028154
7620,6.452923205,0.505743129,0.065704438,2.078273345,0.192551482,-0.089501482
7621,6.309205539,0.567798664,0.082570832,2.11782526,0.193983307,-0.090933307
7622,6.381064372,0.552806654,0.074040426,2.128874783,0.198092023,-0.095042023
7623,6.510410271,0.612110492,0.057035974,2.166553982,0.204483359,-0.101433359
7624,6.754730304,0.459343806,0.034291309,2.11782526,0.205354905,-0.102304905
7625,6.955935036,0.402886552,0.005734563,2.078273345,0.209567376,-0.106517376
7626,7.228998602,0.441505211,0,2.088912969,0.214443883,-0.111393883
7627,7.300857435,0.549770298,0,2.067741554,0.196390434,-0.093340434
7628,7.257742135,0.652531988,0,2.064254637,0.186637421,-0.083587421
7629,6.869704437,0.637824636,0,2.036777038,0.179602801,-0.076552801
7630,6.036141974,0.559164026,0,2.016644152,0.17292095,-0.06987095
7631,4.196555848,0.484393747,0,2.00672623,0.173252967,-0.070202967
7632,3.362993385,0.380493423,0,1.974359677,0.16646736,-0.06341736
7633,3.247093755,0.252776678,0,1.964852327,0.154576985,-0.051526985
7634,3.319898547,0.186641038,0,1.9585648,0.151941597,-0.048891597
7635,3.450947174,0.168043355,0,1.946109698,0.15181709,-0.04876709
7636,3.727605386,0.163583706,0,1.968011254,0.145259745,-0.042209745
7637,4.68862865,0.163773478,0,1.968011254,0.145778522,-0.042728522
7638,6.770845722,0.164247909,0,1.952317384,0.155552286,-0.052502286
7639,8.357990202,0.352691784,0,1.933812006,0.163811221,-0.060761221
7640,7.906600488,0.492364183,0.002875638,1.968011254,0.175494085,-0.072444085
7641,7.571698441,0.521778886,0.011496514,1.987180195,0.177838958,-0.074788958
7642,7.149430644,0.515990832,0.025809174,2.016644152,0.166508862,-0.063458862
7643,6.741723804,0.501188594,0.031513842,2.023310744,0.167255902,-0.064205902
7644,6.537870385,0.652152443,0.040057407,2.043577629,0.165367552,-0.062317552
7645,6.392260799,0.788693599,0.054241214,2.060779461,0.168023692,-0.064973692
7646,6.465065592,0.552806654,0.042889684,2.074750847,0.175390329,-0.072340329
7647,6.596114219,0.481167618,0.031502062,2.064254637,0.180204583,-0.077154583
7648,6.843650514,0.430403533,0.017215173,2.040171667,0.187280705,-0.084230705
7649,7.047503934,0.402886552,0.002875638,2.040171667,0.194730346,-0.091680346
7650,7.324162146,0.441505211,0,2.033393688,0.199129578,-0.096079578
7651,7.396966939,0.695610296,0,2.033393688,0.188318259,-0.085268259
7652,7.353284063,0.610782086,0,2.026660596,0.191015901,-0.087965901
7653,6.960138183,0.637824636,0,2.030021559,0.182113683,-0.079063683
7654,6.115602587,0.591899744,0,2.026660596,0.184313299,-0.081263299
7655,4.251799894,0.51504197,0,2.026660596,0.176137369,-0.073087369
7656,3.407264299,0.380493423,0,2.040171667,0.172858696,-0.069808696
7657,3.102623371,0.252776678,0,2.036777038,0.169787535,-0.066737535
7658,3.172188917,0.213683588,0,2.040171667,0.169974295,-0.066924295
7659,3.297406901,0.185502405,0,2.040171667,0.168853736,-0.065803736
7660,3.561755977,0.163583706,0,2.046994983,0.170223308,-0.067173308
7661,4.48002119,0.167189379,0,2.040171667,0.170493072,-0.067443072
7662,6.469595818,0.199735326,0,2.040171667,0.170845841,-0.067795841
7663,7.98612473,0.352691784,0,2.036777038,0.172775692,-0.069725692
7664,7.554818342,0.492364183,0.002900269,2.030021559,0.174000006,-0.070950006
7665,7.234816829,0.49217441,0.017375812,2.036777038,0.181179884,-0.078129884
7666,6.83133666,0.605468462,0.040402244,2.060779461,0.182549456,-0.079499456
7667,6.4417696,0.501188594,0.054688859,2.088912969,0.179187779,-0.076137779
7668,6.24698607,0.505743129,0.068977446,2.155110915,0.179997072,-0.076947072
7669,6.107854977,0.567798664,0.170037817,2.125178819,0.173917002,-0.070867002
7670,6.177420523,0.552806654,0.144848784,2.13630541,0.165990085,-0.062940085
7671,6.302638507,0.481167618,0.137128426,2.147549123,0.165637317,-0.062587317
7672,6.539161365,0.564287877,0.095496916,2.121495667,0.170596827,-0.067546827
7673,6.733944895,0.407251315,0.008653881,2.060779461,0.178648251,-0.075598251
7674,6.998293971,0.441505211,0,2.043577629,0.181179884,-0.078129884
7675,7.067859517,0.549770298,0,2.033393688,0.180619604,-0.077569604
7676,7.02612019,0.652531988,0,2.023310744,0.17464329,-0.07159329
7677,6.650466239,0.637824636,0,1.996905383,0.166446609,-0.063396609
7678,5.8435059,0.591899744,0,1.996905383,0.164080985,-0.061030985
7679,4.062627912,0.525953876,0,1.990411382,0.164226242,-0.061176242
7680,3.255667573,0.356677002,0,2.003441899,0.154742994,-0.051692994
7681,3.182177219,0.252776678,0,2.026660596,0.153352671,-0.050302671
7682,3.253526483,0.186641038,0,2.003441899,0.157295378,-0.054245378
7683,3.38195516,0.168043355,0,2.013327303,0.158602697,-0.055552697
7684,3.653082367,0.163583706,0,2.019971947,0.159930767,-0.056880767
7685,4.594892665,0.167189379,0,2.026660596,0.161238085,-0.058188085
7686,6.635481644,0.17136437,0,2.030021559,0.163084932,-0.060034932
7687,8.190895621,0.173546751,0,2.016644152,0.160470295,-0.057420295
7688,7.748530178,0.492364183,0.00291205,2.010021346,0.163354697,-0.060304697
7689,7.420323559,0.521778886,0.023231093,2.019971947,0.169517771,-0.066467771
7690,7.006497822,0.515990832,0.063573456,2.023310744,0.173584985,-0.070534985
7691,6.606941938,0.501188594,0.229760695,2.016644152,0.175473334,-0.072423334
7692,6.407163996,0.505743129,0.539716904,2.023310744,0.177631447,-0.074581447
7693,6.264465466,0.688398949,0.686358865,2.016644152,0.176365631,-0.073315631
7694,6.335814731,0.640007017,0.654577683,2.026660596,0.174498033,-0.071448033
7695,6.464243408,0.481167618,0.571840339,2.036777038,0.174103762,-0.071053762
7696,6.706830909,0.430403533,0.211084322,2.033393688,0.175701596,-0.072651596
7697,6.906608851,0.402886552,0.017379071,2.030021559,0.17844074,-0.07539074
7698,7.177736058,0.441505211,0,2.026660596,0.187342958,-0.084292958
7699,7.249085323,0.549770298,0,2.016644152,0.183670015,-0.080620015
7700,7.206275764,0.751688005,0,1.990411382,0.180038574,-0.076988574
7701,6.820989733,0.587345209,0,1.980749191,0.170202557,-0.067152557
7702,5.993338259,0.591899744,0,1.977549273,0.167069142,-0.064019142
7703,4.166797075,0.51504197,0,1.980749191,0.165803325,-0.062753325
7704,3.339145601,0.380493423,0,1.987180195,0.160076024,-0.057026024
7705,3.165287575,0.252776678,0,1.983959481,0.144429702,-0.041379702
7706,3.236258148,0.186641038,0,1.996905383,0.150800287,-0.047750287
7707,3.364005181,0.176298449,0,1.993653094,0.147646121,-0.044596121
7708,3.63369336,0.168043355,0,1.996905383,0.151485073,-0.048435073
7709,4.570504929,0.167189379,0,1.996905383,0.154639238,-0.051589238
7710,6.600263329,0.199735326,0,2.003441899,0.164060234,-0.061010234
7711,8.14742183,0.352691784,0,2.000168301,0.178835011,-0.075785011
7712,7.707404274,0.492364183,0.005878067,2.00672623,0.197282731,-0.094232731
7713,7.380939637,0.521778886,0.032244211,2.026660596,0.19651494,-0.09346494
7714,6.969310311,0.570740135,0.04968961,2.046994983,0.196369683,-0.093319683
7715,6.5718751,0.702442098,0.064186024,2.081807823,0.193443779,-0.090393779
7716,6.373157494,0.505743129,0.124355432,2.078273345,0.196369683,-0.093319683
7717,6.231216347,0.567798664,0.223417248,2.078273345,0.194336076,-0.091286076
7718,6.302186921,0.552806654,0.524124419,2.081807823,0.200084128,-0.097034128
7719,6.429933953,0.481167618,0.507720509,2.11782526,0.196390434,-0.093340434
7720,6.671233902,0.430403533,0.186407957,2.078273345,0.202761019,-0.099711019
7721,6.869951508,0.556127669,0.01471893,2.036777038,0.207181001,-0.104131001
7722,7.139639687,0.424141048,0,2.033393688,0.207056494,-0.104006494
7723,7.21061026,0.549770298,0,2.023310744,0.183670015,-0.080620015
7724,7.168027916,0.652531988,0,2.013327303,0.179416041,-0.076366041
7725,6.78478682,0.637824636,0,2.030021559,0.167546417,-0.064496417
7726,5.961528168,0.591899744,0,2.013327303,0.166259849,-0.063209849
7727,4.144681488,0.51504197,0,1.996905383,0.163375448,-0.060325448
7728,3.321422836,0.442169414,0,1.990411382,0.153165911,-0.050115911
7729,3.317080099,0.319861179,0,1.977549273,0.150634278,-0.047584278
7730,3.391454093,0.186641038,0,1.949208599,0.149804234,-0.046754234
7731,3.525327281,0.168043355,0,1.974359677,0.143952426,-0.040902426
7732,3.807948455,0.163583706,0,1.955436102,0.1434544,-0.0404044
7733,4.789685166,0.167189379,0,1.933812006,0.150592776,-0.047542776
7734,6.916781373,0.199735326,0,1.946109698,0.16132109,-0.05827109
7735,8.538134426,0.222318227,0,1.912660938,0.172651185,-0.069601185
7736,8.077015668,0.24879146,0.002921688,1.91865674,0.182943727,-0.079893727
7737,7.734895299,0.521778886,0.02920372,1.91865674,0.186139395,-0.083089395
7738,7.303526138,0.515990832,0.058321082,1.933812006,0.180183832,-0.077133832
7739,6.887031776,0.501188594,0.052558492,1.955436102,0.17958205,-0.07653205
7740,6.678784595,0.505743129,0.07868655,2.000168301,0.179727308,-0.076677308
7741,6.530036608,0.567798664,0.066985262,2.023310744,0.180121578,-0.077071578
7742,6.604410602,0.673501825,0.072713513,2.019971947,0.192592984,-0.089542984
7743,6.738283789,0.517129465,0.052481386,2.081807823,0.205002136,-0.101952136
7744,6.991155367,0.430403533,0.04089701,2.085354344,0.221312494,-0.118262494
7745,7.199402548,0.402886552,0.005869499,2.046994983,0.239199935,-0.136149935
7746,7.482023722,0.441505211,0,2.040171667,0.25926624,-0.15621624
7747,7.556397715,0.549770298,0,2.019971947,0.250945052,-0.147895052
7748,7.511773319,0.652531988,0,1.990411382,0.242271096,-0.139221096
7749,7.110153756,0.684603503,0,2.010021346,0.215419184,-0.112369184
7750,6.247415434,0.54625951,0,2.016644152,0.203238294,-0.100188294
7751,4.343441206,0.51504197,0,2.023310744,0.182985229,-0.079935229
7752,3.480702885,0.380493423,0,2.013327303,0.175079063,-0.072029063
7753,3.164485242,0.252776678,0,2.019971947,0.17350198,-0.07045198
7754,3.235437826,0.186641038,0,2.016644152,0.175888356,-0.072838356
7755,3.363152477,0.168043355,0,2.019971947,0.175431832,-0.072381832
7756,3.632772295,0.166145632,0,2.026660596,0.175494085,-0.072444085
7757,4.569346403,0.163868365,0,2.026660596,0.17501681,-0.07196681
7758,6.598590302,0.199735326,0,2.026660596,0.177693701,-0.074643701
7759,8.145356631,0.352691784,0,2.030021559,0.200478399,-0.097428399
7760,7.705450611,0.492364183,0.005923045,2.026660596,0.218635603,-0.115585603
7761,7.379068725,0.521778886,0.032373793,2.040171667,0.236025018,-0.132975018
7762,6.967543739,0.515990832,0.058599522,2.053864094,0.229861944,-0.126811944
7763,6.570209269,0.619701383,0.087255703,2.064254637,0.219673158,-0.116623158
7764,6.371542034,0.778730555,0.115697017,2.074750847,0.218967621,-0.115917621
7765,6.229636866,0.567798664,0.172384826,2.067741554,0.215730451,-0.112680451
7766,6.30058945,0.552806654,0.141244566,2.067741554,0.215585193,-0.112535193
7767,6.428304101,0.481167618,0.078252827,2.071240271,0.217183027,-0.114133027
7768,6.669542886,0.430403533,0.040732088,2.067741554,0.218988372,-0.115938372
7769,6.868210121,0.402886552,0.005865216,2.064254637,0.224383656,-0.121333656
7770,7.13782994,0.604899145,0,2.060779461,0.240486502,-0.137436502
7771,7.208782524,0.522063545,0,2.057315966,0.224819428,-0.121769428
7772,7.166210973,0.652531988,0,2.053864094,0.209048599,-0.105998599
7773,6.78306702,0.637824636,0,2.053864094,0.205002136,-0.101952136
7774,5.960017047,0.591899744,0,2.046994983,0.186658172,-0.083608172
7775,4.1436309,0.51504197,0,2.050423786,0.177631447,-0.074581447
7776,3.320580926,0.380493423,0,2.050423786,0.173169963,-0.070119963
7777,3.097906118,0.277636847,0,2.050423786,0.173190714,-0.070140714
7778,3.167365897,0.236076717,0,2.040171667,0.171053351,-0.068003351
7779,3.292393498,0.168043355,0,2.036777038,0.169932793,-0.066882793
7780,3.556340656,0.163583706,0,2.036777038,0.17121936,-0.06816936
7781,4.473209732,0.167189379,0,2.033393688,0.172713439,-0.069663439
7782,6.459759395,0.199735326,0,2.030021559,0.17597136,-0.07292136
7783,7.973982565,0.352691784,0,2.026660596,0.187654224,-0.084604224
7784,7.543331939,0.353925304,0.002945248,2.019971947,0.213364826,-0.110314826
7785,7.223816958,0.422148439,0.031613319,2.026660596,0.214236372,-0.111186372
7786,6.820950243,0.515990832,0.058471011,2.033393688,0.21533618,-0.11228618
7787,6.431975484,0.501188594,0.069979829,2.036777038,0.215813455,-0.112763455
7788,6.237488104,0.505743129,0.061264051,2.043577629,0.215709699,-0.112659699
7789,6.098568547,0.567798664,0.05542137,2.050423786,0.209837141,-0.106787141
7790,6.168028325,0.552806654,0.049598582,2.050423786,0.213593088,-0.110543088
7791,6.293055927,0.612110492,0.032790072,2.057315966,0.211995254,-0.108945254
7792,6.529219173,0.459343806,0.014634073,2.053864094,0.213676093,-0.110626093
7793,6.723706553,0.402886552,0.002931326,2.050423786,0.217266031,-0.114216031
7794,6.987653711,0.441505211,0,2.046994983,0.224570415,-0.121520415
7795,7.05711349,0.549770298,0,2.046994983,0.208384564,-0.105334564
7796,7.015437622,0.652531988,0,2.046994983,0.204939883,-0.101889883
7797,6.640354819,0.637824636,0,2.046994983,0.196929962,-0.093879962
7798,5.834621389,0.559164026,0,2.046994983,0.183877526,-0.080827526
7799,4.056451061,0.484393747,0,2.040171667,0.176324129,-0.073274129
7800,3.250717631,0.380493423,0,2.033393688,0.170036548,-0.066986548
7801,3.261767744,0.252776678,0,2.030021559,0.166301352,-0.063251352
7802,3.33490155,0.186641038,0,2.023310744,0.165097788,-0.062047788
7803,3.466542401,0.168043355,0,2.026660596,0.167193648,-0.064143648
7804,3.744450864,0.163583706,0,2.023310744,0.167629421,-0.064579421
7805,4.709817102,0.163773478,0,1.993653094,0.166903133,-0.063853133
7806,6.801443951,0.164247909,0,1.993653094,0.170327063,-0.067277063
7807,8.395760921,0.352691784,0,2.000168301,0.178585997,-0.075535997
7808,7.942331324,0.492364183,0.005856648,2.00672623,0.201163185,-0.098113185
7809,7.605915817,0.521778886,0.049452936,2.016644152,0.20259501,-0.09954501
7810,7.181739742,0.515990832,0.103904198,2.026660596,0.199793613,-0.096743613
7811,6.772190429,0.501188594,0.273929336,2.036777038,0.198673054,-0.095623054
7812,6.567415772,0.652152443,0.575773527,2.033393688,0.195892407,-0.092842407
7813,6.421148161,0.788693599,0.673226989,2.036777038,0.192385473,-0.089335473
7814,6.494281967,0.552806654,0.63814018,2.036777038,0.192613735,-0.089563735
7815,6.625922817,0.481167618,0.545103013,2.019971947,0.1947926,-0.0917426
7816,6.874577757,0.430403533,0.180986215,2.016644152,0.195767901,-0.092717901
7817,7.079352414,0.402886552,0.00581167,2.010021346,0.194813351,-0.091763351
7818,7.357260877,0.441505211,0,1.987180195,0.200768914,-0.097718914
7819,7.430394682,0.695610296,0,1.968011254,0.187986242,-0.084936242
7820,7.386514399,0.610782086,0,1.943020635,0.177735203,-0.074685203
7821,6.991591847,0.637824636,0,1.939941363,0.175141316,-0.072091316
7822,6.143239698,0.591899744,0,1.933812006,0.174539535,-0.071489535
7823,4.271014266,0.51504197,0,1.912660938,0.172568181,-0.069518181
7824,3.422662118,0.380493423,0,1.912660938,0.164329998,-0.061279998
7825,3.093418112,0.252776678,0,1.91865674,0.160096775,-0.057046775
7826,3.162777262,0.213683588,0,1.933812006,0.149015693,-0.045965693
7827,3.287623733,0.185502405,0,1.933812006,0.147314103,-0.044264103
7828,3.551188505,0.163583706,0,1.939941363,0.143765667,-0.040715667
7829,4.466729291,0.167189379,0,1.924690252,0.140549248,-0.037499248
7830,6.450400995,0.199735326,0,1.93076183,0.143205387,-0.040155387
7831,7.962430476,0.352691784,0,1.936871835,0.147978138,-0.044928138
7832,7.532403743,0.492364183,0,1.939941363,0.15144357,-0.04839357
7833,7.21335165,0.49217441,0.011710699,1.968011254,0.163105684,-0.060055684
7834,6.811068578,0.605468462,0.032055729,2.00672623,0.156216321,-0.053166321
7835,6.422657335,0.501188594,0.037917367,2.060779461,0.155946557,-0.052896557
7836,6.228451714,0.505743129,0.058192571,2.064254637,0.156237072,-0.053187072
7837,6.089733413,0.567798664,0.115482832,2.085354344,0.155095762,-0.052045762
7838,6.159092563,0.552806654,0.095472033,2.121495667,0.156589841,-0.053539841
7839,6.283939034,0.481167618,0.078223912,2.166553982,0.160283535,-0.057233535
7840,6.519760146,0.564287877,0.026204344,2.155110915,0.164122487,-0.061072487
7841,6.713965767,0.407251315,0.002919546,2.229695811,0.174000006,-0.070950006
7842,6.977530539,0.441505211,0,2.205590991,0.176946661,-0.073896661
7843,7.046889689,0.549770298,0,2.24606055,0.176095867,-0.073045867
7844,7.005274199,0.652531988,0,2.17039539,0.166882382,-0.063832382
7845,6.630734786,0.637824636,0,2.14004021,0.155697544,-0.052647544
7846,5.826168641,0.591899744,0,2.132583624,0.151526575,-0.048476575
7847,4.050574388,0.525953876,0,2.099662093,0.15447323,-0.05142323
7848,3.246008243,0.356677002,0,2.11416753,0.149513719,-0.046463719
7849,2.452040398,0.252776678,0,2.092483761,0.120337685,-0.017287685
7850,2.540974506,0.186641038,0,2.121495667,0.132933597,-0.029883597
7851,2.680728104,0.168043355,0,2.099662093,0.120607449,-0.017557449
7852,3.099988897,0.163583706,0,2.088912969,0.123948375,-0.020898375
7853,4.31965666,0.167189379,0,2.088912969,0.114195362,-0.011145362
7854,6.352436265,0.17136437,0,2.092483761,0.108758576,-0.005708576
7855,7.965955077,0.173546751,0,2.085354344,0.132663833,-0.029613833
7856,7.305301705,0.492364183,0,2.088912969,0.14592378,-0.04287378
7857,6.670058078,0.521778886,0.020228277,2.078273345,0.156237072,-0.053187072
7858,6.149158305,0.515990832,0.060252029,2.110522414,0.164246994,-0.061196994
7859,5.679078021,0.501188594,0.120859102,2.132583624,0.170970347,-0.067920347
7860,5.513914678,0.505743129,0.677095018,2.162726148,0.175660094,-0.072610094
7861,5.399570825,0.688398949,0.71554163,2.174250444,0.175660094,-0.072610094
7862,5.437685443,0.640007017,0.478167838,2.17039539,0.175556338,-0.072506338
7863,5.628258531,0.481167618,0.150483547,2.155110915,0.17615812,-0.07310812
7864,5.933175472,0.430403533,0.060034045,2.151323374,0.179540548,-0.076490548
7865,6.17456805,0.402886552,0.008923221,2.128874783,0.186450661,-0.083400661
7866,6.530304481,0.441505211,0,2.085354344,0.196805455,-0.093755455
7867,6.708172696,0.549770298,0,2.081807823,0.200478399,-0.097428399
7868,6.682762951,0.751688005,0,2.096066781,0.197033717,-0.093983717
7869,6.288911903,0.587345209,0,2.064254637,0.196722451,-0.093672451
7870,5.348751335,0.591899744,0,2.060779461,0.187882486,-0.084832486
7871,3.506544818,0.51504197,0,2.036777038,0.185682871,-0.082632871
7872,2.706137849,0.380493423,0,2.010021346,0.175639343,-0.072589343
7873,2.511382139,0.252776678,0,2.010021346,0.172298417,-0.069248417
7874,2.602468538,0.186641038,0,1.996905383,0.168376461,-0.065326461
7875,2.745604307,0.176298449,0,1.993653094,0.16779543,-0.06474543
7876,3.175011616,0.168043355,0,2.010021346,0.166508862,-0.063458862
7877,4.424196514,0.167189379,0,2.019971947,0.16646736,-0.06341736
7878,6.506171344,0.199735326,0,2.026660596,0.171572129,-0.068522129
7879,8.158738865,0.352691784,0,2.030021559,0.196805455,-0.093755455
7880,7.482097045,0.492364183,0.002917404,2.030021559,0.218428092,-0.115378092
7881,6.831479911,0.521778886,0.017491471,2.036777038,0.214174119,-0.111124119
7882,6.297973861,0.570740135,0.052250067,2.046994983,0.214277874,-0.111227874
7883,5.816517181,0.702442098,0.086709533,2.050423786,0.211953752,-0.108903752
7884,5.647356726,0.505743129,0.140509913,2.050423786,0.213945857,-0.110895857
7885,5.530245642,0.567798664,0.276533862,2.057315966,0.215004162,-0.111954162
7886,5.56928267,0.552806654,0.127771426,2.078273345,0.214651394,-0.111601394
7887,5.764467811,0.481167618,0.057571436,2.081807823,0.211434975,-0.108384975
7888,6.076764035,0.430403533,0.020235773,2.085354344,0.215958713,-0.112908713
7889,6.323998546,0.556127669,0,2.078273345,0.214236372,-0.111186372
7890,6.688344141,0.424141048,0,2.071240271,0.224715673,-0.121665673
7891,6.870516939,0.549770298,0,2.078273345,0.216228477,-0.113178477
7892,6.844492254,0.652531988,0,2.081807823,0.213551586,-0.110501586
7893,6.44110963,0.637824636,0,2.081807823,0.204960634,-0.101910634
7894,5.478196272,0.591899744,0,2.092483761,0.197158224,-0.094108224
7895,3.591406582,0.51504197,0,2.092483761,0.189252058,-0.086202058
7896,2.771628992,0.442169414,0,2.088912969,0.179333037,-0.076283037
7897,2.420994579,0.319861179,0,2.088912969,0.174124513,-0.071074513
7898,2.508802673,0.186641038,0,2.088912969,0.172796443,-0.069746443
7899,2.64678682,0.168043355,0,2.088912969,0.16816895,-0.06511895
7900,3.060739261,0.163583706,0,2.085354344,0.167567168,-0.064517168
7901,4.264964544,0.167189379,0,2.078273345,0.167712426,-0.064662426
7902,6.272006682,0.199735326,0,2.064254637,0.171924897,-0.068874897
7903,7.865096379,0.222318227,0,2.050423786,0.186865683,-0.083815683
7904,7.212807684,0.24879146,0,2.078273345,0.203943831,-0.100893831
7905,6.585607016,0.521778886,0.020139423,2.078273345,0.206745228,-0.103695228
7906,6.071302468,0.515990832,0.071963867,2.110522414,0.206309455,-0.103259455
7907,5.607173974,0.501188594,0.162142437,2.110522414,0.206745228,-0.103695228
7908,5.4441018,0.505743129,0.074652994,2.121495667,0.205209647,-0.102159647
7909,5.33120568,0.567798664,0.025982663,2.125178819,0.202844023,-0.099794023
7910,5.36883772,0.673501825,0.028828897,2.13630541,0.202179988,-0.099129988
7911,5.55699792,0.517129465,0.031702325,2.14004021,0.203010032,-0.099960032
7912,5.858054241,0.430403533,0.017337258,2.11416753,0.201661211,-0.098611211
7913,6.096390495,0.402886552,0,2.092483761,0.201847971,-0.098797971
7914,6.447622869,0.441505211,0,2.060779461,0.206247202,-0.103197202
7915,6.623239056,0.549770298,0,2.050423786,0.206184949,-0.103134949
7916,6.598151029,0.652531988,0,2.050423786,0.202823272,-0.099773272
7917,6.209286615,0.684603503,0,2.046994983,0.191638434,-0.088588434
7918,5.281029626,0.54625951,0,2.064254637,0.1833795,-0.0803295
7919,3.462147688,0.51504197,0,2.060779461,0.180785613,-0.077735613
7920,2.671874846,0.380493423,0,2.067741554,0.171364618,-0.068314618
7921,2.163014616,0.252776678,0,2.057315966,0.16816895,-0.06511895
7922,2.241465924,0.186641038,0,2.053864094,0.166342854,-0.063292854
7923,2.36474655,0.168043355,0,2.043577629,0.161196583,-0.058146583
7924,2.734588427,0.166145632,0,2.050423786,0.155780548,-0.052730548
7925,3.81049207,0.163868365,0,2.053864094,0.158727203,-0.055677203
7926,5.603664809,0.199735326,0,2.050423786,0.165263797,-0.062213797
7927,7.026995671,0.352691784,0,2.053864094,0.180080076,-0.077030076
7928,6.444214531,0.492364183,0.002921688,2.053864094,0.19821653,-0.09516653
7929,5.88384805,0.521778886,0.020415688,2.103269759,0.197926014,-0.094876014
7930,5.424347535,0.515990832,0.029107337,2.14004021,0.189169054,-0.086119054
7931,5.00967634,0.619701383,0.092435118,2.162726148,0.184230294,-0.081180294
7932,4.863981055,0.778730555,0.069414382,2.217577899,0.184209543,-0.081159543
7933,4.763115088,0.567798664,0.100748218,2.296628518,0.184603814,-0.081553814
7934,4.796737077,0.552806654,0.066492637,2.27106308,0.184085037,-0.081035037
7935,4.964847021,0.481167618,0.049198057,2.27106308,0.182715465,-0.079665465
7936,5.233822932,0.430403533,0.014521626,2.266857407,0.183130486,-0.080080486
7937,5.446762195,0.402886552,0,2.233764599,0.183753019,-0.080703019
7938,5.760567424,0.604899145,0,2.217577899,0.189750085,-0.086700085
7939,5.917470039,0.522063545,0,2.193732975,0.183068233,-0.080018233
7940,5.895055379,0.652531988,0,2.193732975,0.173896251,-0.070846251
7941,5.547628161,0.637824636,0,2.229695811,0.164579011,-0.061529011
7942,4.718285769,0.591899744,0,2.189808587,0.162960426,-0.059910426
7943,3.093222975,0.51504197,0,2.182001783,0.152398121,-0.049348121
7944,2.387161209,0.380493423,0,2.174250444,0.146131291,-0.043081291
7945,1.949382715,0.277636847,0,2.201624101,0.145425754,-0.042375754
7946,2.020085715,0.236076717,0,2.237848263,0.137104566,-0.034054566
7947,2.13119043,0.168043355,0,2.221602541,0.10408958,-0.00103958
7948,2.464504573,0.163583706,0,2.221602541,0.097075712,0.005974288
7949,3.434145716,0.167189379,0,2.221602541,0.117432532,-0.014382532
7950,5.050214288,0.199735326,0,2.17039539,0.141877317,-0.038827317
7951,6.332968717,0.352691784,0,2.166553982,0.154929754,-0.051879754
7952,5.807746431,0.353925304,0.005839513,2.166553982,0.163894225,-0.060844225
7953,5.302725002,0.422148439,0.034856756,2.185898214,0.176842906,-0.073792906
7954,4.888607431,0.515990832,0.043451918,2.209572202,0.174684792,-0.071634792
7955,4.514891573,0.501188594,0.094977266,2.209572202,0.172983203,-0.069933203
7956,4.383586002,0.505743129,0.109082246,2.205590991,0.172236164,-0.069186164
7957,4.292682145,0.567798664,0.097644063,2.213567812,0.166591867,-0.063541867
7958,4.32298343,0.552806654,0.077674528,2.213567812,0.166176845,-0.063126845
7959,4.474489859,0.612110492,0.077616698,2.205590991,0.167131395,-0.064081395
7960,4.716900145,0.459343806,0.04043223,2.185898214,0.168231203,-0.065181203
7961,4.908808288,0.402886552,0.002902411,2.178119217,0.172007902,-0.068957902
7962,5.191620288,0.441505211,0,2.178119217,0.176946661,-0.073896661
7963,5.333026288,0.549770298,0,2.147549123,0.177257928,-0.074207928
7964,5.312825431,0.652531988,0,2.155110915,0.175950609,-0.072900609
7965,4.999712145,0.637824636,0,2.162726148,0.168085945,-0.065035945
7966,4.25228043,0.559164026,0,2.151323374,0.157170871,-0.054120871
7967,2.787718287,0.484393747,0,2.143788091,0.152107605,-0.049057605
7968,2.151391287,0.380493423,0,2.14004021,0.145280496,-0.042230496
7969,2.085144647,0.252776678,0,2.155110915,0.142748863,-0.039698863
7970,2.160771655,0.186641038,0,2.151323374,0.137187571,-0.034137571
7971,2.279614096,0.168043355,0,2.14004021,0.117515536,-0.014465536
7972,2.63614142,0.163583706,0,2.143788091,0.122516549,-0.019466549
7973,3.673311814,0.163773478,0,2.162726148,0.150240007,-0.047190007
7974,5.401929138,0.164247909,0,2.151323374,0.150115501,-0.047065501
7975,6.774019139,0.352691784,0,2.151323374,0.175763849,-0.072713849
7976,6.212218509,0.492364183,0.005837372,2.151323374,0.186595919,-0.083545919
7977,5.672025595,0.521778886,0.078877695,2.132583624,0.188276757,-0.085226757
7978,5.229067406,0.515990832,0.141958001,2.099662093,0.181636408,-0.078586408
7979,4.82932465,0.501188594,0.18068681,2.085354344,0.181076128,-0.078026128
7980,4.688874492,0.652152443,0.268039538,2.078273345,0.180806364,-0.077756364
7981,4.591639768,0.788693599,0.234378986,2.099662093,0.179478294,-0.076428294
7982,4.624051342,0.552806654,0.185776311,2.11416753,0.180661107,-0.077611107
7983,4.786109217,0.481167618,0.101116205,2.125178819,0.192468477,-0.089418477
7984,5.045401815,0.430403533,0.031749445,2.132583624,0.198963569,-0.095913569
7985,5.250675122,0.402886552,0.006234516,2.11782526,0.201246189,-0.098196189
7986,5.553183154,0.441505211,0,2.121495667,0.205209647,-0.102159647
7987,5.70443717,0.695610296,0,2.110522414,0.20792804,-0.10487804
7988,5.682829454,0.610782086,0,2.067741554,0.203259045,-0.100209045
7989,5.347909847,0.637824636,0,2.046994983,0.200976425,-0.097926425
7990,4.548424334,0.591899744,0,2.010021346,0.189418067,-0.086368067
7991,2.981864884,0.51504197,0,2.013327303,0.180702609,-0.077652609
7992,2.301221813,0.380493423,0,2.013327303,0.174560286,-0.071510286
7993,2.556679638,0.252776678,0,1.987180195,0.16835571,-0.06530571
7994,2.649408952,0.213683588,0,1.977549273,0.167670924,-0.064620924
7995,2.795126444,0.185502405,0,1.974359677,0.167733177,-0.064683177
7996,3.232278921,0.163583706,0,1.971180354,0.166488111,-0.063438111
7997,4.503995218,0.167189379,0,1.964852327,0.166488111,-0.063438111
7998,6.623522379,0.199735326,0,1.964852327,0.167816181,-0.064766181
7999,8.305897063,0.352691784,0,1.971180354,0.168915989,-0.065865989
8000,7.617050736,0.492364183,0.002918475,1.974359677,0.174124513,-0.071074513
8001,6.954698498,0.49217441,0.043596493,1.980749191,0.180806364,-0.077756364
8002,6.411569663,0.605468462,0.080917094,2.000168301,0.187156198,-0.084106198
8003,5.921429007,0.501188594,0.164029431,2.033393688,0.184354801,-0.081304801
8004,5.749217425,0.505743129,0.131040718,2.060779461,0.181657159,-0.078607159
8005,5.629994022,0.567798664,0.1110422,2.081807823,0.179167028,-0.076117028
8006,5.669735156,0.552806654,0.051613938,2.085354344,0.177652198,-0.074602198
8007,5.868440828,0.481167618,0.037346566,2.088912969,0.178419989,-0.075369989
8008,6.186369902,0.564287877,0.014414534,2.050423786,0.182321194,-0.079271194
8009,6.438063752,0.407251315,0,2.00672623,0.194709595,-0.091659595
8010,6.808981005,0.441505211,0,1.993653094,0.202823272,-0.099773272
8011,6.994439632,0.549770298,0,1.974359677,0.203238294,-0.100188294
8012,6.967945542,0.652531988,0,1.9585648,0.196826207,-0.093776207
8013,6.557287155,0.637824636,0,1.946109698,0.191306416,-0.088256416
8014,5.577005843,0.591899744,0,1.933812006,0.181076128,-0.078026128
8015,3.656184353,0.525953876,0,1.924690252,0.180080076,-0.077030076
8016,2.821620533,0.356677002,0,1.92166876,0.176324129,-0.073274129
8017,3.416582862,0.252776678,0,1.92166876,0.173045456,-0.069995456
8018,3.493187859,0.186641038,0,1.894896285,0.169974295,-0.066924295
8019,3.631076854,0.168043355,0,1.91865674,0.168293456,-0.065243456
8020,3.922175842,0.163583706,0,1.91865674,0.16760867,-0.06455867
8021,4.933361801,0.167189379,0,1.912660938,0.167463413,-0.064413413
8022,7.124264713,0.17136437,0,1.912660938,0.167587919,-0.064537919
8023,8.794253646,0.173546751,0,1.915654147,0.168023692,-0.064973692
8024,8.319302665,0.492364183,0.002880993,1.92166876,0.169912041,-0.066862041
8025,7.966919679,0.521778886,0.034406968,1.924690252,0.173439727,-0.070389727
8026,7.522610697,0.515990832,0.28808811,1.93076183,0.180453596,-0.077403596
8027,7.093622715,0.501188594,0.40660551,1.946109698,0.185952635,-0.082902635
8028,6.879128723,0.505743129,0.124085315,1.961703526,0.192655237,-0.089605237
8029,6.725918729,0.688398949,0.337917533,1.974359677,0.192966504,-0.089916504
8030,6.802523726,0.640007017,0.242438764,1.983959481,0.188006993,-0.084956993
8031,6.940412721,0.481167618,0.394690011,1.987180195,0.185807377,-0.082757377
8032,7.20086971,0.430403533,0.065342484,1.980749191,0.186388408,-0.083338408
8033,7.415363702,0.402886552,0.002874567,1.974359677,0.192219464,-0.089169464
8034,7.70646269,0.441505211,0,1.980749191,0.197739255,-0.094689255
8035,7.783067687,0.549770298,0,1.974359677,0.201785717,-0.098735717
8036,7.737104689,0.751688005,0,1.977549273,0.198133525,-0.095083525
8037,7.323437705,0.587345209,0,1.980749191,0.190248111,-0.087198111
8038,6.434819741,0.591899744,0,1.980749191,0.182113683,-0.079063683
8039,4.47373182,0.51504197,0,1.968011254,0.175846853,-0.072796853
8040,3.585113856,0.380493423,0,1.961703526,0.171551378,-0.068501378
8041,3.685905606,0.221274479,0,1.961703526,0.167816181,-0.064766181
8042,3.76854923,0.163678592,0,1.961703526,0.169683779,-0.066633779
8043,3.917307752,0.15978826,0,1.964852327,0.166508862,-0.063458862
8044,4.231353521,0.156182587,0,1.968011254,0.16455826,-0.06150826
8045,5.322249351,0.14849681,0,1.971180354,0.166508862,-0.063458862
8046,7.685856982,0.177911513,0,1.971180354,0.168376461,-0.065326461
8047,9.487487973,0.341874764,0,1.964852327,0.186097892,-0.083047892
8048,8.975097508,0.491130663,0,1.943020635,0.20296853,-0.09991853
8049,8.59493684,0.50669199,0.011475096,1.946109698,0.206309455,-0.103259455
8050,8.115603824,0.537814644,0.027637562,1.955436102,0.205292652,-0.102242652
8051,7.652799532,0.66107174,0.020085844,1.961703526,0.188297508,-0.085247508
8052,7.421397387,0.449096103,0.028657549,1.977549273,0.183504006,-0.080454006
8053,7.25611014,0.496064742,0.020048362,1.980749191,0.180121578,-0.077071578
8054,7.338753763,0.491415321,0.028193474,1.977549273,0.182009928,-0.078959928
8055,7.487512286,0.437804652,0.014269959,1.9585648,0.194730346,-0.091680346
8056,7.768500605,0.397857587,0.005702435,1.939941363,0.202927027,-0.099877027
8057,7.999902751,0.549390753,0,1.939941363,0.204960634,-0.101910634
8058,8.31394852,0.477087514,0,1.93076183,0.211808494,-0.108758494
8059,8.396592144,0.630708175,0,1.906702492,0.207554521,-0.104504521
8060,8.34700597,0.709938103,0,1.891967543,0.208218556,-0.105168556
8061,7.900730403,0.638488839,0,1.891967543,0.205998189,-0.102948189
8062,6.942064371,0.535062946,0,1.883235385,0.195415132,-0.092365132
8063,4.82638761,0.442833617,0,1.877458589,0.186201648,-0.083151648
8064,3.867721578,0.394441686,0,1.857515933,0.177257928,-0.074207928
8065,3.872656142,0.296708961,0,1.866010671,0.176448635,-0.073398635
8066,3.959486998,0.163678592,0,1.866010671,0.175514836,-0.072464836
8067,4.115782537,0.150109874,0,1.854701515,0.17501681,-0.07196681
8068,4.445739787,0.146124656,0,1.857515933,0.172941701,-0.069891701
8069,5.591907075,0.14849681,0,1.857515933,0.174996059,-0.071946059
8070,8.075269534,0.177911513,0,1.857515933,0.181885421,-0.078835421
8071,9.968182178,0.201538162,0,1.849098187,0.207326259,-0.104276259
8072,9.429830876,0.189772281,0.008633289,1.857515933,0.232663341,-0.129613341
8073,9.030408942,0.50669199,0.030971955,1.88034255,0.251733594,-0.148683594
8074,8.526789982,0.4675989,0.076593224,1.93076183,0.240382747,-0.137332747
8075,8.040537192,0.441125667,0.157997603,1.990411382,0.21857335,-0.11552335
8076,7.797410798,0.449096103,0.137022536,2.013327303,0.216124721,-0.113074721
8077,7.623749087,0.496064742,0.198730922,2.036777038,0.207679027,-0.104629027
8078,7.710579943,0.629379769,0.162302614,2.050423786,0.206143446,-0.103093446
8079,7.866875482,0.516655035,0.066844168,2.050423786,0.211040704,-0.107990704
8080,8.16210039,0.397857587,0.024510211,2.010021346,0.213198817,-0.110148817
8081,8.405226784,0.399375765,0.006152461,1.971180354,0.217556547,-0.114506547
8082,8.735184034,0.488284079,0,1.949208599,0.221291743,-0.118241743
8083,8.822014889,0.630708175,0,1.936871835,0.196307429,-0.093257429
8084,8.769916376,0.709938103,0,1.924690252,0.191244163,-0.088194163
8085,8.301029758,0.652626874,0,1.92166876,0.180868618,-0.077818618
8086,7.293791838,0.514377767,0,1.909677067,0.177444687,-0.074394687
8087,5.070921944,0.442833617,0,1.900781056,0.174539535,-0.071489535
8088,4.063684024,0.327926501,0,1.891967543,0.169932793,-0.066882793
8089,4.196579869,0.221274479,0,1.863170472,0.165678819,-0.062628819
8090,4.290673588,0.163678592,0,1.837992492,0.165678819,-0.062628819
8091,4.460042282,0.150109874,0,1.846309201,0.166176845,-0.063126845
8092,4.817598414,0.150679191,0,1.840756391,0.166882382,-0.063832382
8093,6.059635505,0.146978632,0,1.821581845,0.169559273,-0.066509273
8094,8.75071587,0.177911513,0,1.824296572,0.170887343,-0.067837343
8095,10.80195894,0.341874764,0,1.843528614,0.181636408,-0.078586408
8096,10.21857789,0.491130663,0.002855291,1.857515933,0.203860826,-0.100810826
8097,9.785746779,0.50669199,0.031871014,1.868859542,0.206682975,-0.103632975
8098,9.240003208,0.4675989,0.050997087,1.874583461,0.199855866,-0.096805866
8099,8.713078382,0.561156635,0.087348879,1.88034255,0.189210556,-0.086160556
8100,8.449615969,0.769621485,0.206927738,1.886137134,0.186409159,-0.083359159
8101,8.261428531,0.496064742,0.310448079,1.897834109,0.18396053,-0.08091053
8102,8.35552225,0.491415321,0.21889324,1.894896285,0.192634486,-0.089584486
8103,8.524890944,0.437804652,0.197694932,1.891967543,0.207201752,-0.104151752
8104,8.844809589,0.397857587,0.014291378,1.886137134,0.214028861,-0.110978861
8105,9.108272002,0.399375765,0.002867071,1.883235385,0.22313859,-0.12008859
8106,9.465828134,0.685077934,0,1.874583461,0.239552703,-0.136502703
8107,9.559921853,0.593607695,0,1.877458589,0.217681053,-0.114631053
8108,9.503465622,0.709938103,0,1.871717125,0.217764057,-0.114714057
8109,8.995359539,0.638488839,0,1.871717125,0.202885525,-0.099835525
8110,7.903872398,0.535062946,0,1.868859542,0.195767901,-0.092717901
8111,5.495073191,0.442833617,0,1.860338906,0.17958205,-0.07653205
8112,4.40358605,0.327926501,0,1.868859542,0.174186766,-0.071136766
8113,4.218632425,0.254484629,0,1.874583461,0.168085945,-0.065035945
8114,4.313220596,0.213588702,0,1.874583461,0.167193648,-0.064143648
8115,4.483479303,0.150109874,0,1.871717125,0.167463413,-0.064413413
8116,4.842914353,0.146124656,0,1.871717125,0.167235151,-0.064185151
8117,6.091478209,0.14849681,0,1.877458589,0.16684088,-0.06379088
8118,8.796699899,0.177911513,0,1.877458589,0.168044443,-0.064994443
8119,10.85872203,0.341874764,0,1.877458589,0.180661107,-0.077611107
8120,10.27227537,0.311036768,0.002880993,1.88034255,0.216705752,-0.113655752
8121,9.837169779,0.335991823,0.020130823,1.88034255,0.21400811,-0.11095811
8122,9.288558388,0.4675989,0.062937328,1.886137134,0.19935784,-0.09630784
8123,8.75886463,0.441125667,0.09947382,1.88904784,0.188816285,-0.085766285
8124,8.494017752,0.449096103,0.113512334,1.912660938,0.179934818,-0.076884818
8125,8.30484141,0.496064742,0.156746515,1.906702492,0.17939529,-0.07634529
8126,8.399429581,0.491415321,0.154994375,1.924690252,0.17920853,-0.07615853
8127,8.569688289,0.58241113,0.062631044,1.915654147,0.190476373,-0.087426373
8128,8.89128807,0.442548959,0.025732067,1.912660938,0.19765625,-0.09460625
8129,9.156134948,0.399375765,0.002871354,1.915654147,0.199855866,-0.096805866
8130,9.515569998,0.488284079,0,1.909677067,0.189812338,-0.086762338
8131,9.610158169,0.630708175,0,1.906702492,0.18319274,-0.08014274
8132,9.553405266,0.709938103,0,1.900781056,0.172215413,-0.069165413
8133,9.042629143,0.638488839,0,1.90373717,0.168251954,-0.065201954
8134,7.94540636,0.508969257,0,1.90373717,0.165450557,-0.062400557
8135,5.523949184,0.435527385,0,1.900781056,0.161092828,-0.058042828
8136,4.426726401,0.327926501,0,1.891967543,0.144803221,-0.041753221
8137,3.966578277,0.221274479,0,1.883235385,0.145301247,-0.042251247
8138,4.05551501,0.163678592,0,1.883235385,0.144989981,-0.041939981
8139,4.215601129,0.150109874,0,1.88034255,0.131999798,-0.028949798
8140,4.553560713,0.146124656,0,1.877458589,0.121271484,-0.018221484
8141,5.727525584,0.14602977,0,1.874583461,0.132767588,-0.029717588
8142,8.271116139,0.146599087,0,1.874583461,0.145259745,-0.042209745
8143,10.20993691,0.341874764,0,1.854701515,0.156693596,-0.053643596
8144,9.658529169,0.491130663,0.002863858,1.863170472,0.17368874,-0.07063874
8145,9.249420198,0.50669199,0.014269959,1.883235385,0.176573142,-0.073523142
8146,8.733587149,0.4675989,0.051170577,1.912660938,0.171821142,-0.068771142
8147,8.235541446,0.441125667,0.105612236,1.987180195,0.173813247,-0.070763247
8148,7.986518594,0.588294071,0.070598441,1.990411382,0.173771744,-0.070721744
8149,7.808645129,0.784518609,0.163657829,2.040171667,0.169995046,-0.066945046
8150,7.897581862,0.491415321,0.092580574,2.026660596,0.171468373,-0.068418373
8151,8.05766798,0.437804652,0.143891267,2.085354344,0.171074103,-0.068024103
8152,8.360052872,0.397857587,0.039502669,2.064254637,0.166425858,-0.063375858
8153,8.609075723,0.399375765,0.002832801,1.990411382,0.174809299,-0.071759299
8154,8.947035307,0.488284079,0,1.983959481,0.176199622,-0.073149622
8155,9.03597204,0.794766312,0,1.990411382,0.171489124,-0.068439124
8156,8.98261,0.669042176,0,1.961703526,0.161155081,-0.058105081
8157,8.502351644,0.638488839,0,1.9585648,0.151339815,-0.048289815
8158,7.470685545,0.535062946,0,1.990411382,0.14706509,-0.04401509
8159,5.193905188,0.442833617,0,2.016644152,0.146608566,-0.043558566
8160,4.162239089,0.327926501,0,2.078273345,0.126459257,-0.023409257
8161,3.06674538,0.221274479,0,2.057315966,0.123242838,-0.020192838
8162,3.135506487,0.200779073,0,2.088912969,0.101682454,0.001367546
8163,3.25927648,0.171079711,0,2.110522414,0.093174507,0.009875493
8164,3.520568687,0.146124656,0,2.14004021,0.08808,0.01497
8165,4.428215302,0.14849681,0,2.14004021,0.08588,0.01717
8166,6.394782966,0.177911513,0,2.155110915,0.093195258,0.009854742
8167,7.893775103,0.341874764,0,2.13630541,0.09061,0.01244
8168,7.467456238,0.491130663,0,2.14004021,0.146235046,-0.043185046
8169,7.151155145,0.45431484,0.016990279,2.151323374,0.149887239,-0.046837239
8170,6.752340724,0.525669218,0.064719189,2.174250444,0.163977229,-0.060927229
8171,6.367278524,0.441125667,0.095240913,2.166553982,0.162711413,-0.059661413
8172,6.174747424,0.449096103,0.178032691,2.189808587,0.168791482,-0.065741482
8173,6.037225209,0.496064742,0.228338499,2.229695811,0.16569957,-0.06264957
8174,6.105986316,0.491415321,0.18025447,2.217577899,0.161673858,-0.058623858
8175,6.229756309,0.437804652,0.098265846,2.209572202,0.166446609,-0.063396609
8176,6.463544074,0.545690194,0.083717196,2.189808587,0.171966399,-0.068916399
8177,6.656075174,0.404974047,0.00284244,2.155110915,0.17406226,-0.07101226
8178,6.917367381,0.488284079,0,2.11782526,0.178731255,-0.075681255
8179,6.986128488,0.630708175,0,2.106889845,0.181615657,-0.078565657
8180,6.944871824,0.709938103,0,2.13630541,0.175992111,-0.072942111
8181,6.573561845,0.638488839,0,2.147549123,0.166031587,-0.062981587
8182,5.775933002,0.535062946,0,2.147549123,0.164039483,-0.060989483
8183,4.015648659,0.464942088,0,2.147549123,0.163209439,-0.060159439
8184,3.218019815,0.321189585,0,2.128874783,0.152647134,-0.049597134
8185,2.214513354,0.221274479,0,2.121495667,0.095830646,0.007219354
8186,2.294832491,0.163678592,0,2.110522414,0.09279,0.01026
8187,2.421048278,0.150109874,0,2.121495667,0.08134,0.02171
8188,2.799695639,0.146124656,0,2.132583624,0.07833,0.02472
8189,3.901215235,0.14849681,0,2.11416753,0.05307,0.04998
8190,5.737081228,0.152102483,0,2.078273345,0.04314,0.05991
8191,7.19429986,0.155423498,0,2.050423786,0.04262,0.06043
8192,6.597643412,0.491130663,0.002880993,2.078273345,0.0431,0.05995
8193,6.02393529,0.50669199,0.073603224,2.088912969,0.04314,0.05991
8194,5.553494629,0.4675989,0.0828814,2.121495667,0.04313,0.05992
8195,5.128950618,0.441125667,0.140623129,2.178119217,0.04307,0.05998
8196,4.979786506,0.449096103,0.4705188,2.193732975,0.05771,0.04534
8197,4.876519044,0.63232124,0.291909618,2.241946886,0.07064,0.03241
8198,4.910941531,0.656706978,0.166453471,2.225641818,0.09104,0.01201
8199,5.083053968,0.437804652,0.085295915,2.250189338,0.09297,0.01008
8200,5.358433867,0.397857587,0.022922667,2.209572202,0.093776288,0.009273712
8201,5.576442954,0.399375765,0.002869213,2.189808587,0.101620201,0.001429799
8202,5.897719503,0.488284079,0,2.185898214,0.124653912,-0.021603912
8203,6.058357777,0.630708175,0,2.17039539,0.122101528,-0.019051528
8204,6.035409452,0.79751801,0,2.221602541,0.118117318,-0.015067318
8205,5.679710416,0.607745729,0,2.225641818,0.093963048,0.009086952
8206,4.830622394,0.535062946,0,2.197671454,0.093195258,0.009854742
8207,3.166868838,0.442833617,0,2.166553982,0.094066803,0.008983197
8208,2.443996603,0.327926501,0,2.197671454,0.07833,0.02472
8209,2.196617468,0.221274479,0,2.209572202,0.08195,0.0211
8210,2.276287531,0.163678592,0,2.158911817,0.07795,0.0251
8211,2.401483345,0.15978826,0,2.151323374,0.07696,0.02609
8212,2.777070788,0.156182587,0,2.13630541,0.07806,0.02499
8213,3.869688803,0.14849681,0,2.11782526,0.08029,0.02276
8214,5.690718828,0.177911513,0,2.11782526,0.0872,0.01585
8215,7.136161411,0.341874764,0,2.092483761,0.149555221,-0.046505221
8216,6.544326652,0.491130663,0,2.088912969,0.173086958,-0.070036958
8217,5.97525477,0.50669199,0.017273003,2.103269759,0.176033613,-0.072983613
8218,5.508615826,0.537814644,0.340808601,2.151323374,0.175577089,-0.072527089
8219,5.087502632,0.66107174,0.53314464,2.17039539,0.175182819,-0.072132819
8220,4.939543943,0.449096103,0.421204953,2.185898214,0.175494085,-0.072444085
8221,4.837111004,0.496064742,0.188092409,2.182001783,0.175867605,-0.072817605
8222,4.871255317,0.491415321,0.045718099,2.085354344,0.175909107,-0.072859107
8223,5.041976882,0.437804652,0.057207322,2.085354344,0.175992111,-0.072942111
8224,5.315131386,0.397857587,0.011496514,2.081807823,0.175182819,-0.072132819
8225,5.531378701,0.549390753,0,2.057315966,0.176407133,-0.073357133
8226,5.850058955,0.477087514,0,2.046994983,0.177465439,-0.074415439
8227,6.009399083,0.630708175,0,2.046994983,0.174435779,-0.071385779
8228,5.986636207,0.709938103,0,2.067741554,0.171800391,-0.068750391
8229,5.63381164,0.638488839,0,2.057315966,0.153435675,-0.050385675
8230,4.791585253,0.535062946,0,2.050423786,0.146774575,-0.043724575
8231,3.141276793,0.442833617,0,2.036777038,0.145571012,-0.042521012
8232,2.424246221,0.394441686,0,2.030021559,0.122267536,-0.019217536
8233,3.104415591,0.296708961,0,2.016644152,0.147044339,-0.043994339
8234,3.174021322,0.163678592,0,2.010021346,0.146463308,-0.043413308
8235,3.299311637,0.150109874,0,2.010021346,0.14669157,-0.04364157
8236,3.563813414,0.146124656,0,1.996905383,0.152252863,-0.049202863
8237,4.48260906,0.14849681,0,1.974359677,0.157357631,-0.054307631
8238,6.473332959,0.177911513,0,1.977549273,0.166737124,-0.063687124
8239,7.990737889,0.201538162,0,1.952317384,0.188733281,-0.085683281
8240,7.559182359,0.189772281,0.002895986,1.943020635,0.203238294,-0.100188294
8241,7.238995997,0.50669199,0.011573621,1.952317384,0.210044652,-0.106994652
8242,6.835282759,0.4675989,0.057106917,1.977549273,0.207035743,-0.103985743
8243,6.445490667,0.441125667,0.103819002,1.990411382,0.198880565,-0.095830565
8244,6.250594621,0.449096103,0.545196649,2.043577629,0.196597945,-0.093547945
8245,6.111383159,0.496064742,0.093372708,2.033393688,0.191285665,-0.088235665
8246,6.18098889,0.629379769,0.091528041,2.036777038,0.190559377,-0.087509377
8247,6.306279205,0.516655035,0.057721365,2.033393688,0.190310364,-0.087260364
8248,6.54293869,0.397857587,0.034146079,2.016644152,0.189646329,-0.086596329
8249,6.737834736,0.399375765,0,1.977549273,0.187280705,-0.084230705
8250,7.002336513,0.488284079,0,1.964852327,0.194647342,-0.091597342
8251,7.071942244,0.630708175,0,1.93076183,0.175722347,-0.072672347
8252,7.030178805,0.709938103,0,1.88904784,0.168376461,-0.065326461
8253,6.654307859,0.652626874,0,1.886137134,0.166135343,-0.063085343
8254,5.846881383,0.514377767,0,1.866010671,0.161570103,-0.058520103
8255,4.064974675,0.442833617,0,1.843528614,0.154846749,-0.051796749
8256,3.257548199,0.327926501,0,1.846309201,0.14249985,-0.03944985
8257,3.782811651,0.221274479,0,1.832489521,0.130090698,-0.027040698
8258,3.867628056,0.163678592,0,1.821581845,0.098030262,0.005019738
8259,4.020297584,0.150109874,0,1.824296572,0.09323676,0.00981324
8260,4.342599922,0.150679191,0,1.824296572,0.093755537,0.009294463
8261,5.462176464,0.146978632,0,1.816176558,0.135734994,-0.032684994
8262,7.88792564,0.177911513,0,1.813485926,0.146836828,-0.043786828
8263,9.736923263,0.341874764,0,1.813485926,0.160096775,-0.057046775
8264,9.211061553,0.491130663,0.002922759,1.824296572,0.171738137,-0.068688137
8265,8.820906092,0.50669199,0.033307717,1.840756391,0.178025718,-0.074975718
8266,8.328970944,0.4675989,0.074774356,1.854701515,0.179997072,-0.076947072
8267,7.853999078,0.561156635,0.172475218,1.874583461,0.184666067,-0.081616067
8268,7.616513145,0.769621485,0.17598924,1.900781056,0.197635499,-0.094585499
8269,7.446880335,0.496064742,0.178836499,1.906702492,0.198050521,-0.095000521
8270,7.53169674,0.491415321,0.457548241,1.92166876,0.200582154,-0.097532154
8271,7.684366268,0.437804652,0.496277759,1.92166876,0.199482346,-0.096432346
8272,7.972742044,0.397857587,0.099427018,1.924690252,0.200519901,-0.097469901
8273,8.210227978,0.399375765,0.00291205,1.92166876,0.202740268,-0.099690268
8274,8.532530316,0.685077934,0,1.924690252,0.218033822,-0.114983822
8275,8.61734672,0.593607695,0,1.93076183,0.210003149,-0.106953149
8276,8.566456877,0.709938103,0,1.93076183,0.204296599,-0.101246599
8277,8.108448292,0.638488839,0,1.952317384,0.19327777,-0.09022777
8278,7.124577997,0.535062946,0,1.961703526,0.185807377,-0.082757377
8279,4.953278036,0.442833617,0,1.968011254,0.178835011,-0.075785011
8280,3.969407741,0.327926501,0,1.968011254,0.170181806,-0.067131806
8281,3.812302729,0.254484629,0,1.974359677,0.169829037,-0.066779037
8282,3.897780368,0.213588702,0,1.968011254,0.167401159,-0.064351159
8283,4.05164012,0.150109874,0,1.964852327,0.165720321,-0.062670321
8284,4.37645515,0.146124656,0,1.961703526,0.164952531,-0.061902531
8285,5.504759994,0.14849681,0,1.9585648,0.166052338,-0.063002338
8286,7.949420488,0.177911513,0,1.980749191,0.169787535,-0.066737535
8287,9.812833032,0.341874764,0,1.961703526,0.194730346,-0.091680346
8288,9.282871667,0.311036768,0.002979518,1.946109698,0.212659289,-0.109609289
8289,8.889674524,0.335991823,0.085534613,1.946109698,0.220876721,-0.117826721
8290,8.393904214,0.4675989,0.55561777,1.961703526,0.217764057,-0.114714057
8291,7.915229432,0.441125667,0.344503652,1.974359677,0.205105892,-0.102055892
8292,7.675892041,0.449096103,0.477036709,2.00672623,0.196162172,-0.093112172
8293,7.504936762,0.496064742,0.713103392,2.010021346,0.194730346,-0.091680346
8294,7.590414401,0.491415321,0.659409801,2.00672623,0.190600879,-0.087550879
8295,7.744274153,0.58241113,0.44476536,2.000168301,0.190974399,-0.087924399
8296,8.034898128,0.442548959,0.121270147,2.003441899,0.194481333,-0.091431333
8297,8.274235519,0.399375765,0.00292383,1.961703526,0.192157211,-0.089107211
8298,8.599050549,0.488284079,0,1.92166876,0.201225438,-0.098175438
8299,8.684528189,0.630708175,0,1.90373717,0.190683884,-0.087633884
8300,8.633241605,0.709938103,0,1.906702492,0.178461491,-0.075411491
8301,8.171662351,0.638488839,0,1.891967543,0.172900199,-0.069850199
8302,7.180121731,0.508969257,0,1.897834109,0.168023692,-0.064973692
8303,4.991894156,0.435527385,0,1.866010671,0.165824076,-0.062774076
8304,4.000353536,0.327926501,0,1.871717125,0.164163989,-0.061113989
8305,3.786988956,0.221274479,0,1.866010671,0.152481125,-0.049431125
8306,3.871899022,0.163678592,0,1.871717125,0.150551273,-0.047501273
8307,4.024737141,0.150109874,0,1.877458589,0.141483047,-0.038433047
8308,4.347395393,0.146124656,0,1.88034255,0.11643648,-0.01338648
8309,5.468208268,0.14602977,0,1.88904784,0.126770523,-0.023720523
8310,7.896636163,0.146599087,0,1.88904784,0.145031483,-0.041981483
8311,9.747675608,0.341874764,0,1.891967543,0.161175832,-0.058125832
8312,9.221233197,0.491130663,0.002946319,1.891967543,0.175224321,-0.072174321
8313,8.830646892,0.50669199,0.134108415,1.900781056,0.18433405,-0.08128405
8314,8.338168508,0.4675989,0.197242453,1.894896285,0.18414729,-0.08109729
8315,7.862672137,0.441125667,0.255868814,1.961703526,0.177755954,-0.074705954
8316,7.624923951,0.588294071,0.106172976,2.040171667,0.179478294,-0.076428294
8317,7.455103819,0.784518609,0.095790097,1.990411382,0.184168041,-0.081118041
8318,7.540013885,0.491415321,0.153393428,2.016644152,0.18433405,-0.08128405
8319,7.692852004,0.437804652,0.082556105,2.030021559,0.177506941,-0.074456941
8320,7.981546229,0.397857587,0.023411008,1.996905383,0.182113683,-0.079063683
8321,8.219294415,0.399375765,0,1.993653094,0.186512914,-0.083462914
8322,8.541952667,0.488284079,0,1.996905383,0.198631551,-0.095581551
8323,8.626862733,0.794766312,0,2.016644152,0.189978347,-0.086928347
8324,8.575916693,0.669042176,0,2.019971947,0.182383447,-0.079333447
8325,8.117402335,0.638488839,0,2.016644152,0.174020757,-0.070970757
8326,7.132445567,0.535062946,0,2.026660596,0.168812234,-0.065762234
8327,4.95874787,0.442833617,0,2.033393688,0.165761823,-0.062711823
8328,3.973791101,0.327926501,0,2.026660596,0.163520705,-0.060470705
8329,3.101175237,0.221274479,0,2.016644152,0.164413002,-0.061363002
8330,3.170708314,0.200779073,0,2.010021346,0.153456426,-0.050406426
8331,3.295867853,0.171079711,0,2.019971947,0.150323011,-0.047273011
8332,3.560093546,0.146124656,0,2.026660596,0.145965282,-0.042915282
8333,4.477930163,0.14849681,0,2.00672623,0.138536392,-0.035486392
8334,6.466576167,0.177911513,0,2.00672623,0.134718191,-0.031668191
8335,7.982397247,0.341874764,0,2.078273345,0.138515641,-0.035465641
8336,7.551292169,0.491130663,0.002963454,2.103269759,0.148517666,-0.045467666
8337,7.231440014,0.45431484,0.107619609,2.125178819,0.159391238,-0.056341238
8338,6.828148167,0.525669218,0.143431667,2.155110915,0.156652094,-0.053602094
8339,6.438762936,0.441125667,0.192375159,2.182001783,0.153207413,-0.050157413
8340,6.24407032,0.449096103,0.15669729,2.205590991,0.151090802,-0.048040802
8341,6.105004166,0.496064742,0.101985134,2.205590991,0.142707361,-0.039657361
8342,6.174537243,0.491415321,0.07891787,2.155110915,0.124653912,-0.021603912
8343,6.299696782,0.437804652,0.049871667,2.193732975,0.126106488,-0.023056488
8344,6.536109244,0.545690194,0.017677812,2.166553982,0.128409859,-0.025359859
8345,6.730801859,0.404974047,0,2.147549123,0.142520601,-0.039470601
8346,6.995027552,0.488284079,0,2.178119217,0.150738033,-0.047688033
8347,7.064560629,0.630708175,0,2.201624101,0.15333192,-0.05028192
8348,7.022840783,0.709938103,0,2.185898214,0.146650068,-0.043600068
8349,6.647362167,0.638488839,0,2.158911817,0.121790261,-0.018740261
8350,5.840778473,0.535062946,0,2.13630541,0.125504706,-0.022454706
8351,4.0607317,0.464942088,0,2.14004021,0.13071323,-0.02766323
8352,3.254148006,0.321189585,0,2.096066781,0.102159729,0.000890271
8353,2.046154691,0.221274479,0,2.106889845,0.093714035,0.009335965
8354,2.120367556,0.163678592,0,2.158911817,0.096204166,0.006845834
8355,2.236987771,0.150109874,0,2.121495667,0.097822751,0.005227249
8356,2.586848418,0.146124656,0,2.147549123,0.101142926,0.001907074
8357,3.604624845,0.14849681,0,2.201624101,0.09761524,0.00543476
8358,5.300918889,0.152102483,0,2.225641818,0.095062856,0.007987144
8359,6.647352287,0.155423498,0,2.221602541,0.08793,0.01512
8360,6.096056722,0.491130663,0,2.189808587,0.0881,0.01495
8361,5.565964833,0.50669199,0.011834926,2.221602541,0.09298,0.01007
8362,5.131289485,0.4675989,0.052944024,2.25849262,0.093257511,0.009792489
8363,4.739021487,0.441125667,0.084962203,2.292327715,0.09211,0.01094
8364,4.601197596,0.449096103,0.096602927,2.300945489,0.110626174,-0.007576174
8365,4.505781056,0.63232124,0.119564056,2.313994329,0.105147886,-0.002097886
8366,4.537586569,0.656706978,0.133947202,2.336074427,0.104027327,-0.000977327
8367,4.696614136,0.437804652,0.073409613,2.358579961,0.113821842,-0.010771842
8368,4.951058242,0.397857587,0.035409352,2.331624762,0.136253772,-0.033203772
8369,5.15249316,0.399375765,0.002969879,2.288042991,0.149451466,-0.046401466
8370,5.449344618,0.488284079,0,2.266857407,0.162586906,-0.059536906
8371,5.597770347,0.630708175,0,2.262667283,0.158125422,-0.055075422
8372,5.576566671,0.79751801,0,2.201624101,0.166986138,-0.063936138
8373,5.2479097,0.607745729,0,2.193732975,0.164205491,-0.061155491
8374,4.463373705,0.535062946,0,2.174250444,0.153435675,-0.050385675
8375,2.926107227,0.442833617,0,2.121495667,0.161113579,-0.058063579
8376,2.258191447,0.327926501,0,2.092483761,0.154950505,-0.051900505
8377,2.517249102,0.221274479,0,2.078273345,0.154182714,-0.051132714
8378,2.608548292,0.163678592,0,2.060779461,0.155676793,-0.052626793
8379,2.752018448,0.15978826,0,2.016644152,0.157191623,-0.054141623
8380,3.182428917,0.156182587,0,2.026660596,0.154244968,-0.051194968
8381,4.434532097,0.14849681,0,2.003441899,0.153622435,-0.050572435
8382,6.521370731,0.177911513,0,1.980749191,0.158976216,-0.055926216
8383,8.177798896,0.341874764,0,1.983959481,0.173709491,-0.070659491
8384,7.49957634,0.491130663,0,1.946109698,0.196826207,-0.093776207
8385,6.847439267,0.50669199,0.022293776,1.961703526,0.185890382,-0.082840382
8386,6.312686867,0.537814644,0.038265417,1.983959481,0.180204583,-0.077154583
8387,5.830105433,0.66107174,0.073141882,1.996905383,0.178544495,-0.075494495
8388,5.660549794,0.449096103,0.081546797,2.00672623,0.179872565,-0.076822565
8389,5.543165121,0.496064742,0.193822686,2.013327303,0.180432845,-0.077382845
8390,5.582293346,0.491415321,0.379917152,2.000168301,0.185848879,-0.082798879
8391,5.777934467,0.437804652,0.226732988,2.003441899,0.188567272,-0.085517272
8392,6.090960263,0.397857587,0.047938457,2.030021559,0.191285665,-0.088235665
8393,6.33877235,0.549390753,0,1.996905383,0.196805455,-0.093755455
8394,6.703969111,0.477087514,0,2.003441899,0.200976425,-0.097926425
8395,6.886567492,0.630708175,0,1.9585648,0.200872669,-0.097822669
8396,6.860482009,0.709938103,0,1.93076183,0.193921054,-0.090871054
8397,6.456157023,0.638488839,0,1.943020635,0.183317246,-0.080267246
8398,5.490994155,0.535062946,0,1.943020635,0.176261875,-0.073211875
8399,3.599796643,0.442833617,0,1.943020635,0.172070155,-0.069020155
8400,2.778103931,0.394441686,0,1.955436102,0.167753928,-0.064703928
8401,2.577182493,0.296708961,0,1.955436102,0.160926819,-0.057876819
8402,2.670655433,0.163678592,0,1.9585648,0.159245981,-0.056195981
8403,2.817541482,0.150109874,0,1.968011254,0.156340828,-0.053290828
8404,3.258199629,0.146124656,0,1.983959481,0.153622435,-0.050572435
8405,4.540114237,0.14849681,0,1.993653094,0.154058208,-0.051008208
8406,6.676638583,0.177911513,0,1.983959481,0.15789716,-0.05484716
8407,8.372504783,0.201538162,0,1.990411382,0.1672144,-0.0641644
8408,7.678134371,0.189772281,0,1.987180195,0.184707569,-0.081657569
8409,7.010470512,0.50669199,0.017581429,2.000168301,0.195767901,-0.092717901
8410,6.462986149,0.4675989,0.037959133,2.030021559,0.180930871,-0.077880871
8411,5.968914893,0.441125667,0.055319633,2.060779461,0.176365631,-0.073315631
8412,5.79532229,0.449096103,0.082961205,2.064254637,0.172381421,-0.069331421
8413,5.675142796,0.496064742,0.149034064,2.099662093,0.173730242,-0.070680242
8414,5.715202627,0.629379769,0.112290203,2.125178819,0.174083011,-0.071033011
8415,5.915501785,0.516655035,0.046197872,2.151323374,0.175224321,-0.072174321
8416,6.235980437,0.397857587,0.025607246,2.13630541,0.181283639,-0.078233639
8417,6.489692703,0.399375765,0,2.11416753,0.181387395,-0.078337395
8418,6.863584464,0.488284079,0,2.099662093,0.181926923,-0.078876923
8419,7.050530344,0.630708175,0,2.074750847,0.173543482,-0.070493482
8420,7.02382379,0.709938103,0,2.064254637,0.169289509,-0.066239509
8421,6.609872197,0.652626874,0,2.046994983,0.163582959,-0.060532959
8422,5.621729687,0.514377767,0,2.053864094,0.160885317,-0.057835317
8423,3.685504498,0.442833617,0,2.019971947,0.155884304,-0.052834304
8424,2.844248036,0.327926501,0,2.030021559,0.151464321,-0.048414321
8425,2.460230071,0.221274479,0,2.000168301,0.138598645,-0.035548645
8426,2.549461214,0.163678592,0,2.000168301,0.14573702,-0.04268702
8427,2.68968158,0.150109874,0,2.010021346,0.147729125,-0.044679125
8428,3.110342681,0.150679191,0,2.043577629,0.147085841,-0.044035841
8429,4.334084063,0.146978632,0,2.040171667,0.151962348,-0.048912348
8430,6.373653034,0.177911513,0,2.043577629,0.155697544,-0.052647544
8431,7.992560905,0.341874764,0,2.026660596,0.168148199,-0.065098199
8432,7.329700989,0.491130663,0.002933468,2.033393688,0.180308338,-0.077258338
8433,6.692335686,0.50669199,0.023411008,2.040171667,0.191513927,-0.088463927
8434,6.169696137,0.4675989,0.043805323,2.064254637,0.187903237,-0.084853237
8435,5.698045813,0.561156635,0.072793832,2.096066781,0.185350853,-0.082300853
8436,5.532330834,0.769621485,0.10907112,2.106889845,0.192945753,-0.089895753
8437,5.417605079,0.496064742,0.454772718,2.185898214,0.189438818,-0.086388818
8438,5.455846997,0.491415321,0.242385455,2.250189338,0.190144355,-0.087094355
8439,5.647056588,0.437804652,0.25727114,2.283774254,0.192343971,-0.089293971
8440,5.952991934,0.397857587,0.046330812,2.254333333,0.192447726,-0.089397726
8441,6.195190749,0.399375765,0,2.174250444,0.198880565,-0.095830565
8442,6.552115319,0.685077934,0,2.103269759,0.205500163,-0.102450163
8443,6.730577604,0.593607695,0,2.092483761,0.198880565,-0.095830565
8444,6.705082992,0.709938103,0,2.078273345,0.189127552,-0.086077552
8445,6.309916504,0.638488839,0,2.057315966,0.184043534,-0.080993534
8446,5.366615855,0.535062946,0,2.064254637,0.174290522,-0.071240522
8447,3.518256475,0.442833617,0,2.043577629,0.167546417,-0.064496417
8448,2.715176193,0.327926501,0,2.046994983,0.159847762,-0.056797762
8449,3.070201592,0.254484629,0,1.990411382,0.153394173,-0.050344173
8450,3.139040193,0.213588702,0,1.955436102,0.147853632,-0.044803632
8451,3.262949674,0.150109874,0,1.955436102,0.148496915,-0.045446915
8452,3.524536357,0.146124656,0,1.939941363,0.144512706,-0.041462706
8453,4.433205887,0.14849681,0,1.933812006,0.146940584,-0.043890584
8454,6.401989867,0.177911513,0,1.968011254,0.149575972,-0.046525972
8455,7.902671363,0.341874764,0,1.943020635,0.158540443,-0.055490443
8456,7.475872039,0.311036768,0,1.9585648,0.176054364,-0.073004364
8457,7.159214475,0.335991823,0.011753536,1.987180195,0.182175936,-0.079125936
8458,6.759950591,0.4675989,0.026358557,2.013327303,0.175265823,-0.072215823
8459,6.374454427,0.441125667,0.058256826,2.019971947,0.171613631,-0.068563631
8460,6.181706345,0.449096103,0.081216953,2.019971947,0.171260862,-0.068210862
8461,6.044029144,0.496064742,0.135258336,2.057315966,0.169559273,-0.066509273
8462,6.112867744,0.491415321,0.12981305,2.174250444,0.170679832,-0.067629832
8463,6.236777226,0.58241113,0.111946947,2.213567812,0.171924897,-0.068874897
8464,6.470828468,0.442548959,0.031598809,2.178119217,0.173398225,-0.070348225
8465,6.66357655,0.399375765,0,2.103269759,0.177008915,-0.073958915
8466,6.925163233,0.488284079,0,2.064254637,0.176697648,-0.073647648
8467,6.994001834,0.630708175,0,2.053864094,0.175867605,-0.072817605
8468,6.952698673,0.709938103,0,2.040171667,0.1738755,-0.0708255
8469,6.580970229,0.638488839,0,2.013327303,0.167110644,-0.064060644
8470,5.782442461,0.508969257,0,2.00672623,0.165865579,-0.062815579
8471,4.020174282,0.435527385,0,1.996905383,0.161424845,-0.058374845
8472,3.221646514,0.327926501,0,2.010021346,0.14953447,-0.04648447
8473,3.101404645,0.221274479,0,1.939941363,0.148164898,-0.045114898
8474,3.170942866,0.163678592,0,1.936871835,0.146899081,-0.043849081
8475,3.296111664,0.150109874,0,1.983959481,0.141400042,-0.038350042
8476,3.560356902,0.146124656,0,1.961703526,0.132497824,-0.029447824
8477,4.478261416,0.14602977,0,1.968011254,0.144076933,-0.041026933
8478,6.46705453,0.146599087,0,1.936871835,0.144989981,-0.041939981
8479,7.982987742,0.341874764,0,1.939941363,0.148911937,-0.045861937
8480,7.551850773,0.491130663,0.002891702,1.912660938,0.160636304,-0.057586304
8481,7.231974958,0.50669199,0.06358909,1.924690252,0.166508862,-0.063458862
8482,6.828653278,0.4675989,0.216885334,1.939941363,0.161549352,-0.058499352
8483,6.439239241,0.441125667,0.476774764,1.964852327,0.156693596,-0.053643596
8484,6.244532223,0.588294071,0.588949978,2.000168301,0.155386278,-0.052336278
8485,6.105455782,0.784518609,0.529577229,2.040171667,0.151505824,-0.048455824
8486,6.174994003,0.491415321,0.276014071,2.132583624,0.148745928,-0.045695928
8487,6.3001628,0.437804652,0.132229696,2.096066781,0.149077946,-0.046027946
8488,6.53659275,0.397857587,0.031537402,2.071240271,0.155884304,-0.052834304
8489,6.731299769,0.399375765,0.002878851,2.189808587,0.162586906,-0.059536906
8490,6.995545007,0.488284079,0,2.225641818,0.170430819,-0.067380819
8491,7.065083228,0.794766312,0,2.185898214,0.170825089,-0.067775089
8492,7.023360296,0.669042176,0,2.151323374,0.169829037,-0.066779037
8493,6.647853904,0.638488839,0,2.088912969,0.163624461,-0.060574461
8494,5.841210543,0.535062946,0,2.074750847,0.149762732,-0.046712732
8495,4.061032092,0.442833617,0,2.074750847,0.149015693,-0.045965693
8496,3.254388731,0.327926501,0,2.064254637,0.148704426,-0.045654426
8497,2.631910658,0.221274479,0,2.060779461,0.130630226,-0.027580226
8498,2.727368558,0.200779073,0,2.067741554,0.121292235,-0.018242235
8499,2.877373828,0.171079711,0,2.043577629,0.113801091,-0.010751091
8500,3.327389641,0.146124656,0,2.050423786,0.112037248,-0.008987248
8501,4.636526548,0.14849681,0,2.040171667,0.109277353,-0.006227353
8502,6.818421395,0.177911513,0,2.043577629,0.11967365,-0.01662365
8503,8.550300429,0.341874764,0,2.043577629,0.137374331,-0.034324331
8504,7.841184604,0.491130663,0,2.046994983,0.150073998,-0.047023998
8505,7.159342464,0.45431484,0.005749556,2.053864094,0.157855657,-0.054805657
8506,6.60023191,0.525669218,0.017273003,2.064254637,0.167546417,-0.064496417
8507,6.095668727,0.441125667,0.03454833,2.057315966,0.167629421,-0.064579421
8508,5.91838977,0.449096103,0.043034259,2.071240271,0.167733177,-0.064683177
8509,5.795658185,0.496064742,0.034471224,2.096066781,0.167899186,-0.064849186
8510,5.836568714,0.491415321,0.020130823,2.11782526,0.167650172,-0.064600172
8511,6.041121356,0.437804652,0.008628179,2.13630541,0.168189701,-0.065139701
8512,6.368405582,0.545690194,0.00287778,2.132583624,0.169808286,-0.066758286
8513,6.627505595,0.404974047,0,2.071240271,0.175701596,-0.072651596
8514,7.009337194,0.488284079,0,2.026660596,0.180619604,-0.077569604
8515,7.200252993,0.630708175,0,2.00672623,0.17140612,-0.06835612
8516,7.172979307,0.709938103,0,2.003441899,0.169663028,-0.066613028
8517,6.750237181,0.638488839,0,1.990411382,0.159411989,-0.056361989
8518,5.741110814,0.535062946,0,2.003441899,0.155718295,-0.052668295
8519,3.76376861,0.464942088,0,1.980749191,0.151173806,-0.048123806
8520,2.904647514,0.321189585,0,1.990411382,0.140860514,-0.037810514
8521,2.585374449,0.221274479,0,2.00672623,0.131294261,-0.028244261
8522,2.679144507,0.163678592,0,2.010021346,0.110460165,-0.007410165
8523,2.826497455,0.150109874,0,2.000168301,0.118366331,-0.015316331
8524,3.268556299,0.146124656,0,2.00672623,0.104504602,-0.001454602
8525,4.554545662,0.14849681,0,2.00672623,0.101869214,0.001180786
8526,6.697861268,0.152102483,0,2.013327303,0.106704218,-0.003654218
8527,8.39911803,0.155423498,0,2.016644152,0.112369266,-0.009319266
8528,7.702540458,0.491130663,0,2.003441899,0.133348619,-0.030298619
8529,7.032754331,0.50669199,0.031019076,2.016644152,0.151298313,-0.048248313
8530,6.483529707,0.4675989,0.059240007,2.050423786,0.161611605,-0.058561605
8531,5.987887974,0.441125667,0.089830634,2.071240271,0.167006889,-0.063956889
8532,5.813743581,0.449096103,0.103747166,2.13630541,0.171074103,-0.068024103
8533,5.693182078,0.63232124,0.089659286,2.121495667,0.170949596,-0.067899596
8534,5.733369245,0.656706978,0.111670347,2.106889845,0.169995046,-0.066945046
8535,5.934305083,0.437804652,0.143003921,2.11416753,0.170513823,-0.067463823
8536,6.255802424,0.397857587,0.036664388,2.11782526,0.170015797,-0.066965797
8537,6.510321152,0.399375765,0,2.121495667,0.174000006,-0.070950006
8538,6.885401383,0.488284079,0,2.096066781,0.176054364,-0.073004364
8539,7.072941499,0.630708175,0,2.085354344,0.17331522,-0.07026522
8540,7.046150054,0.79751801,0,2.088912969,0.169829037,-0.066779037
8541,6.630882655,0.607745729,0,2.071240271,0.165201544,-0.062151544
8542,5.639599188,0.535062946,0,2.064254637,0.158996968,-0.055946968
8543,3.69721942,0.442833617,0,2.053864094,0.151173806,-0.048123806
8544,2.8532889,0.327926501,0,2.057315966,0.131792287,-0.028742287
8545,2.52934428,0.221274479,0,2.060779461,0.107347502,-0.004297502
8546,2.621082156,0.163678592,0,2.046994983,0.09274,0.01031
8547,2.765241674,0.15978826,0,2.050423786,0.0882,0.01485
8548,3.19772023,0.156182587,0,2.046994983,0.0863,0.01675
8549,4.455839665,0.14849681,0,2.043577629,0.08766,0.01539
8550,6.552705389,0.177911513,0,2.036777038,0.097532236,0.005517764
8551,8.217092558,0.341874764,0,2.033393688,0.140445492,-0.037395492
8552,7.535611198,0.491130663,0,2.030021559,0.156548339,-0.053498339
8553,6.880340659,0.50669199,0.029965795,2.046994983,0.165678819,-0.062628819
8554,6.343018817,0.537814644,0.042600535,2.064254637,0.169829037,-0.066779037
8555,5.858118618,0.66107174,0.056693279,2.050423786,0.168812234,-0.065762234
8556,5.687748278,0.449096103,0.051016364,2.067741554,0.16360371,-0.06055371
8557,5.569799581,0.496064742,0.062395441,2.085354344,0.160823064,-0.057773064
8558,5.609115813,0.491415321,0.03132536,2.092483761,0.156859605,-0.053809605
8559,5.805696975,0.437804652,0.014264605,2.121495667,0.167546417,-0.064496417
8560,6.120226834,0.397857587,0.005715286,2.092483761,0.170700583,-0.067650583
8561,6.369229639,0.549390753,0,2.096066781,0.170202557,-0.067152557
8562,6.73618114,0.477087514,0,2.088912969,0.176054364,-0.073004364
8563,6.919656891,0.630708175,0,2.081807823,0.177984216,-0.074934216
8564,6.89344607,0.709938103,0,2.071240271,0.173771744,-0.070721744
8565,6.487178336,0.638488839,0,2.071240271,0.167712426,-0.064662426
8566,5.517377938,0.535062946,0,2.060779461,0.153643186,-0.050593186
8567,3.617093375,0.442833617,0,2.071240271,0.149617474,-0.046567474
8568,2.791452496,0.394441686,0,2.050423786,0.122163781,-0.019113781
8569,2.483555895,0.296708961,0,2.040171667,0.093880044,0.009169956
8570,2.573633052,0.163678592,0,2.050423786,0.09006,0.01299
8571,2.71518287,0.150109874,0,2.036777038,0.08786,0.01519
8572,3.139832324,0.146124656,0,2.013327303,0.0856,0.01745
8573,4.375176189,0.14849681,0,2.000168301,0.08806,0.01499
8574,6.43408263,0.177911513,0,1.983959481,0.09135,0.0117
8575,8.068339618,0.201538162,0,1.996905383,0.08982,0.01323
8576,7.399195025,0.189772281,0,2.010021346,0.124010628,-0.020960628
8577,6.755786762,0.50669199,0.005762407,2.050423786,0.14573702,-0.04268702
8578,6.228191986,0.4675989,0.011522217,2.057315966,0.154203465,-0.051153465
8579,5.752069872,0.441125667,0.031619864,2.046994983,0.156652094,-0.053602094
8580,5.584783723,0.449096103,0.135648006,2.033393688,0.156921858,-0.053871858
8581,5.468970236,0.496064742,0.091372763,2.036777038,0.157482138,-0.054432138
8582,5.507574732,0.629379769,0.266029111,2.067741554,0.158934714,-0.055884714
8583,5.70059721,0.516655035,0.205956916,2.085354344,0.165616566,-0.062566566
8584,6.009433177,0.397857587,0.080665449,2.106889845,0.170181806,-0.067131806
8585,6.253928317,0.399375765,0.002897057,2.132583624,0.171426871,-0.068376871
8586,6.614236944,0.488284079,0,2.151323374,0.176054364,-0.073004364
8587,6.794391258,0.630708175,0,2.13630541,0.168812234,-0.065762234
8588,6.768654927,0.709938103,0,2.14004021,0.163665963,-0.060615963
8589,6.369741804,0.652626874,0,2.147549123,0.151941597,-0.048891597
8590,5.417497575,0.514377767,0,2.132583624,0.150883291,-0.047833291
8591,3.551613612,0.442833617,0,2.13630541,0.149098697,-0.046048697
8592,2.740919201,0.327926501,0,2.132583624,0.13413716,-0.03108716
8593,2.483444321,0.221274479,0,2.121495667,0.140673754,-0.037623754
8594,2.573517431,0.163678592,0,2.092483761,0.133514628,-0.030464628
8595,2.71506089,0.150109874,0,2.088912969,0.125919728,-0.022869728
8596,3.139691266,0.150679191,0,2.099662093,0.117868305,-0.014818305
8597,4.374979633,0.146978632,0,2.099662093,0.113946349,-0.010896349
8598,6.433793578,0.177911513,0,2.110522414,0.127642069,-0.024592069
8599,8.067977146,0.341874764,0,2.11782526,0.114008602,-0.010958602
8600,7.398862614,0.491130663,0.002948461,2.110522414,0.130007693,-0.026957693
8601,6.755483257,0.50669199,0.023530951,2.11416753,0.147936636,-0.044886636
8602,6.227912183,0.4675989,0.061421477,2.128874783,0.161736112,-0.058686112
8603,5.751811459,0.561156635,0.090303555,2.132583624,0.15866495,-0.05561495
8604,5.584532825,0.769621485,0.153103211,2.158911817,0.161238085,-0.058188085
8605,5.468724541,0.496064742,0.129869225,2.174250444,0.157129369,-0.054079369
8606,5.507327303,0.491415321,0.081156981,2.151323374,0.154576985,-0.051526985
8607,5.70034111,0.437804652,0.052404279,2.046994983,0.156423832,-0.053373832
8608,6.009163202,0.397857587,0.01753645,2.057315966,0.166591867,-0.063541867
8609,6.253647358,0.399375765,0,2.023310744,0.168376461,-0.065326461
8610,6.613939798,0.685077934,0,2.003441899,0.170596827,-0.067546827
8611,6.794086018,0.593607695,0,2.023310744,0.168687727,-0.065637727
8612,6.768350844,0.709938103,0,1.980749191,0.166633369,-0.063583369
8613,6.369455642,0.638488839,0,1.987180195,0.161383343,-0.058333343
8614,5.417254192,0.535062946,0,1.955436102,0.162877422,-0.059827422
8615,3.551454055,0.442833617,0,1.93076183,0.16418474,-0.06113474
8616,2.740796064,0.327926501,0,1.915654147,0.159640251,-0.056590251
8617,3.418844838,0.254484629,0,1.915654147,0.1510493,-0.0479993
8618,3.495500552,0.213588702,0,1.909677067,0.147729125,-0.044679125
8619,3.633480837,0.150109874,0,1.900781056,0.147708374,-0.044658374
8620,3.92477255,0.146124656,0,1.88904784,0.146131291,-0.043081291
8621,4.936627973,0.14849681,0,1.886137134,0.147687623,-0.044637623
8622,7.12898139,0.177911513,0,1.868859542,0.151920845,-0.048870845
8623,8.800075952,0.341874764,0,1.868859542,0.149368461,-0.046318461
8624,8.324810526,0.311036768,0,1.863170472,0.148621422,-0.045571422
8625,7.972194242,0.335991823,0.017684237,1.88034255,0.155303273,-0.052253273
8626,7.527591102,0.4675989,0.04994449,1.891967543,0.164579011,-0.061529011
8627,7.098319104,0.441125667,0.084837976,1.915654147,0.165575063,-0.062525063
8628,6.883683105,0.449096103,0.147197297,1.92772126,0.167152146,-0.064102146
8629,6.730371678,0.496064742,0.237239286,1.955436102,0.167110644,-0.064060644
8630,6.807027391,0.491415321,0.261909926,1.9585648,0.165595814,-0.062545814
8631,6.945007676,0.58241113,0.191843422,1.964852327,0.169476269,-0.066426269
8632,7.205637104,0.442548959,0.106154525,1.964852327,0.173003954,-0.069953954
8633,7.420273102,0.399375765,0.00294739,1.961703526,0.175535587,-0.072485587
8634,7.711564815,0.488284079,0,1.949208599,0.181345893,-0.078295893
8635,7.788220529,0.630708175,0,1.980749191,0.181532652,-0.078482652
8636,7.742227101,0.709938103,0,1.977549273,0.177963465,-0.074913465
8637,7.328286246,0.638488839,0,1.990411382,0.170327063,-0.067277063
8638,6.439079965,0.508969257,0,1.993653094,0.169372513,-0.066322513
8639,4.47669369,0.435527385,0,2.016644152,0.168687727,-0.065637727
8640,3.587487409,0.327926501,0,2.043577629,0.165160042,-0.062110042
8641,3.145642081,0.221274479,0,2.057315966,0.157731151,-0.054681151
8642,3.216172173,0.163678592,0,2.064254637,0.155344775,-0.052294775
8643,3.343126337,0.150109874,0,2.064254637,0.152543378,-0.049493378
8644,3.611140685,0.146124656,0,2.078273345,0.152605631,-0.049555631
8645,4.542137893,0.14602977,0,2.074750847,0.153622435,-0.050572435
8646,6.55929851,0.146599087,0,2.078273345,0.157440636,-0.054390636
8647,8.096854505,0.341874764,0,2.067741554,0.161736112,-0.058686112
8648,7.659567938,0.491130663,0,2.064254637,0.173750993,-0.070700993
8649,7.335129517,0.50669199,0.017735642,2.060779461,0.173045456,-0.069995456
8650,6.926054986,0.4675989,0.047174554,2.057315966,0.176054364,-0.073004364
8651,6.531086474,0.441125667,0.070493872,2.071240271,0.176054364,-0.073004364
8652,6.333602217,0.588294071,0.099501043,2.071240271,0.177029666,-0.073979666
8653,6.192542034,0.784518609,0.119783595,2.064254637,0.176365631,-0.073315631
8654,6.263072126,0.491415321,0.131218588,2.057315966,0.176905159,-0.073855159
8655,6.390026291,0.437804652,0.090602342,2.067741554,0.180619604,-0.077569604
8656,6.629828602,0.397857587,0.032373793,2.081807823,0.186699674,-0.083649674
8657,6.827312858,0.399375765,0.002954886,2.078273345,0.189604827,-0.086554827
8658,7.095327206,0.488284079,0,2.067741554,0.195518888,-0.092468888
8659,7.165857297,0.794766312,0,2.067741554,0.186180897,-0.083130897
8660,7.123539242,0.669042176,0,2.064254637,0.18433405,-0.08128405
8661,6.742676748,0.638488839,0,2.060779461,0.175058312,-0.072008312
8662,5.924527687,0.535062946,0,2.060779461,0.169144251,-0.066094251
8663,4.118957344,0.442833617,0,2.053864094,0.16646736,-0.06341736
8664,3.300808283,0.327926501,0,2.043577629,0.162711413,-0.059661413
8665,3.450092262,0.221274479,0,2.026660596,0.155656042,-0.052606042
8666,3.527448591,0.200779073,0,2.016644152,0.154265719,-0.051215719
8667,3.666689983,0.171079711,0,2.00672623,0.154120461,-0.051070461
8668,3.960644032,0.146124656,0,1.990411382,0.151568077,-0.048518077
8669,4.981747572,0.14849681,0,2.000168301,0.152252863,-0.049202863
8670,7.194138574,0.177911513,0,1.993653094,0.14990799,-0.04685799
8671,8.880506541,0.341874764,0,1.977549273,0.153643186,-0.050593186
8672,8.400897303,0.491130663,0,1.92772126,0.158685701,-0.055635701
8673,8.04505819,0.45431484,0.029385776,1.924690252,0.164869526,-0.061819526
8674,7.596391484,0.525669218,0.058471011,1.946109698,0.169455517,-0.066405517
8675,7.163196042,0.441125667,0.072981244,1.980749191,0.166944635,-0.063894635
8676,6.946598322,0.449096103,0.127680778,2.010021346,0.165782574,-0.062732574
8677,6.791885664,0.496064742,0.127209572,2.016644152,0.165056286,-0.062006286
8678,6.869241993,0.491415321,0.086998682,2.00672623,0.163147186,-0.060097186
8679,7.008483385,0.437804652,0.058171152,2.023310744,0.165492059,-0.062442059
8680,7.271494903,0.545690194,0.026291089,1.987180195,0.167463413,-0.064413413
8681,7.488092623,0.404974047,0,1.946109698,0.175763849,-0.072713849
8682,7.782046673,0.488284079,0,1.924690252,0.177693701,-0.074643701
8683,7.859403001,0.630708175,0,1.906702492,0.183836024,-0.080786024
8684,7.812989204,0.709938103,0,1.900781056,0.182881473,-0.079831473
8685,7.395265029,0.638488839,0,1.88904784,0.175265823,-0.072215823
8686,6.497931615,0.535062946,0,1.871717125,0.166488111,-0.063438111
8687,4.517609599,0.464942088,0,1.863170472,0.165160042,-0.062110042
8688,3.620276186,0.321189585,0,1.857515933,0.155656042,-0.052606042
8689,4.00977343,0.221274479,0,1.851895613,0.156548339,-0.053498339
8690,4.099678664,0.163678592,0,1.863170472,0.151360566,-0.048310566
8691,4.261508085,0.150109874,0,1.854701515,0.148911937,-0.045861937
8692,4.603147974,0.146124656,0,1.857515933,0.140466243,-0.037416243
8693,5.789897061,0.14849681,0,1.829750374,0.136565038,-0.033515038
8694,8.36118675,0.152102483,0,1.824296572,0.137270575,-0.034220575
8695,10.32112085,0.155423498,0,1.802802651,0.140196479,-0.037146479
8696,9.763708398,0.491130663,0,1.808128508,0.145135239,-0.042085239
8697,9.350144322,0.50669199,0.008811307,1.824296572,0.150157003,-0.047107003
8698,8.828693966,0.4675989,0.020528135,1.837992492,0.155386278,-0.052336278
8699,8.325224656,0.441125667,0.040971975,1.900781056,0.156548339,-0.053498339
8700,8.073490001,0.449096103,0.072900925,1.91865674,0.157233125,-0.054183125
8701,7.893679533,0.63232124,0.121949359,1.936871835,0.159515745,-0.056465745
8702,7.983584767,0.656706978,0.153034917,1.949208599,0.15656909,-0.05351909
8703,8.145414188,0.437804652,0.04370894,1.9585648,0.156963361,-0.053913361
8704,8.451091983,0.397857587,0.026047295,1.946109698,0.161238085,-0.058188085
8705,8.702826638,0.399375765,0,1.900781056,0.163541456,-0.060491456
8706,9.044466527,0.488284079,0,1.883235385,0.175079063,-0.072029063
8707,9.134371761,0.630708175,0,1.874583461,0.178461491,-0.075411491
8708,9.08042862,0.79751801,0,1.863170472,0.175224321,-0.072174321
8709,8.594940358,0.607745729,0,1.863170472,0.172194661,-0.069144661
8710,7.552039645,0.535062946,0,1.851895613,0.159453492,-0.056403492
8711,5.250465658,0.442833617,0,1.843528614,0.155531535,-0.052481535
8712,4.207564945,0.327926501,0,1.840756391,0.146006784,-0.042956784
8713,4.231560161,0.221274479,0,1.821581845,0.116021458,-0.012971458
8714,4.326438191,0.163678592,0,1.827019403,0.117619292,-0.014569292
8715,4.497218646,0.15978826,0,1.818875186,0.105832672,-0.002782672
8716,4.857755162,0.156182587,0,1.810803254,0.095955153,0.007094847
8717,6.110145165,0.14849681,0,1.813485926,0.103031275,1.87252E-05
8718,8.823656838,0.177911513,0,1.813485926,0.127144043,-0.024094043
8719,10.8919979,0.341874764,0,1.810803254,0.148870435,-0.045820435
8720,10.30375411,0.491130663,0,1.824296572,0.156091815,-0.053041815
8721,9.867315173,0.50669199,0.005828804,1.827019403,0.159536496,-0.056486496
8722,9.317022596,0.537814644,0.031973268,1.851895613,0.159245981,-0.056195981
8723,8.785705625,0.66107174,0.060724306,1.894896285,0.153352671,-0.050302671
8724,8.52004714,0.449096103,0.086452511,1.924690252,0.148953439,-0.045903439
8725,8.330291079,0.496064742,0.086324,1.939941363,0.155925806,-0.052875806
8726,8.425169109,0.491415321,0.066369481,1.971180354,0.15656909,-0.05351909
8727,8.595949564,0.437804652,0.046232142,1.983959481,0.15847819,-0.05542819
8728,8.918534868,0.397857587,0.011599323,1.964852327,0.162794417,-0.059744417
8729,9.184193354,0.549390753,0,1.92772126,0.166197596,-0.063147596
8730,9.54472987,0.477087514,0,1.897834109,0.172090906,-0.069040906
8731,9.6396079,0.630708175,0,1.886137134,0.174705543,-0.071655543
8732,9.582681082,0.709938103,0,1.871717125,0.158581946,-0.055531946
8733,9.070339717,0.638488839,0,1.863170472,0.156714347,-0.053664347
8734,7.969754563,0.535062946,0,1.854701515,0.154618487,-0.051568487
8735,5.540876982,0.442833617,0,1.849098187,0.154639238,-0.051589238
8736,4.440291828,0.394441686,0,1.846309201,0.143537405,-0.040487405
8737,4.902096854,0.296708961,0,1.851895613,0.143143134,-0.040093134
8738,5.018813445,0.163678592,0,1.860338906,0.138951414,-0.035901414
8739,5.232793864,0.150109874,0,1.868859542,0.12004717,-0.01699717
8740,5.544038108,0.146124656,0,1.868859542,0.103363292,-0.000313292
8741,6.672298495,0.14849681,0,1.868859542,0.11340682,-0.01035682
8742,8.695386086,0.177911513,0,1.863170472,0.131169754,-0.028119754
8743,10.48504049,0.201538162,0,1.860338906,0.141815064,-0.038765064
8744,9.901457534,0.189772281,0,1.849098187,0.149430715,-0.046380715
8745,9.882004769,0.50669199,0.008718137,1.849098187,0.168915989,-0.065865989
8746,9.531854993,0.4675989,0.020288248,1.857515933,0.176946661,-0.073896661
8747,9.103894157,0.441125667,0.057699946,1.874583461,0.159910016,-0.056860016
8748,8.753744382,0.449096103,0.060476923,1.883235385,0.173937753,-0.070887753
8749,8.617575025,0.496064742,0.068977446,1.891967543,0.173149212,-0.070099212
8750,8.617575025,0.629379769,0.05750718,1.900781056,0.171696635,-0.068646635
8751,8.870460973,0.516655035,0.057485762,1.909677067,0.171904146,-0.068854146
8752,9.103894157,0.397857587,0.025934472,1.90373717,0.175182819,-0.072132819
8753,9.454043932,0.399375765,0,1.891967543,0.180785613,-0.077735613
8754,9.551307759,0.488284079,0,1.883235385,0.188629526,-0.085579526
8755,9.570760524,0.630708175,0,1.88034255,0.192094958,-0.089044958
8756,9.395685636,0.709938103,0,1.88904784,0.188505019,-0.085455019
8757,8.928819269,0.652626874,0,1.88034255,0.180619604,-0.077569604
8758,7.858917178,0.514377767,0,1.88034255,0.175514836,-0.072464836
8759,5.855282353,0.442833617,0,1.883235385,0.173730242,-0.070680242
8760,4.99936068,0.327926501,0,1.874583461,0.17063833,-0.06758833
