timestep,demand_el,pv,wind,demand_heat
1,209643.3415769,0.0,0.10702,422934.5228816496
2,207497.2007709,0.0,0.074873,319952.32493091334
3,200108.0148989,0.0,0.055654,305802.0992582931
4,191892.6802004,0.0,0.065059,275143.27696761594
5,185717.3331069,0.0,0.085573,316807.8303369977
6,180672.7483735,0.0,0.096229,406425.9262635927
7,172683.5661471,0.0,0.11794,396206.31883336685
8,170048.1975444,0.0,0.15953,413501.03909990273
9,171132.8063389,0.0,0.23717,417431.65734229726
10,179532.7553002,0.062188,0.28515,368691.99113660527
11,189155.7737532,0.15426,0.35724,191814.17022885225
12,201026.4708567,0.16016,0.46354,85687.47768420039
13,208466.425651,0.1036,0.56932,30834.97945577976
14,207718.7378864,0.084862,0.68999,28265.39783446478
15,205443.3670963,0.052101,0.79517,29121.92504156977
16,206255.669853,0.014673,0.86893,61669.95891155952
17,217240.2184947,0.0,0.92278,166166.27817836872
18,232798.5854994,0.0,0.95895,529333.8139908859
19,237321.6349401,0.0,0.97963,893357.8770105082
20,232387.8187645,0.0,0.99052,644108.459742955
21,224306.3294067,0.0,0.99626,521625.0691269411
22,219280.2060996,0.0,0.99859,486507.4536356363
23,223701.7176957,0.0,0.99933,404280.8417535569
24,213926.3924759,0.0,0.99923,498498.8345351062
25,201834.1582569,0.0,0.99874,460811.6374224864
26,192215.7551605,0.0,0.99845,348606.57329173235
27,187152.7090008,0.0,0.99779,333189.0835638424
28,184355.8029181,0.0,0.99735,299784.5224867477
29,184438.8793364,0.0,0.9969,345180.46446331235
30,182786.5816836,0.0,0.99637,442824.5660732816
31,180105.0595152,0.0,0.99481,431689.71238091664
32,191509.6056049,0.0,0.99304,450533.3109372265
33,207104.8954623,0.0,0.99142,454815.9469727515
34,222501.724987,0.047766,0.99039,401711.2601322419
35,231127.8264203,0.12973,0.98986,208992.6385336184
36,238410.8590912,0.15324,0.98947,93361.46557444429
37,241184.688391,0.12837,0.99026,30295.47296935857
38,237413.9420716,0.10443,0.99193,27770.850221912027
39,234469.3445786,0.063981,0.99271,28612.391137727544
40,235193.9555604,0.019217,0.99281,60590.945938717145
41,242730.8328427,0.0,0.99158,163258.9376682101
42,264196.8562598,0.0,0.99079,520072.2859739889
43,265950.6917572,0.0,0.99146,877727.1751955831
44,260283.0338866,0.0,0.99194,632838.7686932681
45,245578.5078477,0.0,0.99202,512498.4177316493
46,238849.3179655,0.0,0.99239,477995.24018321314
47,241553.9169168,0.0,0.99198,397207.3122649236
48,231372.4403186,0.0,0.99105,489776.8130046303
49,218135.5976697,0.0,0.98873,452749.0127087477
50,208761.8084717,0.0,0.98524,342507.152736915
51,201492.6218705,0.0,0.98152,327359.4162522357
52,194421.895602,0.0,0.98,294539.3205354306
53,192118.8326725,0.0,0.97512,339140.98907365295
54,187983.4731838,0.0,0.96149,435076.6534766218
55,181517.3586262,0.0,0.94655,424136.6215710201
56,185246.5667365,0.0,0.94065,442650.52171896136
57,191874.2187741,0.0,0.93581,446858.22629803896
58,202715.6913621,0.063357,0.9057,394682.68951747695
59,213700.2400039,0.1452,0.87636,205335.9834589859
60,225649.3981692,0.13022,0.85986,91727.95982389124
61,229346.2987835,0.052762,0.87187,33212.783193744945
62,223484.7959368,0.04271,0.88404,30445.05126093287
63,219326.3596653,0.025526,0.90285,31367.628571870224
64,218684.8251018,0.0066043,0.92233,66425.56638748989
65,230273.9854545,0.0,0.94465,178979.9983218478
66,249824.6358941,0.0,0.95549,570152.7781592882
67,254873.835984,0.0,0.96371,962248.135307666
68,249547.7144998,0.0,0.9678,693778.1378248944
69,239841.6196285,0.0,0.97427,561849.582360852
70,235807.7979845,0.0,0.97693,524023.91261242033
71,240723.1527338,0.0,0.9763,435456.49076243374
72,229821.6805104,0.0,0.97646,536939.9949655433
73,217863.2916319,0.0,0.97775,496346.5932842995
74,207418.7397092,0.0,0.9796,375488.9655515054
75,201935.6961014,0.0,0.98278,358882.5739546329
76,199406.4806999,0.0,0.98391,322902.0588280759
77,201095.7012053,0.0,0.98546,371798.656307756
78,205706.4424209,0.0,0.98765,476972.469754615
79,222427.8792818,0.0,0.99015,464978.96471242927
80,247180.0365783,0.0,0.99225,485275.6655530512
81,262415.3286229,0.0,0.99371,489888.5521077379
82,271932.1938747,0.01319,0.9935,432688.75882962166
83,278416.7698586,0.039835,0.99284,225108.86386871577
84,283821.3524046,0.047415,0.9932,100560.9268921722
85,285838.2632266,0.038888,0.9939,107022.34261721016
86,282782.8971759,0.031488,0.9946,104903.08830795846
87,279990.6064497,0.01869,0.99482,115499.35985421688
88,278126.0023946,0.0044696,0.99465,163182.58181237982
89,283147.5103451,0.0,0.99386,328484.4179340113
90,300847.4027993,0.0,0.99291,734321.6181557092
91,299767.4093614,0.0,0.99168,942008.5404623746
92,294953.5924566,0.0,0.98756,765050.8056398586
93,281296.7523596,0.0,0.97564,633657.0384662541
94,273252.1858544,0.0,0.95063,633657.0384662541
95,269292.2099155,0.0,0.89537,505442.1527565271
96,256387.6729397,0.0,0.77284,503322.8984472754
97,245984.6592261,0.0,0.68626,467295.5751899968
98,236135.4883011,0.0,0.58396,406896.8273763237
99,229480.1441241,0.0,0.45925,384644.65712918097
100,225792.4742229,0.0,0.41573,370869.5041190451
101,227089.3894197,0.0,0.39466,411135.3359948271
102,233721.6568139,0.0,0.44267,440804.8963243507
103,252852.3098054,0.0,0.5154,504382.5256019013
104,281499.8280488,0.0,0.55825,558423.5104878193
105,295244.3599207,0.0,0.59368,561602.3919516967
106,298996.6448138,0.038505,0.56689,470474.4566538743
107,301895.0887412,0.10504,0.52071,310470.756305372
108,305864.2953932,0.12442,0.53577,169540.34474013487
109,306865.8277694,0.10471,0.54674,96708.11957708649
110,305222.7608297,0.085151,0.56219,94793.10730823327
111,301142.7856199,0.052307,0.59634,104368.16865249928
112,298585.8780789,0.016081,0.60329,147455.94470169622
113,301673.5516257,0.0,0.61437,296826.90167224564
114,315150.3928164,0.0,0.67381,663551.7511576329
115,318348.8349209,0.0,0.74123,851222.9535052464
116,313221.1737692,0.0,0.82476,691319.4290560043
117,299015.1062401,0.0,0.89963,572588.668387106
118,285884.4167923,0.0,0.94793,572588.668387106
119,280784.4477801,0.0,0.96764,456730.4261214876
120,262627.6350253,0.0,0.97588,454815.4138526344
121,249206.1781134,0.0,0.97923,422260.2052821301
122,239144.7007861,0.0,0.96818,367682.3556198139
123,232249.3580674,0.0,0.96364,347574.7267968554
124,228247.8439193,0.0,0.96655,335127.1470493096
125,228732.4563594,0.0,0.95912,371512.3801575204
126,233227.8136606,0.0,0.9409,398322.5519214651
127,249533.8684301,0.0,0.90182,455772.91998706106
128,274466.0246328,0.0,0.84907,504605.7328428176
129,285898.2628621,0.0,0.77243,507478.2512460973
130,289996.6994981,0.065084,0.69315,425132.7236854099
131,294847.4392555,0.17832,0.64418,280549.2973869934
132,299712.0250825,0.22241,0.65718,153200.98150825582
133,299970.4850506,0.20579,0.71166,31502.16422312715
134,295973.5862591,0.16543,0.741,28876.98387119989
135,291344.3836172,0.10124,0.78431,29752.043988508973
136,289456.7027792,0.033614,0.84363,63004.3284462543
137,292567.4531088,0.0,0.89667,169761.662757963
138,307031.980606,0.0,0.94979,540787.1524970161
139,312219.6413931,0.0,0.97085,912687.7023533784
140,306639.6752973,0.0,0.9807,658045.2082164339
141,292188.9938699,0.0,0.98644,532911.6114412342
142,282561.3600604,0.0,0.99008,497034.14663156174
143,279565.9936451,0.0,0.99254,413028.3753698893
144,263587.6291923,0.0,0.99346,509284.98827388894
145,249510.7916472,0.0,0.99428,470782.3431122891
146,238558.5505015,0.0,0.99534,356149.46774479863
147,232106.2820136,0.0,0.9965,340398.38563323504
148,228478.6117479,0.0,0.99709,306271.0410581806
149,230952.4428706,0.0,0.99769,352649.2272755624
150,241156.9962516,0.0,0.99813,452406.0806487983
151,266139.9213767,0.0,0.99826,441030.29912378016
152,297625.8839119,0.0,0.99818,460281.6217045801
153,307655.0537432,0.0,0.99804,464656.9222911255
154,308287.3575936,0.00060963,0.99805,410403.195017962
155,310562.7283837,0.006088,0.99812,213514.66862341735
156,313235.0198389,0.0074218,0.99831,95381.55278669056
157,312976.5598709,0.0053112,0.99846,29371.87412408004
158,310087.3466567,0.0039527,0.99843,26924.217947073368
159,306081.2171521,0.0015335,0.99838,27740.103339408925
160,304941.2240788,0.0,0.99828,58743.74824816008
161,305795.0650446,0.0,0.9981,158281.766113098
162,320905.7424619,0.0,0.99796,504217.1724633741
163,324574.9509367,0.0,0.99793,850968.4642059855
164,320148.823984,0.0,0.99783,613545.8150363386
165,306182.7549967,0.0,0.99774,496874.203932354
166,294173.5971959,0.0,0.99771,463422.90284659615
167,286858.2570291,0.0,0.9976,385097.90518238273
168,269818.3605647,0.0,0.99748,474845.2983392939
169,255418.4480596,0.0,0.99739,438946.3410765295
170,245320.0478797,0.0,0.99752,332065.3546805716
171,238083.1687746,0.0,0.99789,317379.4176185315
172,233121.6604595,0.0,0.99814,285559.88731744484
173,234907.8034529,0.0,0.99854,328801.81311122933
174,243616.9813046,0.0,0.999,421812.7478374829
175,265604.5400143,0.0,0.99941,411206.2377371205
176,295710.5109345,0.0,0.99966,429155.7163685028
177,306058.1403692,0.0,0.9998,433235.1433301806
178,308236.5886713,0.01781,0.99986,382650.249005376
179,311079.6483197,0.050901,0.99987,199076.03572987585
180,313968.8615339,0.060377,0.99984,88931.50776457567
181,314162.7065099,0.050395,0.99976,30971.01084025057
182,308250.434741,0.040749,0.99963,28390.09327022969
183,303436.6178362,0.024728,0.99951,29250.399126903318
184,300302.7907238,0.0073169,0.99937,61942.02168050114
185,303062.7739539,0.0,0.99911,166899.33619468362
186,318958.0619884,0.0,0.99851,531669.0194243015
187,321094.9720813,0.0,0.99745,897299.008510593
188,313041.1748629,0.0,0.99587,646950.0042185675
189,296398.1990637,0.0,0.99444,523926.26671423885
190,286082.877125,0.0,0.99361,488653.7265906201
191,283433.6624525,0.0,0.99172,406064.3643499519
192,270256.819439,0.0,0.98884,500698.0085840509
193,260107.6503369,0.0,0.98624,462844.5508904113
194,250876.9371926,0.0,0.98548,350144.48366616614
195,244406.2072784,0.0,0.98655,334658.9782460408
196,239283.1614833,0.0,0.98977,301107.04983576946
197,237243.1738784,0.0,0.99201,346703.2602394717
198,235244.7244827,0.0,0.99339,444778.1279002652
199,232637.0480194,0.0,0.99312,433594.151763508
200,242656.9871376,0.0,0.9922,452520.88061032776
201,256646.1329078,0.0,0.98897,456822.4098936959
202,270976.8150643,0.069159,0.98065,403483.446779931
203,280678.294579,0.1797,0.97199,209914.62902836496
204,287061.3327182,0.21466,0.96335,93773.33837742536
205,288930.55213,0.18781,0.95627,99211.00567159556
206,284172.1195041,0.1522,0.9492,97246.431301861
207,276358.3208274,0.094903,0.94247,107069.3031505338
208,274096.7961071,0.033534,0.92632,151272.22646956154
209,277978.3109842,0.0,0.91662,304509.02730885765
210,291856.6881967,0.0,0.92451,680725.019113027
211,296762.8122329,0.0,0.94718,873253.3073470144
212,289281.3192295,0.0,0.96859,709211.3474741782
213,273852.1822087,0.0,0.98113,587407.7365506352
214,266292.2281436,0.0,0.98932,587407.7365506352
215,267418.3751472,0.0,0.99379,468550.9871816939
216,258759.9662178,0.0,0.99579,466586.41281195934
217,246049.2742181,0.0,0.99628,433188.6485264717
218,235383.1851798,0.0,0.99629,377198.27898903657
219,228875.5324131,0.0,0.99633,356570.24810682365
220,222030.9586166,0.0,0.99583,343800.51470354904
221,217558.6780982,0.0,0.99524,381127.42772850575
222,211129.4863932,0.0,0.99513,408631.4689047896
223,200574.1659127,0.0,0.99542,467568.69999682665
224,203860.299792,0.0,0.99524,517665.3464250579
225,215638.6897642,0.0,0.99536,520612.20797965984
226,229595.5280384,0.072382,0.99505,436135.5100810736
227,238826.2411827,0.18447,0.99442,287810.14516611386
228,251066.166812,0.22796,0.99288,157165.94957876523
229,251735.393515,0.2106,0.99092,99535.983780949
230,242818.5246176,0.1762,0.98967,97564.97420112824
231,236573.9471755,0.11512,0.9885,107420.02210023208
232,234847.8038175,0.044413,0.98409,151767.73764619947
233,239763.1585668,0.0,0.97846,305506.4848722197
234,261321.4891153,0.0,0.9732,682954.8194078977
235,272873.7266154,0.0,0.96894,876113.7582303333
236,271350.6589466,0.0,0.95932,711534.4583152987
237,261012.260225,0.0,0.95192,589331.8643664109
238,254583.06852,0.0,0.93421,589331.8643664109
239,258949.1958373,0.0,0.90943,470085.7847872542
240,248361.5678607,0.0,0.86199,468114.7752074334
241,237829.3241631,0.0,0.79485,434607.6123504803
242,228506.3038873,0.0,0.68538,378433.83932558825
243,224315.5601198,0.0,0.59208,357738.2387374702
244,222017.1125469,0.0,0.50701,344926.6764686352
245,224380.1751118,0.0,0.43518,382375.8584852298
246,234764.7273992,0.0,0.36519,409969.9926027206
247,263486.0913477,0.0,0.34052,469100.27999734384
248,292812.0670072,0.0,0.38449,519361.02428277343
249,305042.7619234,0.0,0.50811,522317.5386525048
250,308878.1232348,0.074326,0.64962,437564.1267202115
251,312902.7141657,0.17006,0.76382,288752.90344374307
252,317988.8371083,0.18191,0.87351,157680.7663856618
253,318602.6795323,0.13116,0.89541,31549.60117496961
254,316262.6937503,0.12365,0.91036,28920.467743722147
255,311587.3375427,0.092392,0.92456,29796.845554137966
256,308730.4318245,0.042049,0.93285,63099.20234993922
257,308531.9714919,0.0,0.94852,170017.2952206696
258,320642.6671372,0.0,0.96455,541601.4868369784
259,325461.0993986,0.0,0.98073,914062.0562637028
260,321842.659846,0.0,0.98954,659036.1134326985
261,308573.5097011,0.0,0.99261,533714.0865432359
262,296605.8901095,0.0,0.994,497782.5963161872
263,290615.1572788,0.0,0.99409,413650.32651626825
264,272550.6516554,0.0,0.99296,510051.8856620087
265,257873.8177559,0.0,0.98899,471491.2620037126
266,248186.184311,0.0,0.97863,356685.7688392398
267,242481.6035878,0.0,0.9611,340910.968251755
268,239790.8507062,0.0,0.93708,306732.2336455379
269,241392.3794368,0.0,0.9057,353180.2575975765
270,250480.0165274,0.0,0.8716,453087.3279849803
271,280784.4477801,0.0,0.84736,441694.4164495746
272,312016.5657039,0.0,0.85063,460974.7282787227
273,321759.5834277,0.0,0.87132,465356.6173308018
274,321787.2755671,0.076031,0.89753,411021.1930850208
275,323236.4975308,0.19581,0.92378,213836.18574146077
276,324118.0306361,0.25131,0.94872,95525.18133532464
277,325207.2547871,0.24616,0.954,28191.13495798441
278,322848.8075787,0.20346,0.95478,25841.873711485707
279,318833.447361,0.13178,0.95506,26624.96079365194
280,316918.0743835,0.051561,0.95434,56382.26991596882
281,318118.0670923,0.0,0.95222,151918.8939402493
282,332462.5953185,0.0,0.94683,483947.8167787324
283,337521.0261216,0.0,0.93765,816759.8266993816
284,333039.51489,0.0,0.9268,588881.4857890077
285,318118.0670923,0.0,0.92163,476900.03303923627
286,306118.1400047,0.0,0.9228,444793.4626704208
287,297215.117177,0.0,0.93281,369617.1027824623
288,279658.3007765,0.0,0.94648,455756.681820748
289,266347.6124224,0.0,0.9555,421300.8502054337
290,257592.281005,0.0,0.96096,318716.44244165707
291,250849.2450531,0.0,0.96759,304620.87496266485
292,246833.8848354,0.0,0.97131,274080.4787581818
293,249510.7916472,0.0,0.97032,315584.09411299217
294,258616.8901641,0.0,0.96457,404856.0214799429
295,286955.1795171,0.0,0.95566,394675.8894117818
296,318348.8349209,0.0,0.94793,411903.80521943886
297,328581.0804413,0.0,0.94044,415819.2406302701
298,328179.5444196,0.078986,0.92875,367267.8415359636
299,330750.2980303,0.17921,0.92272,191073.248048561
300,332693.3631471,0.1955,0.91626,85356.49195611947
301,331045.6808509,0.14795,0.89946,28124.088137021547
302,330224.147381,0.13245,0.8804,25780.414125603085
303,326628.7846113,0.094354,0.84715,26561.63879607591
304,324856.4876876,0.04193,0.84519,56248.17627404309
305,324708.7962773,0.0,0.83288,151557.58607172724
306,337534.8721913,0.0,0.81552,482796.8463522033
307,341499.4634868,0.0,0.78685,814817.331303152
308,335721.0370585,0.0,0.74896,587480.9521955613
309,318127.2978054,0.0,0.71534,475765.8243179479
310,304170.4595312,0.0,0.67863,443735.6128285622
311,296481.275482,0.0,0.6399,368738.04446317145
312,279436.7636611,0.0,0.58711,454672.7582151817
313,259318.424363,0.0,0.5171,420298.8727143776
314,249496.9455775,0.0,0.44995,317958.4408824381
315,242283.1432552,0.0,0.39156,303896.3968139273
316,239707.774288,0.0,0.34776,273428.63466548733
317,240473.9234789,0.0,0.30079,314833.5422005468
318,250064.6344359,0.0,0.23124,403893.1546344484
319,276575.2425863,0.0,0.18207,393737.2339183017
320,306358.1385464,0.0,0.14744,410924.1766687037
321,315971.9262862,0.0,0.11773,414830.30002106784
322,316581.1533537,0.081722,0.086684,366394.3704517529
323,319114.9841119,0.19784,0.056593,190618.8195953683
324,322318.0415729,0.24148,0.066865,85153.48908153747
325,322142.6580232,0.22345,0.079421,28156.804858225725
326,319701.1343965,0.18917,0.059228,25810.404453373583
327,314905.7789181,0.12726,0.042115,26592.53792165763
328,311633.4911084,0.053661,0.032621,56313.60971645145
329,310336.5759116,0.0,0.024503,151733.8928471053
330,323504.188212,0.0,0.022502,483358.4833995416
331,327750.3162584,0.0,0.026714,815765.207420262
332,322054.9662483,0.0,0.036999,588164.3681496041
333,306108.9092915,0.0,0.055015,476319.2821849852
334,291819.7653441,0.0,0.065307,444251.8099853393
335,284329.0416275,0.0,0.065417,369166.9970300706
336,266652.2259562,0.0,0.055026,455201.6785413159
337,252330.7745128,0.0,0.036812,420787.8059368178
338,242786.2171216,0.0,0.031955,318328.3215916075
339,237446.2495676,0.0,0.031005,304249.9191624946
340,235083.1870027,0.0,0.029617,273746.7138994168
341,237400.0960019,0.0,0.03406,315199.7877184713
342,246903.1151839,0.0,0.040213,404363.0031028528
343,272186.0384862,0.0,0.050632,394195.26801516017
344,302919.6979002,0.0,0.063647,411402.20431740925
345,313770.4012013,0.0,0.073919,415312.8716588295
346,315145.7774598,0.084359,0.072285,366820.59662521846
347,319096.5226856,0.20794,0.079528,190840.5662613077
348,322156.5040929,0.26362,0.10883,85252.54804296122
349,320033.4400697,0.25794,0.17342,29222.73236540369
350,315441.1602804,0.21806,0.22862,26787.50466828672
351,308356.5879422,0.14692,0.24602,27599.24723399238
352,304848.9169473,0.063073,0.27271,58445.46473080739
353,303962.7684855,0.00027026,0.29775,157478.05774689768
354,315459.6217067,0.0,0.31014,501656.9056060968
355,318639.6023849,0.0,0.30274,846647.4960310016
356,311421.1847061,0.0,0.28642,610430.409410655
357,294741.2860543,0.0,0.28736,494351.222514746
358,281707.5190945,0.0,0.28863,461069.7773208139
359,277558.3135362,0.0,0.28624,383142.4910130707
360,262807.6339316,0.0,0.28227,472434.1732406931
361,248915.4106494,0.0,0.28659,436717.50034964416
362,238309.3212466,0.0,0.28964,330379.2242422029
363,231524.7470855,0.0,0.2783,315767.85805950104
364,227154.0044117,0.0,0.26594,284109.8979969804
365,225178.6317988,0.0,0.25472,327132.2539793803
366,221320.1937045,0.0,0.23885,419670.90646982536
367,219044.8229144,0.0,0.21481,409118.2531156518
368,232909.3540572,0.0,0.20041,426976.58956117625
369,248555.4128368,0.0,0.16956,431035.30238970456
370,262687.6346607,0.091501,0.13897,380707.2633159537
371,270819.8929408,0.2314,0.1646,198065.18603218065
372,276658.3190046,0.31736,0.24502,88479.93966191674
373,275167.5588318,0.34265,0.27324,27985.61911991257
374,267962.9872227,0.2898,0.32255,25653.4841932532
375,262553.7893201,0.19659,0.41404,26430.86250213965
376,262036.869384,0.08639,0.51915,55971.23823982515
377,265189.1579228,0.002534,0.61358,150811.39192397334
378,281749.0573037,0.0,0.64783,480419.7948918326
379,290061.3144901,0.0,0.65273,810805.5761685782
380,283539.8156537,0.0,0.64911,584588.4882826183
381,266896.8398545,0.0,0.64836,473423.3901118544
382,260223.0342512,0.0,0.6751,441550.87944750953
383,261298.4123325,0.0,0.68763,366922.5617944093
384,250840.01434,0.0,0.7081,452434.17577192
385,239693.9282182,0.0,0.72421,418229.53018091567
386,228377.0739033,0.0,0.72728,316392.9717167894
387,219395.5900139,0.0,0.76893,302400.16215683304
388,215712.5354693,0.0,0.7869,272082.40811026114
389,212458.709086,0.0,0.79311,313283.4584812436
390,204811.0632459,0.0,0.79782,401904.58569430007
391,195340.3515598,0.0,0.80225,391798.667678776
392,197080.3409875,0.0,0.81419,408900.99047427817
393,208798.7313242,0.0,0.82665,412787.8820187105
394,224670.9425759,0.051356,0.83881,364590.4268677499
395,236167.7957971,0.10563,0.86092,189680.30736829637
396,248144.6461018,0.10694,0.8905,84734.23566862418
397,247941.5704127,0.06994,0.91655,26457.80232146184
398,239375.4686148,0.054844,0.93673,24252.985461340017
399,232443.2030434,0.032835,0.95126,24987.924414713954
400,229406.2984189,0.011109,0.9588,52915.60464292368
401,231090.9035677,0.0,0.96529,142578.15695454433
402,250276.9408382,0.0,0.9725,454192.2731850949
403,263241.4774494,0.0,0.97973,766541.3283690193
404,261381.4887508,0.0,0.98557,552674.0929372029
405,251615.3942441,0.0,0.98951,447577.82260472944
406,246284.6574033,0.0,0.99288,417445.3255163979
407,249127.7170517,0.0,0.99484,346891.18599249964
408,235489.338381,0.0,0.99521,427734.4708636331
409,223175.5670465,0.0,0.99371,395397.1569151797
410,214147.9295914,0.0,0.99037,299120.1540231935
411,209643.3415769,0.0,0.98429,285891.25286246266
412,209306.4205472,0.0,0.97188,257228.633680879
413,214175.6217308,0.0,0.9326,296180.3982096978
414,226747.8530333,0.0,0.82715,379963.4388943269
415,253793.8425462,0.0,0.62052,370409.2325004657
416,285381.342926,0.0,0.36018,386577.8894746924
417,298788.9537681,0.0,0.22249,390252.5842415621
418,302582.7768704,0.073828,0.19643,344686.36913237785
419,304968.9162182,0.1756,0.11004,179325.10462324135
420,310553.4976705,0.2285,0.1088,80108.34591775943
421,309251.9671172,0.2317,0.19864,25864.261530514577
422,307784.2837272,0.18315,0.15331,23708.9064029717
423,303035.0818145,0.11281,0.085065,24427.35811215266
424,300118.1764609,0.043162,0.12235,51728.52306102916
425,298645.8777144,0.00017489,0.33257,139379.63158110637
426,311245.8011563,0.0,0.5732,444003.1562738336
427,316941.1511664,0.0,0.69382,749345.132675742
428,311836.5667976,0.0,0.76668,540275.6853040825
429,296564.3519003,0.0,0.85104,437537.090891205
430,284222.8884264,0.0,0.91486,408080.57081478566
431,275758.324473,0.0,0.93142,339109.20673341345
432,254167.6864285,0.0,0.90007,418138.8947433191
433,237880.0930854,0.0,0.87802,386527.0195393568
434,229553.9898292,0.0,0.90783,292409.845636651
435,226350.9323681,0.0,0.92705,279477.7148713937
436,226410.9320036,0.0,0.93795,251458.09821333623
437,231252.4410478,0.0,0.94272,289536.0387999272
438,241756.992606,0.0,0.93711,371439.5336465567
439,270072.2051762,0.0,0.91877,362099.66142720415
440,301392.0148748,0.0,0.89093,377905.5990291853
441,313031.9441498,0.0,0.85347,381497.8575750901
442,312990.4059406,0.098843,0.81949,336953.8516058705
443,315311.9302964,0.2117,0.81067,175302.2170401544
444,317527.301451,0.24839,0.83933,78311.2363007247
445,315519.6213421,0.22112,0.85515,28654.61638531879
446,312727.330616,0.19697,0.86576,26266.73168654222
447,307955.0519204,0.14278,0.83231,27062.69325280108
448,306238.1392755,0.070014,0.76946,57309.23277063758
449,305282.7604651,0.0028785,0.69714,154416.54385421795
450,317130.3807858,0.0,0.6428,491904.2479479725
451,322470.3483398,0.0,0.65468,830187.9136079861
452,318321.1427814,0.0,0.71986,598563.0978266591
453,301535.0909285,0.0,0.78958,484740.59385164286
454,288459.7857596,0.0,0.87624,452106.1696350298
455,278799.8444541,0.0,0.95262,375693.8592741796
456,258206.1234291,0.0,0.98573,463249.63156265375
457,242827.7553307,0.0,0.99518,428227.3226472641
458,234732.4199032,0.0,0.99749,323956.35746735404
459,229230.9148692,0.0,0.99735,309629.04927469464
460,229304.7605743,0.0,0.99765,278586.5481905993
461,233061.660824,0.0,0.99831,320772.5112023187
462,242929.2931753,0.0,0.99845,411512.1297558282
463,270976.8150643,0.0,0.99845,401164.62939446303
464,303288.9264259,0.0,0.99851,418675.7838521578
465,313378.0958927,0.0,0.99853,422655.5916834521
466,313082.7130721,0.085616,0.9985,373305.9745754031
467,314107.3222311,0.15548,0.9984,194214.62216716068
468,315602.6977604,0.14604,0.99828,86759.81072221522
469,312404.2556559,0.080527,0.99817,32108.57042295061
470,309671.9645652,0.063467,0.99809,29432.85622103805
471,306048.9096561,0.03865,0.99795,30324.7609550089
472,304821.2248079,0.014077,0.99763,64217.14084590122
473,304816.6094513,0.0,0.99722,173029.51839034492
474,318385.7577735,0.0,0.99663,551197.1255939853
475,325954.9425518,0.0,0.99556,930256.6375315968
476,320508.8217966,0.0,0.99526,670712.3599460792
477,305001.2237142,0.0,0.99594,543169.9829882478
478,289170.5506717,0.0,0.99659,506601.8888954429
479,280341.3735492,0.0,0.99742,420979.0344342413
480,261575.3337268,0.0,0.99803,519088.5551710347
481,246847.7309051,0.0,0.9985,479844.74687631737
482,237977.0155734,0.0,0.99854,363005.226726136
483,233555.5039773,0.0,0.99823,346950.94151466066
484,232373.9726948,0.0,0.99786,312166.6568897976
485,234944.7263055,0.0,0.99718,359437.60779025254
486,244821.5893699,0.0,0.99596,461114.7474629295
487,271479.8889307,0.0,0.99369,449519.98592130846
488,304082.7677564,0.0,0.99015,469141.8900686671
489,313493.479807,0.0,0.9847,473601.4137385215
490,312321.1792376,0.10665,0.9822,418303.3202323287
491,312468.870648,0.20835,0.98227,217624.75508888744
492,317019.6122281,0.23085,0.98238,97217.61600282267
493,315907.3112942,0.18924,0.98236,31536.70811934949
494,314015.0150996,0.18514,0.98138,28908.649109403697
495,311038.1101106,0.14878,0.98149,29784.668779385625
496,308661.2014759,0.083322,0.98526,63073.41623869898
497,307031.980606,0.0045477,0.98561,169947.8159764945
498,318658.0638112,0.0,0.98665,541380.1560488329
499,324113.4152795,0.0,0.98868,913688.5157911532
500,320227.2850457,0.0,0.99067,658766.7918264116
501,304701.225537,0.0,0.99306,533495.9790189955
502,290329.0051713,0.0,0.99535,497579.17254973645
503,280945.9852601,0.0,0.99681,413481.2842314711
504,261344.5658982,0.0,0.99708,509843.4479294834
505,244996.9729196,0.0,0.99617,471298.5824502785
506,236486.2554006,0.0,0.99308,356540.00568264566
507,229895.5262156,0.0,0.98659,340771.6516229709
508,229549.3744726,0.0,0.97334,306606.88449367566
509,232152.4355793,0.0,0.94664,353035.9270027179
510,242006.2218609,0.0,0.90225,452902.169380658
511,269052.2113737,0.0,0.82645,441513.9136708929
512,301202.7852553,0.0,0.73384,460786.3464104953
513,313415.0187452,0.0,0.63605,465166.444760405
514,313876.5544025,0.11259,0.54335,410853.2252215253
515,314388.858982,0.26216,0.6225,213748.799475591
516,315791.9273799,0.36644,0.66641,95486.1440280304
517,307239.6716517,0.4109,0.60637,27656.145718467204
518,302324.3169024,0.33065,0.56103,25351.46690859494
519,299162.7976504,0.21205,0.47328,26119.69317855236
520,296416.66049,0.089959,0.42288,55312.29143693441
521,295821.2794922,0.0064264,0.40352,149035.89637173995
522,310936.572266,0.0,0.36031,474763.8348336871
523,315958.0802165,0.0,0.3432,801259.9995655917
524,309390.4278143,0.0,0.33227,577706.1550079816
525,293338.2176564,0.0,0.3106,467849.7984040703
526,278702.9219661,0.0,0.2786,436352.521335816
527,273866.0282785,0.0,0.26708,362602.7994199034
528,257139.976061,0.0,0.29595,447107.6891152199
529,241895.4533032,0.0,0.35447,413305.7332370933
530,232410.8955474,0.0,0.42871,312668.0918726709
531,225621.7060297,0.0,0.49802,298840.0190134373
532,222354.0335767,0.0,0.5205,268879.1944850979
533,220997.1187444,0.0,0.53696,309595.18679284124
534,218001.7523291,0.0,0.53922,397172.9815679875
535,216178.6864831,0.0,0.52435,387186.0400585409
536,230527.8300659,0.0,0.49554,404087.0179976042
537,248749.2578128,0.0,0.44619,407928.14934739127
538,262544.558607,0.11674,0.40498,360298.1206100311
539,270362.9726402,0.2322,0.54257,187447.20986961108
540,275204.4816844,0.27641,0.81155,83736.66342535905
541,272536.8055857,0.25711,0.92783,25451.13005203536
542,263541.4756266,0.2089,0.9625,23330.20254769908
543,256756.9014655,0.13572,0.96839,24037.178382477832
544,255275.3720058,0.058979,0.96324,50902.26010407072
545,256766.1321786,0.0035054,0.95253,137153.31194707943
546,273081.4176612,0.0,0.95459,436911.0658932736
547,281259.8295071,0.0,0.96195,737375.7956742465
548,274733.715314,0.0,0.96279,531645.8277536274
549,259203.0404487,0.0,0.95805,430548.2833802648
550,249612.3294918,0.0,0.9366,401562.27415433567
551,250216.9412027,0.0,0.9106,333692.5940155746
552,238890.8561747,0.0,0.86504,411459.9358412383
553,225229.4007211,0.0,0.81083,380352.99911097286
554,215191.0001767,0.0,0.78969,287739.16475495533
555,208291.0421013,0.0,0.79305,275013.5997289376
556,204691.063975,0.0,0.78944,247441.542172566
557,202946.4591907,0.0,0.74833,284911.26141584024
558,197449.5695133,0.0,0.7237,365506.5065806189
559,189681.9244024,0.0,0.73519,356315.820728495
560,193821.8992476,0.0,0.75967,371869.28909362777
561,205757.2113432,0.00032073,0.75674,375404.1682675216
562,219801.7413923,0.12204,0.75671,331571.6665112384
563,231017.0578626,0.22346,0.80033,172502.10368601742
564,242509.2957272,0.24054,0.80029,77060.36599088483
565,242546.2185798,0.19069,0.79045,24260.519950580016
566,234040.1164173,0.16941,0.74929,22238.809954698347
567,227357.0801009,0.12409,0.62488,22912.7132866589
568,225778.6281532,0.064456,0.59529,48521.03990116003
569,228847.8402737,0.004994,0.5899,130737.24640034784
570,248103.1078927,0.0,0.54146,416472.2591516236
571,262198.4068641,0.0,0.4619,702881.1752348599
572,261663.0255017,0.0,0.37984,506775.3056343381
573,252547.6962717,0.0,0.3208,410407.1291639786
574,246160.0427758,0.0,0.34221,382777.09255359584
575,248670.7967511,0.0,0.41383,318082.37268538243
576,237977.0155734,0.0,0.48859,392211.7392010436
577,224024.7926558,0.0,0.54042,362559.9925947791
578,215084.8469755,0.0,0.57731,274278.6561079463
579,211235.6395943,0.0,0.57927,262148.3961326562
580,209758.7254912,0.0,0.52953,235866.1661861946
581,215417.1526487,0.0,0.49879,271583.0427801041
582,227684.7704175,0.0,0.49436,348408.0226236074
583,254979.9891852,0.0,0.4836,339647.27930812025
584,283978.274528,0.0,0.47116,354473.15261125244
585,294935.1310303,0.00027803,0.38892,357842.6692710552
586,299208.9512162,0.11435,0.38261,316060.6626895008
587,304798.148025,0.25583,0.51549,164432.41299837566
588,310405.8062602,0.35596,0.56004,73455.4631837006
589,309284.2746132,0.40084,0.59285,23872.78064698418
590,306976.5963271,0.31861,0.61685,21883.3822597355
591,301664.3209125,0.20156,0.58826,22546.51505548506
592,298655.1084275,0.085011,0.57727,47745.56129396836
593,295327.436339,0.0078999,0.62733,128647.76237541476
594,308370.4340119,0.0,0.63174,409816.06777322845
595,316451.9233697,0.0,0.62305,691647.5059667917
596,312127.3342616,0.0,0.6021,498675.8624036696
597,298433.571312,0.0,0.58387,403847.87261148245
598,286253.6453181,0.0,0.60978,376659.4279857504
599,278610.6148346,0.0,0.63836,312998.6795937926
600,259876.8825083,0.0,0.63287,385943.2871262443
601,245343.1246626,0.0,0.64915,356765.4441132636
602,235780.105845,0.0,0.68347,269895.04787007114
603,231778.591697,0.0,0.69271,257958.65754657905
604,230661.6754065,0.0,0.65726,232096.47851234625
605,233837.0407282,0.0,0.59157,267242.51668707293
606,245181.5871825,0.0,0.54967,342839.6554025228
607,273755.2597207,0.0,0.52746,334218.92905777856
608,304544.3034136,0.0,0.47002,348807.8505642688
609,313895.0158288,0.00090956,0.3337,352123.5145430167
610,315459.6217067,0.13152,0.23876,311009.2812065439
611,318588.8334626,0.25851,0.21154,161804.40216289277
612,320633.4364241,0.31893,0.19134,72281.47473670209
613,318639.6023849,0.31593,0.19374,25933.28305198679
614,318150.3745883,0.2622,0.19313,23772.17613098789
615,315238.0845912,0.17744,0.14044,24492.54510465419
616,311859.6435804,0.084356,0.11048,51866.56610397358
617,309376.5817446,0.0082402,0.1157,139751.58089126216
618,325341.1001277,0.0,0.070239,445188.0257257733
619,331899.5218167,0.0,0.037115,751344.8395339507
620,326845.7063702,0.0,0.023834,541717.4681970574
621,312436.5631519,0.0,0.01433,438704.7049627765
622,299832.0243534,0.0,0.0063603,409169.5770424583
623,294408.9803811,0.0,0.0,340014.1555704935
624,280230.6049915,0.0,0.0,419254.7426737865
625,268466.061089,0.0,0.0,387558.5078324693
626,259272.2707973,0.0,0.0,293190.172282184
627,253124.6158432,0.0,0.0078852,280223.5307561906
628,246820.0387656,0.0,0.0093819,252129.14078320496
629,246395.425961,0.0,0.011306,290308.6963875188
630,255561.5241133,0.0,0.013868,372430.759385477
631,282607.5136261,0.0,0.016044,363065.9627278151
632,314388.858982,0.0,0.017579,378914.0801484737
633,322608.809037,0.0,0.017956,382515.9250168052
634,323490.3421423,0.072897,0.016472,337853.04864949454
635,326227.2485895,0.14703,0.015605,175770.02957457717
636,330044.1484747,0.18543,0.025114,78520.21812962666
637,328982.6164631,0.18826,0.035222,25518.09337293817
638,328904.1554014,0.15363,0.034437,23391.585591859985
639,327039.5513462,0.10141,0.031409,24100.421518886043
640,325631.8675917,0.046302,0.024686,51036.18674587634
641,326231.8639461,0.0039459,0.021278,137514.1698430557
642,345944.0518658,0.0,0.019525,438060.60290210525
643,354570.1532991,0.0,0.019196,739315.871888181
644,348214.8072993,0.0,0.018571,533044.6171235973
645,330944.1430063,0.0,0.017661,431681.0795588707
646,317624.2239391,0.0,0.013528,402618.8065508022
647,310908.8801266,0.0,0.0098721,334570.5575563005
648,295590.5116636,0.0,0.0081141,412542.50952916703
649,280198.2974955,0.0,0.0083792,381353.7287400204
650,270916.8154289,0.0,0.01062,288496.2222996065
651,262798.4032184,0.0,0.01359,275737.1756131374
652,257873.8177559,0.0,0.019258,248092.57445912116
653,256018.4444139,0.0,0.025923,285660.8785915023
654,262789.1725053,0.0,0.029036,366468.17427247314
655,287338.2541126,0.0,0.024058,357253.3072211344
656,316521.1537183,0.0,0.016066,372847.6976157077
657,325502.6376077,0.0019241,0.012451,376391.877250838
658,327371.8570194,0.11252,0.009451,332444.0497752222
659,331793.3686156,0.19273,0.0071942,172955.9661943587
660,337557.9489742,0.20284,0.0073419,77263.11604584056
661,337917.9467868,0.15859,0.0096857,24147.280314088108
662,335121.0407041,0.16008,0.01168,22135.006954580764
663,330242.6088073,0.13537,0.013427,22805.76474108321
664,326236.4793027,0.085105,0.019871,48294.560628176216
665,320254.9771852,0.0099926,0.038788,130127.0105814748
666,330699.529108,0.0,0.059085,414528.31205851247
667,337613.333253,0.0,0.065536,699600.3713220528
668,329434.9214072,0.0,0.055114,504409.8554498405
669,313018.09808,0.0,0.038575,408491.4919799905
670,297935.1128022,0.0,0.026531,380990.4227333902
671,290199.7751873,0.0,0.01888,316597.6752291552
672,272901.4187549,0.0,0.013647,390381.0317444244
673,258524.5830326,0.0,0.0099863,360867.6891383167
674,246621.578433,0.0,0.0073218,272998.4191064961
675,239453.9296765,0.0,0.0,260924.77894945204
676,237649.3252568,0.0,0.0,234765.22527585665
677,238147.7837666,0.0,0.0,270315.3879604863
678,247295.4204926,0.0,0.0,346781.7756217653
679,270746.0472357,0.0,0.0,338061.9243972335
680,300496.6356998,0.0,0.0,352818.5957002873
681,310922.7261963,0.0049051,0.0066516,356172.3846327996
682,314481.1661134,0.092725,0.009744,314585.40186964785
683,316267.3091068,0.17906,0.011895,163664.8999065972
684,317827.2996282,0.22384,0.015142,73112.59872876677
685,315981.1569994,0.22723,0.02137,22960.349369531545
686,310031.9623779,0.18632,0.02972,21046.986922070584
687,304110.4598958,0.12466,0.033554,21684.774404557567
688,300575.0967615,0.05909,0.051754,45920.69873906309
689,298595.1087921,0.0068946,0.10493,123730.77160247556
690,314610.3960974,0.0,0.17512,394152.6641769583
691,319678.0576137,0.0,0.24123,665212.3442339279
692,312228.8721062,0.0,0.27587,479616.1868302145
693,293707.4461821,0.0,0.28748,388412.5768345754
694,282515.2064947,0.0,0.23545,362263.2900526089
695,279155.2269101,0.0,0.16923,301035.6917338581
696,266393.7659881,0.0,0.14274,371192.31480742665
697,253327.6915324,0.0,0.1411,343129.66557799926
698,245020.0497025,0.0,0.15028,259579.50537220383
699,239398.5453976,0.0,0.17212,248099.33068743808
700,237404.7113584,0.0,0.17803,223225.6188704456
701,236527.7936097,0.0,0.17734,257028.355442256
702,231109.364994,0.0,0.17161,329736.12844577245
703,226207.8563144,0.0,0.15902,321444.89117344166
704,236970.8678407,0.0,0.15215,335476.2157881554
705,252021.5456225,0.0082015,0.14196,338665.15320059034
706,268156.8321987,0.15177,0.13472,299122.3292863971
707,273732.1829379,0.24388,0.14259,155620.14572682494
708,277678.3128071,0.24305,0.17271,69518.83559108163
709,276275.2444091,0.17315,0.23283,22741.582298750716
710,267667.6044021,0.19504,0.31592,20846.45044052149
711,261224.5666273,0.182,0.40845,21478.16105993123
712,256586.1332723,0.12705,0.47659,45483.16459750143
713,254712.298504,0.018871,0.52108,122551.86016548998
714,270630.6633214,0.0,0.54901,390397.1627952207
715,283124.4335622,0.0,0.59913,658874.1760443611
716,275038.3288478,0.0,0.66041,475046.3857961261
717,258833.811923,0.0,0.71034,384711.7672205329
718,248850.7956574,0.0,0.72085,358811.6318247335
719,252815.3869529,0.0,0.68153,298167.4123613983
720,243464.6745377,0.0,0.63303,367655.5804964699
721,232355.5112685,0.0,0.60579,339860.3132424413
722,222820.1845904,0.0,0.60688,257106.22209976503
723,215915.6111585,0.0,0.61024,245735.43095038965
724,210321.798993,0.0,0.61096,221098.71679340972
725,205674.1349249,0.0,0.63018,254579.3796221261
726,201303.3922511,0.0,0.69459,326594.3902348367
727,194214.2045562,0.0,0.78286,318382.15218251006
728,197094.1870573,0.0,0.87492,332279.7858095244
729,208194.1196133,0.0075359,0.92146,335438.33890657313
730,223018.644923,0.090774,0.94808,296272.28050316905
731,233509.3504115,0.13736,0.96416,154137.3911359771
732,245703.1224752,0.12269,0.97528,68856.45751566188
733,245015.4343459,0.065891,0.97977,23309.045581541544
734,237104.7131813,0.053691,0.98161,21366.625116413084
735,229290.9145046,0.035276,0.98008,22014.09860478924
736,226992.4669317,0.015884,0.97177,46618.09116308309
737,228201.6903536,0.00028619,0.94985,125609.85674497388
738,248306.1835819,0.0,0.93276,400138.6158164632
739,267261.4530237,0.0,0.93104,675314.8483763287
740,264690.699413,0.0,0.93304,486900.0632588678
741,256369.2115134,0.0,0.93906,394311.3544210778
742,250627.7079377,0.0,0.95022,367764.94139765546
743,256355.3654437,0.0,0.96573,305607.4865135447
744,244466.2069138,0.0,0.97942,376829.5702349217
745,242753.9096256,0.0,0.98686,348340.73674637085
746,235715.490853,0.0,0.98693,263521.7097690947
747,234210.8846105,0.0,0.98256,251867.18697832388
748,232244.7427108,0.0,0.97341,226615.7209316539
749,236403.1789823,0.0,0.95742,260931.8158155901
750,244203.1315892,0.0,0.93298,334743.79349047167
751,272993.7258863,0.0,0.89732,326326.6381415816
752,305093.5308457,0.0,0.86126,340571.054885857
753,316128.8484097,0.010902,0.79369,343808.4223277378
754,320504.2064401,0.12502,0.72486,303665.0660484162
755,324939.5641059,0.2122,0.78548,157983.5311637816
756,327367.2416629,0.23938,0.85623,70574.61023300079
757,326471.8624879,0.21566,0.85352,22673.938224855763
758,325678.0211575,0.20524,0.79117,20784.443372784448
759,322262.6572941,0.16615,0.72938,21414.27499014155
760,319064.2151896,0.10327,0.71853,45347.876449711526
761,313318.0962572,0.017041,0.71877,122187.3337672783
762,324764.1805562,0.0,0.6726,389235.9395266906
763,334714.8893257,0.0,0.63641,656914.3769034599
764,326933.3981451,0.0,0.61022,473633.3762525426
765,311804.2593016,0.0,0.61461,383567.4549704767
766,299739.717222,0.0,0.6464,357744.35865883547
767,291741.3042824,0.0,0.70355,297280.52339255327
768,277189.0850104,0.0,0.74149,366562.0013018349
769,267792.2190295,0.0,0.74369,338849.4101381223
770,262895.3257065,0.0,0.72499,256341.46826434156
771,257255.3599753,0.0,0.69375,245004.49915191365
772,252183.0831025,0.0,0.66858,220441.0660749866
773,253738.4582673,0.0,0.71115,253822.14179491316
774,261718.4097806,0.0,0.78794,325622.9461736231
775,283733.6606297,0.0,0.84225,317435.1351479807
776,313678.0940699,0.0,0.86282,331291.430729837
777,325733.4054363,0.015123,0.84316,334440.5888166225
778,328128.7754973,0.17268,0.79507,295391.028540482
779,332277.9810556,0.25423,0.78963,153678.91463513352
780,337654.8714622,0.23572,0.86378,68651.6462919244
781,339011.7862944,0.14651,0.8781,22425.68945275202
782,341601.0013314,0.18549,0.86207,20556.88199835602
783,340396.3932661,0.18926,0.83731,21179.81781648802
784,338716.4034738,0.1448,0.85284,44851.37890550404
785,335748.7291979,0.026179,0.86073,120849.54871760812
786,345187.133388,0.0,0.8585,384974.3356055763
787,352391.7049971,0.0,0.86204,649722.0583116766
788,343617.9121534,0.0,0.866,468447.7352352644
789,324750.3344865,0.0,0.85806,379367.91324238834
790,307128.903094,0.0,0.83206,353827.5446989764
791,296199.7387311,0.0,0.81018,294025.70615830424
792,280156.7592863,0.0,0.78776,362548.64615282434
793,265858.3846258,0.0,0.75611,335139.4701550163
794,254393.8389005,0.0,0.72315,253534.87797972423
795,247540.0343909,0.0,0.69888,242322.0332533482
796,251407.7031984,0.0,0.67874,218027.5363462002
797,256055.3672665,0.0,0.65061,251043.13470719627
798,259784.5753768,0.0,0.58286,322057.8179742443
799,282552.1293473,0.0,0.49443,313959.65233852825
800,316345.7701686,0.0,0.40681,327664.24033743225
801,328433.389031,0.019753,0.31904,330778.9194280923
802,330796.451596,0.18123,0.24236,292156.89870390826
803,335748.7291979,0.28346,0.13821,151996.33962420817
804,340396.3932661,0.29684,0.073024,67900.00417638807
805,339441.0144556,0.24114,0.040785,22271.35169836519
806,337493.3339822,0.25536,0.024732,20415.405723501422
807,332614.9020854,0.23084,0.020094,21034.054381789345
808,330062.609901,0.16309,0.022274,44542.70339673038
809,326933.3981451,0.032307,0.029868,120017.83970785688
810,336394.879118,0.0,0.036648,382324.8708219358
811,347873.2709129,0.0,0.034023,645250.5505943026
812,337059.4904644,0.0,0.022889,465223.7910325173
813,315505.7752724,0.0,0.015246,376757.0328973445
814,298742.8002024,0.0,0.015589,351392.4379075397
815,288210.5565047,0.0,0.019045,292002.1667118992
816,269190.6720709,0.0,0.021908,360053.5191235706
817,255044.6041772,0.0,0.022479,332832.978158902
818,250960.0136109,0.0,0.021658,251790.00392318427
819,249192.3320437,0.0,0.021813,240654.3280740016
820,247055.4219508,0.0,0.022115,216527.0304007727
821,246330.810969,0.0,0.022573,249315.40929003252
822,253673.8432753,0.0,0.02053,319841.35633485566
823,277636.7745979,0.0,0.016579,311798.9237771127
824,307871.9755021,0.0,0.015174,325409.194259447
825,316078.0794874,0.021348,0.014956,328502.4375508866
826,316581.1533537,0.18544,0.018074,290146.22073703544
827,318090.3749528,0.28811,0.024037,150950.272622253
828,319336.5212273,0.30358,0.033897,67432.7037533835
829,316539.6151446,0.25083,0.049303,22416.866583593863
830,313691.9401396,0.22878,0.062996,20548.79436829437
831,309228.8903343,0.17831,0.063393,21171.485106727538
832,307068.9034585,0.1085,0.063624,44833.733167187725
833,303690.4624477,0.021063,0.090907,120802.00325603358
834,315902.6959376,0.0,0.12707,384822.8763516946
835,330279.5316599,0.0,0.17631,649466.4401857888
836,323287.2664531,0.0,0.23933,468263.4353017384
837,306985.8270402,0.0,0.29941,379218.6597057962
838,292950.5277043,0.0,0.30928,353688.3394300365
839,283885.9673966,0.0,0.31367,293910.0285404529
840,264953.7747376,0.0,0.31615,362406.0097681008
841,251781.5470807,0.0,0.32815,335007.6172770416
842,246409.2720307,0.0,0.3465,253435.13054229727
843,243963.1330475,0.0,0.35013,242226.69725050032
844,244867.7429356,0.0,0.34777,217941.758451607
845,250115.4033582,0.0,0.35842,250944.36758856464
846,256586.1332723,0.0,0.39132,321931.1117699452
847,278832.1519501,0.0,0.44504,313836.1321703141
848,309930.4245333,0.0,0.48987,327535.32841584366
849,318607.2948889,0.023287,0.4427,330648.7821080094
850,317850.3764111,0.1908,0.42267,292041.9563251533
851,321708.8145054,0.33755,0.52629,151936.5401776917
852,323407.265724,0.42508,0.5504,67873.29048921475
853,321782.6602106,0.45064,0.53854,23844.994454235235
854,314919.6249878,0.3687,0.49887,21857.911583048965
855,307908.8983547,0.25054,0.44339,22520.27254011105
856,303215.0807208,0.12627,0.4549,47689.98890847047
857,301045.8631319,0.025977,0.52876,128498.02567004543
858,314878.0867786,0.0,0.57437,409339.0714643716
859,322973.4222062,0.0,0.58519,690842.4782157599
860,313705.7862093,0.0,0.5665,498095.4397106916
861,295461.2816796,0.0,0.53071,403377.8228508128
862,280253.6817743,0.0,0.51686,376221.0236112671
863,274512.1781986,0.0,0.46983,312634.3717333063
864,258247.6616383,0.0,0.40783,385494.07701013633
865,243783.1341412,0.0,0.36922,356350.1948994043
866,234709.3431203,0.0,0.35799,269580.90952427057
867,227518.6175809,0.0,0.34735,257658.4122971529
868,225649.3981692,0.0,0.29147,231826.33497173147
869,224010.9465861,0.0,0.24805,266931.4656960222
870,222404.8024989,0.0,0.22789,342440.6148011004
871,217558.6780982,0.0,0.23205,333829.92235929327
872,227777.0775489,0.0,0.22072,348401.86341465934
873,243150.8302908,0.029238,0.13482,351713.66819996975
874,259203.0404487,0.20231,0.11406,310647.2888621201
875,267542.9897746,0.3653,0.11606,161616.07352314994
876,272204.4999125,0.47523,0.087782,72197.3443197678
877,268724.5210571,0.52337,0.076376,24908.472996194312
878,261473.7958822,0.46465,0.078945,22832.76691317812
879,255575.370183,0.35472,0.088339,23524.668940850188
880,253383.0758112,0.21371,0.13002,49816.945992388624
881,254426.1463965,0.049709,0.22681,134228.99336838047
882,268489.1378719,0.0,0.30367,427595.4531013357
883,280992.1388259,0.0,0.30977,721653.8148619632
884,272495.2673765,0.0,0.28166,520310.32480939233
885,255399.9866333,0.0,0.25736,421368.3348522872
886,245583.1232043,0.0,0.23734,393000.35171773256
887,247660.0336618,0.0,0.20423,326577.7570612144
888,236001.6429605,0.0,0.16083,402686.9801051415
889,221740.1911526,0.0,0.13104,372243.2908875706
890,213178.7047112,0.0,0.11971,281604.1252625302
891,209144.8830671,0.0,0.11041,269149.888764433
892,209620.2647941,0.0,0.10955,242165.7096852225
893,208420.2720853,0.0,0.10839,278836.5171518419
894,203541.8401886,0.0,0.10683,357713.3483064572
895,191601.9127364,0.0,0.10981,348718.6219467204
896,194721.8937792,0.0,0.10129,363940.4665555059
897,204667.9871922,0.03196,0.066631,367399.9766938661
898,218426.3651337,0.21001,0.059866,324502.0509781982
899,230873.9818088,0.37388,0.055309,168824.0947519837
900,243944.6716212,0.48347,0.051599,75417.321016255
901,242601.6028587,0.53115,0.042214,26004.14023710531
902,232632.4326628,0.46885,0.032306,23837.12855067986
903,226037.0881212,0.35631,0.027702,24559.465779488342
904,223946.331594,0.21436,0.055438,52008.28047421062
905,225787.8588663,0.051394,0.13255,140133.42238884524
906,241747.7618928,0.0,0.17986,446404.4074036411
907,261999.9465315,0.0,0.1646,753397.7296472455
908,259369.1932853,0.0,0.12955,543197.5960639775
909,250433.8629616,0.0,0.098186,439903.3723443648
910,244803.1279436,0.0,0.079143,410287.5459632171
911,250004.6348004,0.0,0.062696,340943.17199760285
912,239112.3932901,0.0,0.045306,420400.2671665358
913,235443.1848153,0.0,0.030371,388617.4290989626
914,230500.1379265,0.0,0.021185,293991.25212505163
915,227804.7696884,0.0,0.01552,280989.182006499
916,227154.0044117,0.0,0.013464,252818.03008296827
917,227818.6157581,0.0,0.013462,291101.90320981777
918,237797.0166671,0.0,0.016698,373448.3472939845
919,269453.7473955,0.0,0.024059,364057.9633194743
920,303828.9231449,0.0,0.032372,379949.3823532609
921,315787.3120233,0.036977,0.022754,383561.0684973032
922,319567.2890559,0.21442,0.022034,338776.16031117743
923,323836.4938852,0.37718,0.022997,176250.28382926932
924,327334.9341669,0.48653,0.021713,78734.7579401244
925,325525.7143906,0.53418,0.019708,30603.23981962251
926,323070.3446942,0.4816,0.016741,28052.969834653974
927,317384.2253973,0.37644,0.012638,28903.059829643484
928,313895.0158288,0.23584,0.011193,61206.47963924502
929,308379.664725,0.060186,0.021514,164917.4590279658
930,317162.6882818,0.0,0.052125,525355.6169035198
931,330865.6819446,0.0,0.096376,886643.8647740635
932,324976.4869585,0.0,0.12491,639267.6762321148
933,309598.1188601,0.0,0.12925,517704.8069486142
934,295341.2824087,0.0,0.12705,482851.1171540441
935,288464.4011162,0.0,0.11856,401242.4776350508
936,270907.5847157,0.0,0.10543,494752.37708389736
937,260481.4942192,0.0,0.095273,457348.4173043587
938,254864.6052709,0.0,0.091407,345986.6279607323
939,253253.8458272,0.0,0.093878,330685.0080509211
940,250650.7847205,0.0,0.10451,297531.49824633007
941,250512.3240234,0.0,0.11362,342586.26798077434
942,257319.9749673,0.0,0.1093,439496.5274095789
943,280142.9132166,0.0,0.10938,428445.3574747152
944,310018.1163081,0.0,0.11368,447147.33736448456
945,320481.1296572,0.031264,0.12125,451397.7873394321
946,323181.1132519,0.1565,0.13302,398692.2076500822
947,321630.3534437,0.2481,0.17571,207421.95877744156
948,321247.2788482,0.28677,0.26911,92659.80945385704
949,326019.5575438,0.27784,0.35756,32495.75077805504
950,325202.6394305,0.25836,0.42117,29787.77154655045
951,322068.812318,0.20852,0.53611,30690.431290385317
952,319913.4407988,0.13508,0.69058,64991.50155611008
953,314268.8597111,0.033622,0.81231,175115.99030396328
954,322673.424029,0.0,0.87079,557843.721689945
955,333639.5112444,0.0,0.89939,941474.1128197614
956,326573.4003325,0.0,0.91743,678800.1273638165
957,312778.0995383,0.0,0.9332,549719.7839954311
958,301987.3958726,0.0,0.93773,512710.73449820175
959,293070.5269752,0.0,0.93969,426055.39909005497
960,277359.8532036,0.0,0.94691,525347.9709118899
961,266513.765259,0.0,0.95688,485630.9421831559
962,258815.3504967,0.0,0.96785,367382.5157407889
963,255123.0652389,0.0,0.97785,351134.64035176137
964,252653.8494728,0.0,0.9858,315930.9103422018
965,254827.6824183,0.0,0.99006,363771.87676544953
966,261127.6441393,0.0,0.99175,466675.0875626238
967,282838.2814547,0.0,0.99347,454940.5108927706
968,310756.5733597,0.0,0.995,474799.0252571376
969,319488.8279942,0.017909,0.99586,479312.32397631183
970,321981.1205432,0.045648,0.99554,423347.4198585504
971,326619.5538982,0.086244,0.99455,220248.9774957064
972,330644.1448291,0.11768,0.99318,98389.91207799998
973,330127.224893,0.13498,0.99055,30778.69532083026
974,327699.5473361,0.10871,0.98271,28213.80404409441
975,324441.1055961,0.072472,0.96373,29068.767803006354
976,323328.8046622,0.035766,0.92168,61557.39064166052
977,317476.5325287,0.0073165,0.86295,165862.96922891864
978,324921.1026796,0.0,0.8013,528367.6030075861
979,337507.1800519,0.0,0.71869,891727.2005451656
980,332213.3660636,0.0,0.63499,642932.7467017878
981,316488.8462223,0.0,0.53098,520672.9291773786
982,305028.9158536,0.0,0.42929,485619.4150619886
983,298013.573864,0.0,0.33365,403542.8942064412
984,281910.5947837,0.0,0.2396,497588.90768675593
985,270690.6629568,0.0,0.18913,459970.5022946301
986,263850.7045169,0.0,0.13279,347970.2498771643
987,257389.2053159,0.0,0.10046,332580.90221674915
988,258801.504427,0.0,0.094549,299237.3156191831
989,259747.6525242,0.0,0.087781,344550.39484151657
990,264455.3162278,0.0,0.066732,442016.263357479
991,287259.7930509,0.0,0.043741,430901.7344916237
992,313258.0966218,0.0,0.025249,449710.93718768656
993,322138.0426666,0.038574,0.012613,453985.7559822464
994,326167.2489541,0.16682,0.0070121,400978.0029297053
995,332407.2110397,0.26246,0.0,208611.15717451624
996,336210.2648551,0.30676,0.0,93191.04972140271
997,335236.4246184,0.30225,0.0,32408.60693060371
998,333685.6648101,0.24942,0.0,29707.88968638673
999,329014.9239591,0.17473,0.0,30608.128767792397
1000,324496.489875,0.094871,0.0,64817.21386120742
1001,315921.1573639,0.024269,0.0,174646.3817926978
1002,322414.9640609,0.0,0.0,556347.7523086971
1003,335914.8820345,0.0,0.010554,938949.361906102
1004,330994.9119286,0.0,0.018655,676979.7892170554
1005,315030.3935455,0.0,0.032878,548245.6005760462
1006,302088.9337172,0.0,0.065981,511335.79823841417
1007,296933.5804261,0.0,0.10767,424912.8464234709
1008,287476.7148097,0.0,0.11567,523939.14537809335
1009,273999.8736191,0.0,0.13067,484328.6257962444
1010,264270.701965,0.0,0.15051,366397.3061321031
1011,261404.5655336,0.0,0.19231,350193.0026668012
1012,257795.3566942,0.0,0.32727,315083.67849198054
1013,257536.8967262,0.0,0.49564,362796.34980648046
1014,261146.1055656,0.0,0.71932,465423.6050867256
1015,281204.4452282,0.0,0.94118,453720.497028452
1016,306667.3674368,0.0,0.98983,473525.7568193764
1017,316244.232324,0.020502,0.9968,478026.9522264048
1018,321330.3552665,0.037821,0.99871,422212.1291792539
1019,324565.7202236,0.0712,0.99926,219658.33586298072
1020,329014.9239591,0.097888,0.9995,98126.0598732168
1021,328807.2329134,0.11349,0.99965,32622.344550167745
1022,322747.2697341,0.1235,0.99983,29903.81583765377
1023,315025.7781889,0.11604,0.99989,30809.99207515843
1024,310387.3448339,0.087382,0.99983,65244.68910033549
1025,306344.2924767,0.022641,0.99989,175798.190075904
1026,313867.3236893,0.0,0.99988,560016.9147778797
1027,330002.6102656,0.0,0.99972,945141.81571736
1028,323264.1896702,0.0,0.9992,681444.530603504
1029,304982.7622879,0.0,0.99742,551861.3286403378
1030,291552.074663,0.0,0.99304,514708.1029026467
1031,287098.2555708,0.0,0.98748,427715.1841021994
1032,273409.1079778,0.0,0.986,527394.5702277119
1033,262489.1743281,0.0,0.99377,487522.8157775069
1034,252796.9255266,0.0,0.99825,368813.72866439656
1035,244309.2847904,0.0,0.99907,352502.5563893126
1036,240884.6902138,0.0,0.99893,317161.6831266309
1037,237607.7870476,0.0,0.99842,365189.0237143779
1038,232586.2790971,0.0,0.99737,468493.1147899091
1039,226374.009151,0.0,0.99455,456712.8237023485
1040,230315.5236636,0.0,0.98926,476648.70092745096
1041,243690.8270097,0.044783,0.98142,481179.5821149743
1042,259895.3439346,0.16198,0.97361,424996.65538968536
1043,270441.4337019,0.26626,0.98376,221107.00195113695
1044,276164.4758514,0.33217,0.98409,98773.20988800791
1045,275292.1734593,0.3564,0.97444,31489.318658468685
1046,267750.6808204,0.28839,0.9524,28865.20877026296
1047,259969.1896397,0.19533,0.92227,29739.91206633153
1048,257273.8214016,0.10006,0.9275,62978.63731693737
1049,254564.6070937,0.027059,0.93685,169692.4394373035
1050,266564.5341813,0.0,0.94868,540566.6369703792
1051,285044.4218962,0.0,0.96706,912315.5377995232
1052,277872.1577831,0.0,0.9758,657776.878643568
1053,262184.5607943,0.0,0.97737,532694.3073057618
1054,254541.5303109,0.0,0.96533,496831.4721669504
1055,256581.5179157,0.0,0.93082,412859.9557443672
1056,249076.9481294,0.0,0.8869,509077.3183119104
1057,236352.41006,0.0,0.8401,470590.3732848931
1058,228667.8413674,0.0,0.78347,356004.24149990984
1059,224827.8646993,0.0,0.71166,340259.58217067545
1060,223314.0277437,0.0,0.64512,306146.1536240011
1061,220009.432438,0.0,0.60353,352505.4283156356
1062,214212.5445834,0.0,0.60441,452221.60406745307
1063,201464.9297311,0.0,0.64244,440850.4612185616
1064,201169.5469105,0.0,0.67322,460093.9337320702
1065,211812.5591659,0.053616,0.63725,464467.450212413
1066,225672.474952,0.19193,0.68778,410235.8458561614
1067,238715.4726249,0.24652,0.77676,213427.60424073215
1068,250627.7079377,0.22534,0.6052,95342.65927147462
1069,247812.3404287,0.14808,0.40805,29491.267415674374
1070,237173.9435298,0.13577,0.20333,27033.66179770152
1071,229710.9119527,0.10814,0.14622,27852.863670359133
1072,226895.5444437,0.070075,0.29857,58982.53483134876
1073,226281.7020196,0.076997,0.66026,158925.16329557862
1074,238161.6298363,0.0055329,0.79581,506266.7573024102
1075,263236.8620928,0.0,0.77152,854427.5531818994
1076,262983.0174813,0.0,0.73372,616039.8082385315
1077,254703.0677909,0.0,0.70993,498893.94044849166
1078,251264.6271446,0.0,0.70185,465306.66366952914
1079,258206.1234291,0.0,0.69615,386663.28389439743
1080,249598.4834221,0.0,0.67669,476775.4898867359
1081,241812.3768849,0.0,0.66797,440730.6074898005
1082,238650.8576329,0.0,0.69054,333415.162171652
1083,235470.8769547,0.0,0.73927,318669.5284638148
1084,233029.353328,0.0,0.78253,286720.6554301676
1085,232983.1997623,0.0,0.82125,330138.35468102153
1086,238217.0141151,0.0,0.83858,423527.3681639904
1087,254103.0714365,0.0,0.8254,412877.7438194413
1088,280516.7570989,0.0,0.77779,430900.185017909
1089,294833.5931858,0.042624,0.73732,434996.1943811971
1090,303976.6145552,0.1133,0.80965,384205.6782764245
1091,308596.5864839,0.15541,0.89883,199885.2569284597
1092,313055.0209326,0.15767,0.92733,89293.00411968076
1093,311176.5708078,0.1288,0.93837,29485.578198921805
1094,306967.3656139,0.11959,0.94176,27028.446682344984
1095,301641.2441297,0.097042,0.92555,27847.490521203923
1096,298355.1102503,0.06438,0.84339,58971.15639784361
1097,293301.2948038,0.079605,0.76822,158894.50473863416
1098,299416.6422619,0.0085579,0.71133,506169.0924148243
1099,317550.3782339,0.0,0.63994,854262.7239298733
1100,314259.628998,0.0,0.5712,615920.9668219221
1101,301193.5545422,0.0,0.49918,498797.6978650938
1102,290716.6951234,0.0,0.45381,465216.90047187736
1103,285602.8800414,0.0,0.43966,386588.6919414192
1104,270012.2055407,0.0,0.4217,476683.5142159025
1105,257283.0521147,0.0,0.41591,440645.5853061092
1106,252183.0831025,0.0,0.42299,333350.8424155882
1107,250175.4029936,0.0,0.43938,318608.0533161272
1108,247036.9605245,0.0,0.42674,286665.34360062866
1109,249376.9463066,0.0,0.41365,330074.6670601524
1110,252524.6194888,0.0,0.4199,423445.6646900714
1111,272762.9580577,0.0,0.41506,412798.0947849052
1112,297510.4999976,0.0,0.369,430817.059239802
1113,306238.1392755,0.081744,0.40949,434912.2784340966
1114,310913.4954831,0.2881,0.4681,384131.5604248424
1115,313913.477255,0.42819,0.47437,199846.69668158115
1116,316641.1529892,0.49632,0.42541,89275.77843562435
1117,312136.5649748,0.49812,0.36621,28180.17508706435
1118,304927.3780091,0.38474,0.3398,25831.82716314232
1119,297164.3482547,0.24196,0.33337,26614.60980444966
1120,293781.2918873,0.10755,0.27832,56360.3501741287
1121,291441.3061052,0.09667,0.25284,151859.83241362454
1122,300796.633877,0.010409,0.26659,483759.672327938
1123,323490.3421423,0.0,0.20693,816442.2948835588
1124,322456.5022701,0.0,0.1413,588652.5462631219
1125,308236.5886713,0.0,0.088752,476714.6285561719
1126,296476.6601254,0.0,0.064382,444620.5402625709
1127,291044.38544,0.0,0.04836,369473.40669706586
1128,274862.945298,0.0,0.035668,455579.4972408736
1129,266509.1499024,0.0,0.029707,421137.0610233505
1130,263218.4006665,0.0,0.026465,318592.5350120886
1131,257047.6689295,0.0,0.022317,304502.44746855635
1132,253581.5361438,0.0,0.017363,273973.92445757
1133,255358.4484241,0.0,0.014111,315461.4044468592
1134,259378.4239985,0.0,0.010876,404698.6255558963
1135,280987.5234693,0.0,0.0078298,394522.45121890085
1136,306482.7531739,0.0,0.0066513,411743.6693276624
1137,313382.7112492,0.061254,0.010076,415657.5825341992
1138,315528.8520553,0.17214,0.010433,367125.0587731439
1139,315953.4648599,0.24596,0.010897,190998.9644789917
1140,319248.8294524,0.27117,0.01341,85323.30790250038
1141,317670.3775048,0.25405,0.016999,26331.75200327268
1142,314601.1653843,0.22845,0.018716,24137.43933633329
1143,312191.9492536,0.17983,0.018907,24868.87689197975
1144,310391.9601905,0.11671,0.0145,52663.50400654536
1145,307045.8266757,0.10273,0.00939,141898.8857954139
1146,314421.166478,0.011819,0.006899,452028.4093895143
1147,333048.7456032,0.0,0.0057923,762889.3705392613
1148,327953.3919475,0.0,0.0,550041.0418461404
1149,311490.4150547,0.0,0.0,445445.4713886962
1150,298913.5683955,0.0,0.0,415456.5316071912
1151,289401.3185003,0.0,0.0,345238.52626513067
1152,272564.4977251,0.0,0.0078388,425696.6573862416
1153,259752.2678808,0.0,0.016677,393513.4049377973
1154,251135.3971606,0.0,0.041941,297695.0851481106
1155,247013.8837417,0.0,0.090542,284529.2091464742
1156,244909.2811448,0.0,0.11761,256003.14447626212
1157,248804.6420917,0.0,0.11695,294769.3349255248
1158,253535.3825781,0.0,0.12863,378153.2162692216
1159,277161.392871,0.0,0.16996,368644.5280458175
1160,304756.6098159,0.0,0.20804,384736.1542700397
1161,313318.0962572,0.052739,0.27426,388393.342048272
1162,316894.9976006,0.11087,0.46292,343044.2135981913
1163,322424.1947741,0.13918,0.63434,178470.76357773706
1164,325064.1787334,0.12693,0.7672,79726.6935654645
1165,323536.495708,0.085728,0.8412,25114.56994961167
1166,318971.9080581,0.097167,0.89223,23021.68912047736
1167,313604.2483647,0.094888,0.90561,23719.316063522125
1168,308471.9718565,0.076045,0.91022,50229.13989922334
1169,302250.4711972,0.090645,0.92091,135339.6269506851
1170,309238.1210474,0.014315,0.91899,431133.4508016669
1171,328008.7762264,0.0,0.90386,727624.9015956935
1172,325299.5619185,0.0,0.85069,524615.461169666
1173,309182.7367686,0.0,0.69894,424854.808314264
1174,296292.0458626,0.0,0.44442,396252.1036494285
1175,287052.1020051,0.0,0.20669,329279.9171171308
1176,269942.9751921,0.0,0.089032,406018.8808520553
1177,257910.7406085,0.0,0.053042,375323.2953580854
1178,251776.9317241,0.0,0.037535,283934.1658192208
1179,247816.9557852,0.0,0.034418,271376.88084441493
1180,246400.0413176,0.0,0.041894,244169.43006566903
1181,248578.4896196,0.0,0.061951,281143.6580470417
1182,251689.2399493,0.0,0.084972,360673.1295541454
1183,274046.0271848,0.0,0.091293,351603.9792945633
1184,303307.3878522,0.0,0.086464,366951.7720415482
1185,314984.2399798,0.071779,0.08097,370439.9067567721
1186,317707.3003573,0.1828,0.088501,327187.0362879964
1187,320568.8214321,0.29496,0.13105,170220.97410292353
1188,322211.8883718,0.37797,0.24844,76041.33679187977
1189,318445.7574089,0.42293,0.41999,24619.41157117495
1190,312210.4106799,0.36481,0.55214,22567.793940243704
1191,306261.2160584,0.27411,0.51937,23251.66648388745
1192,302499.7004521,0.16862,0.49094,49238.8231423499
1193,298955.1066047,0.1261,0.52201,132671.2734668872
1194,307156.5952334,0.017967,0.52381,422633.2319718366
1195,322271.8880072,0.0,0.55735,713279.0630204298
1196,317231.9186304,0.0,0.59334,514272.15282009897
1197,297265.8860993,0.0,0.62059,416478.3790790429
1198,283835.1984743,0.0,0.59213,388439.6047896492
1199,278518.3077032,0.0,0.53365,322787.8405998493
1200,262553.7893201,0.0,0.44153,398013.8204006617
1201,249123.1016951,0.0,0.32232,367923.42848033673
1202,243072.3692291,0.0,0.20781,278336.12526300567
1203,237487.7877767,0.0,0.11773,266026.4194774182
1204,235087.8023592,0.0,0.081742,239355.39027531203
1205,237321.6349401,0.0,0.072015,275600.6350884307
1206,233777.0410927,0.0,0.068358,353562.10506381805
1207,228243.2285627,0.0,0.062963,344671.76199644926
1208,235272.4166221,0.0,0.050316,359716.95795661176
1209,248670.7967511,0.068176,0.048015,363136.32067483047
1210,258496.8908932,0.1542,0.053023,320736.22296891804
1211,263643.0134711,0.2082,0.04553,166864.90064907467
1212,266956.8394899,0.21858,0.040681,74542.1072571686
1213,270072.2051762,0.19306,0.040083,24276.52291306534
1214,263190.7085271,0.24162,0.042439,22253.47933697656
1215,256184.5972505,0.25494,0.043631,22927.82719567282
1216,253567.6900741,0.22034,0.046531,48553.04582613068
1217,252229.2366682,0.14796,0.067841,130823.48458707434
1218,262023.0233143,0.023384,0.0919,416746.97667428834
1219,284772.1158585,0.0,0.10182,703344.8166201987
1220,282229.0543872,0.0,0.10553,507109.5897395872
1221,265323.0032634,0.0,0.10678,410677.845946022
1222,256553.8257763,0.0,0.11076,383029.58373947535
1223,255663.0619579,0.0,0.11607,318292.18930463446
1224,243806.210924,0.0,0.12386,392470.4537612231
1225,232867.815848,0.0,0.13163,362799.1479785876
1226,221763.2679354,0.0,0.13235,274459.5784893776
1227,217046.3735187,0.0,0.13525,262321.31703284493
1228,215024.8473401,0.0,0.14218,236021.7505436908
1229,212384.8633808,0.0,0.17417,271762.1870545926
1230,210441.7982639,0.0,0.23358,348637.8429459662
1231,201501.8525837,0.0,0.30668,339871.3207829148
1232,204931.0625168,0.0,0.33678,354706.9736742325
1233,210940.2567737,0.089176,0.31087,358078.71296771383
1234,218707.9018847,0.2104,0.38126,316269.1457285457
1235,228580.1495925,0.33335,0.42922,164540.87752188733
1236,238987.7786627,0.42379,0.38355,73503.91659789227
1237,236592.4086017,0.47218,0.34032,25985.224305002568
1238,227181.6965511,0.41035,0.35899,23819.788946252356
1239,219778.6646094,0.31248,0.42372,24541.600732502426
1240,217226.372425,0.19659,0.54876,51970.448610005136
1241,219206.3603944,0.14489,0.75555,140031.48653251387
1242,233260.1211567,0.025592,0.84461,446079.6839025441
1243,262466.0975452,0.0,0.86634,752849.6930588244
1244,263296.8617282,0.0,0.87257,542802.4632600537
1245,254619.9913726,0.0,0.8771,439583.3778262935
1246,249884.6355295,0.0,0.87953,409989.09459004056
1247,252460.0044968,0.0,0.88463,340695.16311003367
1248,240197.0020846,0.0,0.88793,420094.4595975416
1249,231533.9777987,0.0,0.88462,388334.7410025384
1250,226780.1605293,0.0,0.88445,293777.3970037791
1251,226466.3162824,0.0,0.88003,280784.7848512777
1252,226447.8548562,0.0,0.86189,252634.125187525
1253,230426.2922213,0.0,0.84499,290890.1498587788
1254,236786.2535778,0.0,0.85841,373176.6934912869
1255,269633.7463018,0.0,0.86419,363793.140270036
1256,299578.1797419,0.0,0.84412,379672.9995675376
1257,310567.3437402,0.10137,0.85092,383282.0584987879
1258,312828.8684606,0.24823,0.87938,338529.7277512835
1259,314735.0107249,0.31713,0.88779,176122.07584501745
1260,319078.0612593,0.31668,0.87301,78677.48470125777
1261,317125.7654293,0.26155,0.85509,30139.187711988507
1262,313405.7880321,0.2358,0.8387,27627.588735989462
1263,307964.2826335,0.18755,0.79802,28464.78839465581
1264,304133.5366786,0.12518,0.71986,60278.37542397701
1265,299181.2590767,0.12042,0.73029,162416.73378127144
1266,307535.0544723,0.025114,0.73738,517389.38905580266
1267,330634.914116,0.0,0.68774,873199.2439890004
1268,327634.9323441,0.0,0.65691,629574.1433170933
1269,310784.2654991,0.0,0.62798,509854.5921278056
1270,296698.1972409,0.0,0.58291,475529.40612248535
1271,287421.3305309,0.0,0.51167,395158.238890516
1272,270427.5876322,0.0,0.44372,487250.2013438143
1273,256203.0586768,0.0,0.41657,450413.4163624949
1274,250253.8640553,0.0,0.39671,340740.2610772034
1275,247235.4208571,0.0,0.36433,325670.66722120915
1276,246353.8877519,0.0,0.35384,293019.88053322164
1277,249423.0998723,0.0,0.37612,337391.462442538
1278,254961.5277589,0.0,0.36906,432832.22353050165
1279,281430.5977002,0.0,0.3633,421948.62796783913
1280,306861.2124128,0.0,0.34676,440367.0204584988
1281,315616.5438302,0.087131,0.39303,444553.0187518305
1282,316064.2334177,0.16582,0.42598,392646.63991451694
1283,318307.2967117,0.22117,0.36177,204276.7167145888
1284,322165.734806,0.2345,0.27887,91254.76279463188
1285,320176.5161235,0.21296,0.24735,118240.62125012056
1286,318482.6802615,0.17437,0.23397,115899.22280952412
1287,313650.4019304,0.12202,0.19509,127606.21501250632
1288,310978.1104751,0.067759,0.15207,180287.6799259264
1289,304622.7644753,0.10381,0.10766,362916.7582924492
1290,308924.2768005,0.028219,0.066235,811294.5596666688
1291,326185.7103804,0.0,0.034122,1040751.6068451208
1292,323905.7242338,0.0,0.017014,845244.8370553172
1293,306413.5228253,0.0,0.0088359,700078.1337383376
1294,291427.4600355,0.0,0.0064066,700078.1337383376
1295,281144.4455927,0.0,0.0,558423.5280822526
1296,262867.633567,0.0,0.0,556082.1296416562
1297,247886.1861338,0.0,0.0,516278.3561515165
1298,240635.460959,0.0,0.0,449548.5005945177
1299,238184.7066191,0.0,0.0083482,424963.81696825504
1300,236633.9468109,0.0,0.01533,409744.7271043782
1301,239467.7757462,0.0,0.030319,454231.2974757107
1302,248329.2603647,0.0,0.054336,487010.8756440609
1303,275795.2473256,0.0,0.080792,557252.8288619543
1304,303478.1560454,0.0,0.096778,616958.4890971637
1305,312168.8724708,0.09779,0.11844,620470.5867580584
1306,310433.4983996,0.18777,0.14364,519790.4538124112
1307,311181.1861643,0.32273,0.17041,343014.8715473795
1308,313248.8659086,0.44328,0.18427,187311.8752477157
1309,310387.3448339,0.52956,0.18963,146051.93961913697
1310,306828.9049168,0.50562,0.19487,143159.82200291645
1311,301092.0166976,0.43323,0.17559,157620.41008401912
1312,298982.7987441,0.31863,0.12101,222693.0564489811
1313,294888.9774646,0.20325,0.10474,448278.2305141827
1314,302296.6247629,0.040373,0.11437,1002118.754020415
1315,323208.8053914,0.0,0.11452,1285546.2804100274
1316,322664.1933158,0.0,0.096189,1044054.4594556128
1317,307193.518086,0.0,0.072987,864743.1672499395
1318,291861.3035533,0.0,0.060827,864743.1672499395
1319,279745.9925514,0.0,0.052717,689770.0514685975
1320,260153.8039026,0.0,0.03805,686877.9338523769
1321,241840.0690243,0.0,0.028668,637711.9343766277
1322,237026.2521195,0.0,0.021124,555286.5823143425
1323,236666.2543069,0.0,0.016433,524919.3473440269
1324,239066.2397244,0.0,0.014416,506120.5828385935
1325,243146.2149342,0.0,0.013786,561070.8175467836
1326,249815.405181,0.0,0.012884,601560.464173871
1327,276224.4754868,0.0,0.011196,688323.9926604872
1328,301539.7062851,0.001903,0.0088131,762072.9918741107
1329,309455.0428063,0.11446,0.011611,766411.1682984415
1330,306699.6749328,0.23572,0.011777,642050.1108009585
1331,308167.3583227,0.28794,0.0088502,423695.2307763082
1332,306939.6734745,0.27587,0.0057587,231369.40929764276
1333,305291.9911783,0.21572,0.0,120324.09026890862
1334,304313.535585,0.19464,0.0064622,117941.43501605895
1335,299379.7194093,0.15553,0.011186,129854.71128030733
1336,298493.5709475,0.1051,0.018315,183464.45446942505
1337,295405.8974007,0.12253,0.030025,369311.5641916997
1338,304295.0741587,0.035954,0.04079,825590.0451124127
1339,322724.1929513,0.0,0.044343,1059090.259891681
1340,320287.2846812,0.0,0.042613,860138.546278733
1341,305273.529752,0.0,0.038156,712413.920602053
1342,290947.462952,0.0,0.029626,712413.920602053
1343,280442.9113938,0.0,0.019574,568263.2778046477
1344,259456.8850602,0.0,0.015715,565880.6225517981
1345,243663.1348703,0.0,0.013576,525375.4832533535
1346,234021.6549911,0.0,0.013103,457469.80854713777
1347,232207.8198582,0.0,0.014221,432451.9283922162
1348,232840.1237086,0.0,0.016129,416964.6692486933
1349,235664.7219307,0.0,0.017386,462235.11905283714
1350,242140.0672015,0.0,0.016446,495592.2925927326
1351,265899.9228349,0.0,0.015124,567071.9501782228
1352,292438.2231248,0.0023443,0.012777,627829.6591258895
1353,304401.2273598,0.10677,0.016504,631403.6420051641
1354,306062.7557258,0.1948,0.023935,528949.466132628
1355,306210.4471361,0.23141,0.023728,349058.9945424775
1356,307442.7473409,0.21291,0.025872,190612.42022797407
1357,304151.9981049,0.15436,0.034662,96536.16696407998
1358,298368.95632,0.13011,0.059675,94624.55969746456
1359,293236.6798118,0.095269,0.13576,104182.59603054175
1360,291565.9207327,0.057103,0.21584,147193.7595293893
1361,289184.3967414,0.10702,0.37181,296299.126325394
1362,294838.2085423,0.036902,0.58635,662371.9178822519
1363,311610.4143255,0.0,0.69888,849709.4300105654
1364,309067.3528543,0.0,0.7637,690090.2232481758
1365,294722.824628,0.0,0.8084,571570.5727180181
1366,281749.0573037,0.0,0.84968,571570.5727180181
1367,274170.6418122,0.0,0.85138,455918.33308778366
1368,258224.5848554,0.0,0.82315,454006.7258211682
1369,247198.4980046,0.0,0.77658,421509.4022887057
1370,238853.9333221,0.0,0.70015,367028.5951901655
1371,239758.5432102,0.0,0.61104,346956.7188907033
1372,240746.2295167,0.0,0.51738,334531.2716577029
1373,240229.3095806,0.0,0.45548,370851.8097233964
1374,234381.6528037,0.0,0.42165,397614.3114560126
1375,231192.4414123,0.0,0.41729,454962.529454476
1376,235535.4919467,0.0070995,0.42897,503708.5147531698
1377,246695.4241382,0.17129,0.67126,506575.925653093
1378,255127.6805955,0.38529,0.72581,424376.8131886289
1379,257610.7424313,0.51695,0.6988,280050.46455916273
1380,258141.5084371,0.57552,0.68341,152928.5813292356
1381,255363.0637807,0.56655,0.70071,32656.19729777864
1382,248943.1027888,0.49388,0.73953,29934.84752296375
1383,238567.7812146,0.38119,0.77791,30841.964114568716
1384,237510.8645596,0.24775,0.75792,65312.39459555728
1385,238341.6287426,0.18758,0.62536,175980.61877136267
1386,246672.3473553,0.049792,0.5739,560598.0536118665
1387,270399.8954928,0.0,0.53254,946122.6050439756
1388,271502.9657135,0.0,0.45955,682151.6768869315
1389,254329.2239085,0.0,0.36827,552434.004287422
1390,241936.9915123,0.0,0.28836,515242.22403161856
1391,239532.3907382,0.0,0.20868,428159.03123754216
1392,226923.2365831,0.0,0.13834,527941.856314088
1393,212255.6333968,0.0,0.08291,488028.7262834696
1394,199794.170652,0.0,0.046242,369196.4527832196
1395,194634.2020043,0.0,0.024793,352868.3541343303
1396,196724.9585315,0.0,0.012835,317490.8070617368
1397,201474.1604442,0.0,0.0092142,365567.9864167998
1398,201728.0050557,0.0,0.014165,468979.2778597655
1399,197020.3413521,0.0,0.02765,457186.7621689009
1400,197209.5709716,0.008643,0.039367,477143.32718421007
1401,207917.198219,0.18088,0.055608,481678.9101422349
1402,220526.3523741,0.39447,0.068844,425437.68146272725
1403,232230.8966411,0.55421,0.085242,221336.4483516108
1404,242080.067566,0.65232,0.11202,98875.70848494089
1405,239998.541752,0.68775,0.16583,101451.69851460429
1406,232992.4304755,0.65456,0.25136,99442.75398956264
1407,228760.1484988,0.5625,0.35868,109487.47661477096
1408,229152.4538074,0.41965,0.41041,154688.72842820856
1409,233975.5014253,0.26007,0.42637,311386.40138145874
1410,244503.1297664,0.064333,0.56707,696099.2779269384
1411,267792.2190295,0.0,0.69843,892975.841381022
1412,274152.1803859,0.0,0.7846,725228.9735400425
1413,264053.7802061,0.0,0.84165,600674.4129874591
1414,260370.7256615,0.0,0.88502,600674.4129874591
1415,263509.1681305,0.0,0.92341,479133.2692224381
1416,251227.704292,0.0,0.94609,477124.3246973964
1417,244207.7469458,0.0,0.95654,442972.26777168806
1418,239121.6240033,0.0,0.95992,385717.3488080004
1419,235941.6433251,0.0,0.95978,364623.4312950629
1420,237501.6338465,0.0,0.96131,351565.29188229213
1421,242398.5271695,0.0,0.96111,389735.2378580839
1422,253406.1525941,0.0,0.95596,417860.4612086672
1423,283784.429552,0.0,0.95076,478128.7969599173
1424,308998.1225057,0.0085208,0.94361,529356.8823484797
1425,315150.3928164,0.17189,0.93757,532370.2991360422
1426,314245.7829282,0.36598,0.93252,445985.68455925054
1427,314236.5522151,0.42831,0.93346,294310.3729186045
1428,316784.2290429,0.39844,0.9231,160715.56200333353
1429,314342.7054162,0.29974,0.91246,123755.67287589758
1430,312579.6392057,0.28376,0.89655,121305.06549221644
1431,309155.0446291,0.24117,0.85725,133558.10241062214
1432,307567.3619683,0.17662,0.79015,188696.7685434478
1433,304987.3776445,0.16111,0.77048,379844.1444705767
1434,311956.5660684,0.051391,0.80556,849135.458445515
1435,330847.2205183,0.0,0.84522,1089294.982046267
1436,335850.2670425,0.0,0.86368,884669.2655088917
1437,318874.9855701,0.0,0.86693,732731.6077206609
1438,304779.6865987,0.0,0.84335,732731.6077206609
1439,295710.5109345,0.0,0.79444,584469.8610079519
1440,276459.858672,0.0,0.72525,582019.2536242708
1441,264783.0065445,0.0,0.64017,540358.9281016914
1442,260823.0306056,0.0,0.54313,470516.61766677885
1443,258792.2737138,0.0,0.44044,444785.2401381269
1444,257753.8184851,0.0,0.36801,428856.2921441996
1445,258058.4320188,0.0,0.32473,475417.8324341412
1446,264658.391917,0.0,0.28553,509726.3358056771
1447,293993.5982896,0.0,0.25114,583244.5573161115
1448,319322.6751576,0.011055,0.21738,645735.0455999804
1449,328696.4643556,0.14129,0.18203,649410.9566755021
1450,327205.7041828,0.25091,0.16839,544034.8391772131
1451,325281.1004923,0.33531,0.14504,359013.9817092871
1452,327833.3926767,0.37314,0.11621,196048.59069449123
1453,327307.2420274,0.36799,0.087539,158031.6280311905
1454,324953.4101756,0.31512,0.060723,154902.28886225607
1455,320462.6682309,0.23765,0.03974,170548.98470692837
1456,317236.533987,0.15036,0.021899,240959.11600795385
1457,312191.9492536,0.15598,0.010801,485047.57118484215
1458,313576.5562253,0.054659,0.0,1084316.0220357922
1459,331977.9828784,0.0,0.0,1390991.26059137
1460,335711.8063453,0.0,0.0,1129691.439985342
1461,318542.6798969,0.0,0.0,935672.4115114053
1462,303870.461354,0.0,0.0,935672.4115114053
1463,292959.7584175,0.0,0.0060375,746347.39179087
1464,273690.6447287,0.0,0.010231,743218.0526219355
1465,263416.8609991,0.0,0.01909,690019.2867500497
1466,256812.2857444,0.0,0.034183,600833.1204354173
1467,255866.1376471,0.0,0.057938,567975.0591616054
1468,255893.8297865,0.0,0.090809,547634.3545635315
1469,259918.4207174,0.0,0.1165,607091.7987732863
1470,264519.9312198,0.0,0.15286,650902.5471383687
1471,290301.3130319,0.0,0.21223,744782.7222064028
1472,311361.1850706,0.010453,0.22568,824580.8710142316
1473,317984.2217517,0.1352,0.31207,829274.8797676333
1474,314933.4710575,0.25756,0.43093,694713.2955034514
1475,313913.477255,0.32669,0.4826,458448.1882488992
1476,313179.6355601,0.34314,0.51833,250347.1335147572
1477,307479.6701935,0.31482,0.54637,270674.31164008484
1478,304604.303049,0.33015,0.60076,274307.5238768645
1479,302148.9333526,0.31058,0.64409,288840.3728239832
1480,302245.8558406,0.25328,0.63298,346971.7686124578
1481,302033.5494383,0.18206,0.55928,566781.1089376274
1482,311956.5660684,0.0557,0.55232,1019116.0324166954
1483,334613.3514811,0.0,0.50248,1289790.34405678
1484,337437.9497033,0.0,0.40544,1182610.5830717802
1485,320887.2810356,0.0,0.29197,1035465.487482204
1486,305638.1429212,0.0,0.19745,939185.3632075428
1487,294930.5156738,0.0,0.12968,833822.2083409326
1488,276289.0904788,0.0,0.08145,777507.4186708478
1489,264183.0101901,0.0,0.046502,759341.3574869494
1490,259955.34357,0.0,0.023287,721192.629000763
1491,257809.2027639,0.0,0.011419,721192.629000763
1492,257887.6638257,0.0,0.0,762974.5697237293
1493,260107.6503369,0.0,0.0,812022.9349202544
1494,268124.5247027,0.0,0.0,893770.210247797
1495,293508.9858495,0.0,0.0069026,973700.8794569497
1496,314222.7061454,0.014423,0.013407,1022749.244653475
1497,320384.2071692,0.14649,0.022556,980967.3039305088
1498,318602.6795323,0.27677,0.035018,842905.2389328816
1499,317504.2246682,0.3695,0.069999,515916.13762271206
1500,318445.7574089,0.41651,0.10652,330622.3135469493
1501,313465.7876675,0.41876,0.11449,152276.02861869746
1502,310835.0344214,0.38045,0.095221,149260.66171535692
1503,306708.9056459,0.31027,0.068568,164337.49623205964
1504,305347.3754571,0.21855,0.051463,232183.2515572219
1505,304271.9973758,0.17038,0.041503,467381.8700177842
1506,307973.5133467,0.056764,0.049184,1044824.6320074984
1507,326291.8635816,0.0,0.065072,1340330.5885348718
1508,331857.9836076,0.0,0.084415,1088547.4521059364
1509,315875.0037982,0.0,0.097748,901594.7040988224
1510,302195.0869183,0.0,0.11815,901594.7040988224
1511,293624.3697639,0.0,0.13044,719165.0064467196
1512,277562.9288928,0.0,0.11987,716149.6395433792
1513,262858.4028539,0.0,0.098313,664888.4021865899
1514,257878.4331125,0.0,0.076355,578950.4454413843
1515,251989.2381265,0.0,0.062608,547289.0929563086
1516,250696.9382862,0.0,0.048866,527689.2080845952
1517,253295.3840364,0.0,0.044733,584981.1792480655
1518,259544.5768351,0.0,0.055063,627196.3158948331
1519,284725.9622927,0.0,0.078549,717657.3229950494
1520,304327.3816547,0.017602,0.090235,794549.1790302333
1521,310055.0391607,0.17168,0.12486,799072.2293852441
1522,307830.4372929,0.33788,0.27143,669411.4525416007
1523,308458.1257868,0.46742,0.44225,441751.2513393897
1524,312215.0260365,0.54919,0.5422,241229.35226724352
1525,308384.2800816,0.58003,0.59865,131920.76324014683
1526,303312.0032088,0.53959,0.661,129308.4708987578
1527,298332.0334674,0.45369,0.69912,142369.932605703
1528,295659.7420122,0.33222,0.69347,201146.5102869566
1529,296938.1957827,0.22101,0.73499,404905.31291530223
1530,307544.2851855,0.069431,0.82368,905159.2962913046
1531,327108.7816948,0.0,0.83454,1161163.9457474314
1532,329702.6120884,0.0,0.78833,943037.5352414458
1533,308416.5875776,0.0,0.71366,781075.4100753249
1534,291348.9989738,0.0,0.66029,781075.4100753249
1535,282584.4368433,0.0,0.62669,623031.7234212876
1536,265267.6189845,0.0,0.59537,620419.4310798986
1537,251403.0878418,0.0,0.5668,576010.4612762848
1538,241503.1479945,0.0,0.53895,501560.1295466969
1539,236103.1808051,0.0,0.50518,474131.05996211193
1540,239490.8525291,0.0,0.43735,457151.1597430832
1541,240293.9245726,0.0,0.37718,506784.7142294751
1542,237649.3252568,0.0,0.34827,543356.8070089216
1543,228390.919973,0.0,0.30907,621725.5772505931
1544,232152.4355793,0.018947,0.20493,688339.0319560138
1545,247083.1140903,0.13719,0.18019,692257.4704680974
1546,260790.7231095,0.22813,0.30376,579928.8997883683
1547,266495.3038327,0.27295,0.31565,382700.8280134953
1548,269721.4380767,0.26928,0.33527,208983.38731112372
1549,264335.316957,0.22735,0.33203,113062.46937588832
1550,254643.0681554,0.20406,0.33328,110823.60859616776
1551,248153.876815,0.1639,0.26771,122017.91249477056
1552,246963.1148194,0.11342,0.14252,172392.28003848318
1553,247936.9550561,0.13174,0.081375,347023.4208566869
1554,254873.835984,0.058049,0.0538,775765.2601731743
1555,276916.7789727,0.0,0.033908,995173.6165857896
1556,282561.3600604,0.0,0.022171,808228.7414791225
1557,267635.2969061,0.0,0.015405,669419.3731364477
1558,257010.746077,0.0,0.012884,669419.3731364477
1559,259350.731859,0.0,0.013748,533968.2959633537
1560,250613.8618679,0.0,0.015677,531729.4351836332
1561,239546.2368079,0.0,0.017222,493668.8019283837
1562,232332.4344856,0.0,0.019118,429861.2697063476
1563,228164.767501,0.0,0.02281,406353.2315192818
1564,224749.4036376,0.0,0.031017,391800.6364510982
1565,223724.7944786,0.0,0.05588,434338.9912657889
1566,219644.8192688,0.0,0.1067,465683.0421818766
1567,208277.1960316,0.0,0.17618,532848.8655734935
1568,208175.658187,0.019971,0.22065,589939.8154563677
1569,218015.5983988,0.12631,0.22828,593298.1066259486
1570,226050.9341909,0.18654,0.26094,497027.0930979645
1571,231898.5909679,0.23793,0.39591,327993.10422906216
1572,237755.4784579,0.25647,0.48545,179108.86237764487
1573,233883.1942939,0.24521,0.49749,101040.35535714428
1574,222626.3396144,0.20347,0.48697,99039.55624116123
1575,216174.0711265,0.1475,0.47168,109043.5518210765
1576,214960.2323481,0.088579,0.49657,154061.5319306953
1577,218532.5183349,0.12384,0.52542,310123.8629773736
1578,232590.8944537,0.059699,0.54069,693276.8936881287
1579,259156.886883,0.0,0.51452,889355.2070544681
1580,272342.9606096,0.0,0.48474,722288.480869883
1581,263546.0909831,0.0,0.49128,598238.9356789334
1582,257776.8952679,0.0,0.52846,598238.9356789334
1583,263703.0131066,0.0,0.54735,477190.58916195866
1584,253839.9961119,0.0,0.5483,475189.7900459757
1585,246233.888481,0.0,0.52801,441176.2050742637
1586,244023.1326829,0.0,0.49977,384153.43026874657
1587,244055.4401789,0.0,0.48531,363145.0395509245
1588,242449.2960918,0.0,0.47488,350139.8452970347
1589,246529.2713016,0.0,0.49083,388155.0285007127
1590,258173.8159331,0.0,0.50208,416166.21612447547
1591,285676.7257466,0.0,0.47397,476190.1896039671
1592,306418.1381819,0.024618,0.43106,527210.567061535
1593,315575.005621,0.1366,0.40765,530211.7657355096
1594,314961.1631969,0.20357,0.49758,444177.4037482383
1595,315611.9284736,0.25719,0.70305,293117.0704915176
1596,318824.2166478,0.27516,0.81669,160063.9292786444
1597,316387.3083777,0.26143,0.8687,98480.34357409293
1598,314167.3218665,0.22424,0.87605,96530.23776074457
1599,309468.8888761,0.1708,0.83818,106280.7668274864
1600,307221.2102254,0.11072,0.71519,150158.14762782483
1601,304885.8397999,0.13658,0.64578,302266.40106899804
1602,310488.8826785,0.067159,0.60322,675711.6643252117
1603,325451.8686854,0.0,0.51607,866822.0340333525
1604,335231.8092618,0.0,0.41487,703988.1986187631
1605,319516.5201336,0.0,0.32368,583081.6381911639
1606,304105.8445392,0.0,0.25494,583081.6381911639
1607,295235.1292075,0.0,0.24601,465100.2364835873
1608,280479.8342464,0.0,0.28303,463150.1306702389
1609,270446.0490585,0.0,0.33657,429998.33184331656
1610,265452.2332474,0.0,0.38433,374420.31616288784
1611,261035.3370079,0.0,0.41473,353944.20512272994
1612,260343.033522,0.0,0.42523,341268.51733596553
1613,264030.7034232,0.0,0.43766,378320.5277895846
1614,270012.2055407,0.0,0.4477,405622.0091764618
1615,292885.9127123,0.0,0.4297,464125.1835769132
1616,313415.0187452,0.026867,0.35801,513852.8818172966
1617,317421.1482499,0.13598,0.26541,516778.04053731926
1618,314273.4750677,0.19232,0.22117,432923.4905633392
1619,314075.0147351,0.25659,0.28151,285690.5016555368
1620,315371.9299318,0.29471,0.3372,156008.46506786995
1621,313885.7851156,0.30422,0.33635,103122.13360221103
1622,312561.1777794,0.33097,0.32988,101080.11115464254
1623,309095.0449937,0.32338,0.31472,111290.22339248522
1624,308218.127245,0.27658,0.26527,157235.72846277728
1625,308707.3550416,0.20998,0.23861,316513.4793731231
1626,314785.7796472,0.083695,0.30092,707560.7780824977
1627,331317.9868886,0.0,0.31559,907678.9779442142
1628,342007.1527097,0.0,0.28042,737170.1035722415
1629,326758.0145953,0.0,0.21717,610564.7118229923
1630,312838.0991737,0.0,0.13892,610564.7118229923
1631,305564.297216,0.0,0.077219,487022.3537450959
1632,290952.0783086,0.0,0.041111,484980.3312975273
1633,266352.227779,0.0,0.023904,450265.9496888622
1634,260389.1870878,0.0,0.014487,392068.3099331589
1635,255473.8323384,0.0,0.0077339,370627.0742336893
1636,253964.6107393,0.0,0.0,357353.9283244938
1637,256198.4433203,0.0,0.0,396152.354828296
1638,263338.3999374,0.0,0.0,424740.6690942554
1639,287139.79378,0.0,0.0,486001.34252131166
1640,307355.055566,0.039743,0.0,538072.9149343092
1641,314656.5496632,0.217,0.0,541135.948605662
1642,319008.8309107,0.39157,0.0,453328.983360215
1643,325673.4058009,0.52342,0.0057373,299156.28856879054
1644,325031.8712374,0.6058,0.0093689,163361.7958054829
1645,320111.9011314,0.6361,0.019276,103544.67480767037
1646,316331.9240988,0.55255,0.044557,101494.28520751848
1647,306238.1392755,0.42965,0.09963,111746.23320827792
1648,307821.2065798,0.28718,0.13311,157879.99921169537
1649,306002.7560904,0.21888,0.1389,317810.38802354265
1650,309058.1221411,0.089676,0.19436,710459.9964526292
1651,324376.4906041,0.0,0.25101,911398.1772675144
1652,333002.5920375,0.0,0.29361,740190.6456548317
1653,315810.3888062,0.0,0.35377,613066.4904454146
1654,299928.9468414,0.0,0.43721,613066.4904454146
1655,293485.9090667,0.0,0.5416,489017.9196362253
1656,278278.3091614,0.0,0.65326,486967.5300360734
1657,267829.1418821,0.0,0.76527,452110.90683349135
1658,262650.7118081,0.0,0.86898,393674.8032291625
1659,257795.3566942,0.0,0.93701,372145.7124275677
1660,256863.0546666,0.0,0.96478,358818.18002658046
1661,260467.6481495,0.0,0.97915,397775.5824294663
1662,267547.6051312,0.0,0.98849,426481.03683159273
1663,291685.9200035,0.0,0.99317,487992.7248361494
1664,313156.5587772,0.030796,0.99563,540277.6596400226
1665,323914.9549469,0.1081,0.99687,543353.2440402504
1666,326434.9396353,0.09808,0.99762,455186.4912337192
1667,328313.3897602,0.11968,0.99785,300382.0764222516
1668,331101.0651297,0.12335,0.99804,164031.16801215106
1669,327016.4745634,0.11179,0.99787,101817.22096729248
1670,326601.0924719,0.10834,0.99652,99801.03837388076
1671,320725.7435555,0.094779,0.99438,109881.95134093944
1672,317550.3782339,0.072653,0.99065,155246.0596927034
1673,311873.4896501,0.12724,0.98684,312508.3019788185
1674,315510.390629,0.076704,0.98237,698607.2686171653
1675,329536.4592518,0.0,0.97044,896193.1627715152
1676,339141.0162784,0.0,0.96381,727841.9162216354
1677,324136.4920624,0.0,0.96362,602838.5954301079
1678,309118.1217766,0.0,0.96831,602838.5954301079
1679,299592.0258116,0.0,0.97508,480859.54852869816
1680,282893.6657336,0.0,0.98088,478843.3659352865
1681,272384.4988188,0.0,0.98491,444568.26184728695
1682,263559.9370528,0.0,0.98678,387107.05793505255
1683,257103.0532084,0.0,0.98569,365937.1407042295
1684,255515.3705476,0.0,0.98399,352831.9538470532
1685,256489.2107843,0.0,0.98341,391139.42312187614
1686,264330.7016004,0.0,0.98475,419365.97942964034
1687,285949.0317844,0.0,0.98686,479851.45723199233
1688,305342.7601005,0.04215,0.98761,531264.1133639915
1689,317914.9914031,0.18894,0.98858,534288.387254109
1690,321607.2766608,0.3028,0.98801,447592.5357374046
1691,323374.958228,0.3277,0.98517,295370.7499348188
1692,323434.9578634,0.28926,0.98406,161294.6074729386
1693,318681.1405941,0.20512,0.97882,96065.46040336216
1694,310622.7280191,0.21551,0.9549,94163.17405874116
1695,301498.1680759,0.20453,0.92582,103674.6057818463
1696,294999.7460224,0.17065,0.90258,146476.04853581954
1697,291644.3817944,0.17132,0.87102,294854.3834162601
1698,294030.5211422,0.088269,0.80735,659142.218411188
1699,305038.1465668,0.0,0.69846,845566.2801840493
1700,307442.7473409,0.0,0.53558,686725.370408193
1701,290167.4676913,0.0,0.34611,568783.6170416888
1702,277059.8550264,0.0,0.20185,568783.6170416888
1703,271876.8095959,0.0,0.11164,453695.2931921164
1704,257564.5888656,0.0,0.05985,451793.0068474953
1705,241263.1494528,0.0,0.036281,419454.1389889378
1706,231912.4370376,0.0,0.03605,365238.9781672383
1707,224934.0179005,0.0,0.050015,345264.97154871747
1708,223581.7184248,0.0,0.080352,332900.1103086808
1709,224306.3294067,0.0,0.15037,369043.5508564804
1710,222127.8811046,0.0,0.28042,395675.5596811748
1711,218435.5958469,0.0,0.42402,452744.1500198059
1712,223078.6445585,0.045982,0.48784,501252.4518076422
1713,238913.9329575,0.17694,0.58447,504105.8813245737
1714,251458.4721207,0.26204,0.69205,422307.56850586936
1715,258889.1962018,0.32044,0.69046,278684.94948698126
1716,261916.8701132,0.33646,0.73211,152182.90756968263
1717,260310.726026,0.31615,0.79065,32199.532978845637
1718,253738.4582673,0.28167,0.83749,29516.238563941824
1719,248176.9535979,0.22624,0.82021,30410.670035576422
1720,245375.4321586,0.15844,0.67341,64399.06595769127
1721,246150.8120627,0.16844,0.49042,173519.70549711256
1722,252552.3116283,0.091244,0.43917,552758.6494701833
1723,264723.006909,0.0,0.41361,932892.0249148888
1724,266582.9956076,0.0,0.39426,672612.4666692199
1725,250507.7086668,0.0,0.34978,544708.766225472
1726,242578.5260758,0.0,0.31386,508037.0758884533
1727,242416.9885958,0.0,0.30477,422171.6546115316
1728,230753.982538,0.0,0.31402,520559.1164913377
1729,223189.4131162,0.0,0.31871,481204.1317394153
1730,212758.7072631,0.0,0.32023,364033.60895528254
1731,204940.2932299,0.0,0.32155,347933.8424658598
1732,202687.9992227,0.0,0.31104,313051.01507211034
1733,201524.9293665,0.0,0.29857,360455.88306874415
1734,199244.9432199,0.0,0.31162,462421.0708350887
1735,192178.8323079,0.0,0.29676,450793.4617038389
1736,192580.3683297,0.055846,0.19497,470470.95407980005
1737,205424.90567,0.22164,0.20329,474943.1114379731
1738,217812.5227097,0.35995,0.28205,419488.3601966278
1739,226484.7777087,0.43177,0.33985,218241.27907884264
1740,237390.8652887,0.44819,0.37373,97493.03040817149
1741,239033.9322284,0.41771,0.3965,32953.24588290157
1742,230112.4479744,0.34117,0.41517,30207.14205932644
1743,223978.6390901,0.24352,0.41491,31122.510000518152
1744,221597.1150988,0.14356,0.35507,65906.49176580313
1745,220941.7344656,0.16209,0.21238,177581.3805911918
1746,228755.5331422,0.092373,0.17294,565697.3876564769
1747,245749.2760409,0.0012441,0.1645,954728.7626629538
1748,254172.3017851,0.0,0.1447,688356.6917761662
1749,243155.4456473,0.0,0.11732,557459.0761857517
1750,237007.7906932,0.0,0.097212,519928.9905968915
1751,238530.8583621,0.0,0.081055,432053.6682424872
1752,228533.9960268,0.0,0.068748,532744.1417735755
1753,222266.3418018,0.0,0.082553,492467.9523611401
1754,216104.840778,0.0,0.13704,372554.7520650261
1755,217161.757433,0.0,0.20379,356078.1291235753
1756,218670.9790321,0.0,0.27066,320378.7794170987
1757,225280.1696434,0.0,0.36852,368893.28030025936
1758,236772.4075081,0.0,0.50967,473245.2255961143
1759,265752.2314246,0.0,0.64435,461345.442360622
1760,289452.0874226,0.057462,0.66429,481483.5370668397
1761,302365.8551115,0.19449,0.71614,486060.3767727983
1762,304922.7626525,0.28346,0.81977,429307.5644189121
1763,307585.8233946,0.37622,0.92343,223349.7776507773
1764,312358.1020902,0.43723,0.95147,99775.10558989644
1765,312044.2578433,0.46291,0.95229,97801.08475185317
1766,313128.8666378,0.39242,0.9444,95864.42960825212
1767,311919.6432159,0.29612,0.92234,105547.7053262574
1768,310239.6534236,0.19109,0.8819,149122.44605728105
1769,306205.8317795,0.18668,0.87089,300181.5472581632
1770,307876.5908587,0.10144,0.88467,671051.0072577648
1771,321016.5110196,0.0017624,0.90152,860843.2113306681
1772,325276.4851357,0.0,0.91015,699132.50683998
1773,306228.9085624,0.0,0.91578,579059.8879367147
1774,289022.8592614,0.0,0.93801,579059.8879367147
1775,277498.3139007,0.0,0.96093,461892.2517488511
1776,258718.4280087,0.0,0.97021,459955.59660525
1777,248001.5700481,0.0,0.97112,427032.4591640321
1778,241373.9180105,0.0,0.96789,371837.7875714021
1779,239652.3900091,0.0,0.96629,351502.9085635911
1780,240796.998439,0.0,0.96838,338914.65013018425
1781,245366.2014454,0.0,0.9673,375711.0978586042
1782,251832.316003,0.0,0.96199,402824.269869019
1783,275541.4027142,0.0,0.95558,460923.9241770506
1784,297625.8839119,0.065024,0.93857,510308.6303388774
1785,309408.8892406,0.22647,0.94477,513213.613054279
1786,309035.0453583,0.3575,0.96384,429937.4418794337
1787,310188.8845013,0.43501,0.98032,283719.9785375542
1788,313590.402295,0.46285,0.98699,154932.4114880842
1789,311315.0315049,0.44622,0.98795,103520.66965566714
1790,309168.8906989,0.45093,0.98749,101470.75540505988
1791,305545.8357897,0.41789,0.97663,111720.3266580962
1792,304511.9959176,0.34594,0.94557,157843.3972967598
1793,300838.1720861,0.25624,0.94142,317736.70884412684
1794,303459.6946191,0.119,0.96125,710295.2878354191
1795,315071.9317546,0.0038619,0.97121,911186.8843949316
1796,323753.4174669,0.0,0.97456,740019.0444692246
1797,306981.2116837,0.0,0.97543,612924.3609315737
1798,293135.1419672,0.0,0.98131,612924.3609315737
1799,283152.1257016,0.0,0.98694,488904.5487698339
1800,264404.5473055,0.0,0.99107,486854.6345192266
1801,252141.5448933,0.0,0.99328,452006.092258903
1802,246441.5795267,0.0,0.99369,393583.5361165958
1803,242841.6014004,0.0,0.99305,372059.43648521946
1804,243150.8302908,0.0,0.98735,358734.9938562723
1805,246676.9627119,0.0,0.98099,397683.3646178104
1806,253479.9982993,0.0,0.9807,426382.1641263121
1807,276686.011144,0.0,0.98453,487879.5916445303
1808,297985.8817245,0.055887,0.98447,540152.4050350157
1809,307613.515534,0.13119,0.9854,543227.2764109266
1810,305596.604712,0.11573,0.98675,455080.963634814
1811,304101.2291826,0.15075,0.99004,300312.437713965
1812,305061.2233496,0.17091,0.99237,163993.1400485816
1813,297533.5767805,0.17548,0.99431,112602.17455539388
1814,293236.6798118,0.15049,0.99299,110372.428524594
1815,289138.2431757,0.11495,0.98891,121521.1586785934
1816,289184.3967414,0.075575,0.9803,171690.44437159068
1817,287204.408772,0.083335,0.97109,345610.6347739812
1818,293264.3719512,0.048585,0.9523,772606.9996721579
1819,309155.0446291,0.00070852,0.91055,991122.1106905462
1820,320458.0528744,0.0,0.8493,804938.3171187562
1821,303515.078898,0.0,0.8221,666694.0632091637
1822,284869.0383465,0.0,0.81326,666694.0632091637
1823,270146.0508813,0.0,0.80874,531794.428345771
1824,249016.948494,0.0,0.79842,529564.6823149712
1825,234833.9577478,0.0,0.78741,491658.9997913732
1826,229877.0647893,0.0,0.76231,428111.2379135767
1827,228510.9192439,0.0,0.717,404698.90459017793
1828,230841.6743128,0.0,0.6815,390205.5553899788
1829,235807.7979845,0.0,0.61256,432570.7299751765
1830,245643.1228397,0.0,0.58785,463787.1744063748
1831,268106.0632764,0.0,0.65251,530679.5553303711
1832,288196.710435,0.062591,0.72611,587538.0791157681
1833,296961.2725655,0.14607,0.78603,590882.6981619678
1834,293910.5218713,0.14147,0.86821,495003.6188375731
1835,292802.836294,0.17517,0.91819,326657.79351218225
1836,294441.2878771,0.18905,0.92505,178379.6824639903
1837,290716.6951234,0.18435,0.9224,106015.7253225616
1838,288169.0182956,0.1662,0.9092,103916.40402904552
1839,284615.193735,0.13657,0.88396,114413.01049662588
1840,284107.5045121,0.098506,0.83436,161647.73960073752
1841,283909.0441795,0.14062,0.78115,325394.80049499107
1842,290601.3112091,0.093804,0.69824,727414.8282033188
1843,305148.9151245,0.0048182,0.61865,933148.3149678938
1844,316728.8447641,0.0,0.55783,757854.9869593018
1845,298641.2623578,0.0,0.52063,627697.0667613053
1846,280535.2185252,0.0,0.50377,627697.0667613053
1847,264501.4697936,0.0,0.46983,500688.12850358296
1848,243681.5962966,0.0,0.4187,498588.8072100669
1849,226895.5444437,0.0,0.33417,462900.3452202937
1850,218334.0580023,0.0,0.21976,403069.6883550857
1851,217424.8327576,0.0,0.12975,381026.8147731669
1852,218467.9033429,0.0,0.07301,367381.2263653125
1853,223129.4134808,0.0,0.040784,407268.3309421178
1854,233366.2743578,0.0,0.02586,436658.8290513428
1855,255487.6784081,0.0,0.024512,499638.467856825
1856,278882.9208724,0.071439,0.032656,553171.1608414848
1857,293476.6783535,0.1624,0.047924,556320.1427817589
1858,295908.9712671,0.17111,0.065704,466049.3271605678
1859,296227.4308705,0.21132,0.07998,307550.5695001044
1860,294805.9010463,0.22797,0.080586,167945.70348128572
1861,288487.477899,0.22337,0.071451,102910.77339520448
1862,279875.2225354,0.19986,0.073898,100872.93629826972
1863,271327.5821638,0.16162,0.090563,111062.12178294345
1864,269790.6684252,0.11546,0.10275,156913.45646397513
1865,270192.204447,0.13859,0.11888,315864.750024885
1866,276990.6246778,0.088639,0.15387,706110.5540878881
1867,287005.9484394,0.0060818,0.22915,905818.589587493
1868,299647.4100905,0.0,0.27567,735659.1919934418
1869,281481.3666225,0.0,0.28934,609313.2919834878
1870,262406.0979098,0.0,0.29677,609313.2919834878
1871,251536.9331824,0.0,0.27959,486024.147618936
1872,231506.2856592,0.0,0.25829,483986.3105220012
1873,213063.3207969,0.0,0.24132,449343.0798741106
1874,205706.4424209,0.0,0.21845,391264.7226114704
1875,202083.3875118,0.0,0.19419,369867.4330936557
1876,206144.9012952,0.0,0.17975,356621.4919635799
1877,208941.807378,0.0,0.17972,395340.39680534
1878,209615.6494375,0.0,0.18536,423870.1161624263
1879,208231.0424659,0.0,0.15009,485005.22907046863
1880,216847.9131861,0.099548,0.11558,536970.0750423046
1881,231427.8245975,0.28875,0.2182,540026.8306877066
1882,241775.4540323,0.45758,0.23368,452399.8355195128
1883,246132.3506364,0.54939,0.19288,298543.13470093976
1884,247221.5747874,0.5844,0.16598,163026.96775477935
1885,241946.2222254,0.56786,0.14754,98138.3073349724
1886,234095.5006962,0.52268,0.12635,96194.9745164581
1887,227223.2347603,0.44159,0.10397,105911.63860902964
1888,227758.6161226,0.33334,0.09322,149636.6270256015
1889,227929.3843158,0.26286,0.097133,301216.5868697173
1890,236287.795068,0.13697,0.16057,673364.8216152067
1891,247784.6482892,0.0097739,0.25255,863811.4378296086
1892,253987.6875222,0.0,0.29127,701543.1474836641
1893,239389.3146845,0.0,0.29605,581056.5127357772
1894,228063.2296564,0.0,0.30862,581056.5127357772
1895,223895.5626718,0.0,0.30241,463484.87721566175
1896,209647.9569335,0.0,0.28062,461541.5443971474
1897,196369.5760754,0.0,0.26682,428504.8864824043
1898,184392.7257707,0.0,0.26396,373119.9011547465
1899,176338.9285523,0.0,0.26449,352714.9065603464
1900,177838.9194382,0.0,0.24338,340083.2432400034
1901,184665.0318084,0.0,0.24462,377006.5667917752
1902,184771.1850096,0.0,0.27484,404213.22625097545
1903,179283.5260453,0.0,0.25719,462513.2108064047
1904,181051.2076124,0.10862,0.22221,512068.19767851935
1905,193937.2831619,0.29657,0.30484,514983.1969062908
1906,204137.2211864,0.46344,0.45737,431419.8857101757
1907,213907.9310496,0.56494,0.48561,284698.2579123457
1908,223766.3326877,0.61324,0.50079,155466.6254811444
1909,223134.0288373,0.61158,0.52163,93423.73055978252
1910,213547.933237,0.55552,0.54237,91573.75569721256
1911,204954.1392996,0.4628,0.57474,100823.6300100623
1912,200597.2426955,0.34392,0.58424,142448.06441788623
1913,200948.009795,0.2663,0.58716,286746.10369834234
1914,212057.1730642,0.13873,0.71363,641016.2898804878
1915,231155.5185597,0.010521,0.77203,822313.8264123432
1916,245555.4310649,0.0,0.76199,667840.9253877521
1917,235498.5690941,0.0,0.74325,553142.4839084152
1918,227694.0011306,0.0,0.76083,553142.4839084152
1919,226858.6215911,0.0,0.76401,441219.0047229332
1920,210414.1061245,0.0,0.75347,439369.0298603633
1921,199351.096421,0.0,0.74021,407919.4571966741
1922,196064.9625417,0.0,0.73474,355195.1736134305
1923,198058.7965808,0.0,0.74601,335770.43755644606
1924,200897.2408727,0.0,0.73802,323745.6009497414
1925,212260.2487534,0.0,0.72742,358895.12333857047
1926,227957.0764552,0.0,0.71933,384794.7714145497
1927,255893.8297865,0.0,0.67021,440294.0172916483
1928,282321.3615186,0.10658,0.5975,487468.376287182
1929,296033.5858945,0.25772,0.58308,490243.33858103695
1930,296642.812962,0.36495,0.67794,410694.419490529
1931,298913.5683955,0.43802,0.72244,271021.31736649777
1932,303893.5381369,0.46787,0.74959,147997.98900559606
1933,300141.2532437,0.45801,0.73869,100292.59658695156
1934,297713.5756868,0.40594,0.70921,98306.60457532876
1935,292442.8384814,0.32735,0.65755,108236.56463344276
1936,272375.2681057,0.23381,0.56717,152921.38489495582
1937,284490.5791076,0.17567,0.55407,307828.76180153445
1938,287089.0248577,0.089198,0.53526,688146.2320273012
1939,299845.8704231,0.0070192,0.479,882773.4491663359
1940,316456.5387263,0.0,0.39236,716943.1161958318
1941,300672.0192495,0.0,0.3493,593811.6114752181
1942,281753.6726603,0.0,0.37804,593811.6114752181
1943,265613.7707274,0.0,0.34956,473659.09477203846
1944,242832.3706873,0.0,0.25089,471673.1027604157
1945,230006.2947733,0.0,0.20897,437911.2385628281
1946,222917.1070785,0.0,0.22212,381310.46623157815
1947,219617.1271294,0.0,0.24628,360457.5501095387
1948,220724.8127067,0.0,0.25894,347548.6020339905
1949,226018.6266949,0.0,0.26787,385282.4502548237
1950,235687.7987136,0.0,0.2947,413086.3384175429
1951,259087.6565344,0.00095465,0.28412,472666.0987662271
1952,281665.9808854,0.1133,0.23956,523308.89506260847
1953,290970.5397349,0.26753,0.36819,526287.8830800428
1954,286336.7217364,0.38171,0.4127,440890.22658026224
1955,281079.8306007,0.46782,0.39294,290947.82970274065
1956,280904.447051,0.51133,0.31296,158879.3609298242
1957,278172.1559603,0.51317,0.1608,127974.20926290048
1958,276044.4765805,0.50489,0.052453,125440.0665052193
1959,273570.6454578,0.45916,0.01475,138110.78029362528
1960,271322.9668072,0.37726,0.0,195128.99234145225
1961,269199.902784,0.28013,0.0,392792.1274405856
1962,276921.3943292,0.14466,0.0067956,878080.465536535
1963,292433.6077682,0.01401,0.01774,1126426.4557892925
1964,313068.8670023,0.0,0.038049,914825.5355229124
1965,299878.1779191,0.0,0.07027,757708.6845466781
1966,283013.6650045,0.0,0.10518,757708.6845466781
1967,267362.9908683,0.0,0.13455,604393.0477069657
1968,245666.1996226,0.0,0.15676,601858.9049492845
1969,230698.5982591,0.0,0.19767,558778.4780687041
1970,221929.420772,0.0,0.25953,486555.4094747899
1971,220738.6587764,0.0,0.31673,459946.9105191374
1972,223212.4898991,0.0,0.33964,443474.98259420966
1973,228880.1477697,0.0,0.24719,491623.6949901524
1974,237681.6327528,0.0,0.20093,527101.6935976892
1975,258099.970228,0.0017668,0.18879,603125.9763281251
1976,276898.3175464,0.13148,0.17372,667746.6166489956
1977,286096.7231947,0.32108,0.19131,671547.8307855173
1978,286225.9531787,0.48571,0.3259,562579.6922052259
1979,284476.7330378,0.57399,0.39025,371251.91400029545
1980,286073.6464118,0.60748,0.42245,202731.42061449584
1981,281490.5973357,0.59154,0.43126,115953.1187162266
1982,278832.1519501,0.4777,0.40222,113657.01735550923
1983,274124.4882465,0.33779,0.35755,125137.52415909604
1984,270644.5093911,0.1967,0.29358,176799.80477523658
1985,268798.3667622,0.14447,0.27459,355895.7109111906
1986,273529.1072487,0.073363,0.32961,795599.1214885648
1987,285312.1125774,0.0060146,0.34231,1020617.054838866
1988,301996.6265857,0.0,0.28509,828892.5912189663
1989,286992.1023697,0.0,0.22575,686534.3068544901
1990,268087.6018501,0.0,0.20388,686534.3068544901
1991,250840.01434,0.0,0.17689,547620.17453109
1992,230024.7561996,0.0,0.17822,545324.0731703725
1993,215232.5383858,0.0,0.21781,506290.3500381775
1994,213547.933237,0.0,0.23891,440851.4612577328
1995,210354.1064891,0.0,0.16869,416742.3969702006
1996,212878.706534,0.0,0.12343,401817.73812553775
1997,219603.2810596,0.0,0.10545,445443.6639791675
1998,230061.6790521,0.0,0.096784,477589.0830292105
1999,253060.0008512,0.0043367,0.077738,546472.1238507313
2000,274378.332858,0.11,0.054913,605022.7085490238
2001,285385.9582826,0.19629,0.043691,608466.8605900999
2002,285492.1114837,0.19618,0.038628,509734.5020792536
2003,287439.7919572,0.28701,0.038832,336378.849345093
2004,291159.7693543,0.36762,0.046091,183688.10885738867
2005,286585.9509913,0.42628,0.047325,306805.3085497729
2006,283355.2013908,0.39656,0.041322,310923.50061084365
2007,282058.286194,0.34006,0.032212,327396.26885512675
2008,279358.3025993,0.2623,0.021295,393287.3418322592
2009,276584.4732995,0.20878,0.012879,642437.9615270413
2010,281444.4437699,0.11594,0.0099149,1155152.873130353
2011,291916.6878322,0.014157,0.0087041,1461958.181680126
2012,306330.446407,0.0,0.0075473,1340471.515878538
2013,289867.4695141,0.0,0.0063584,1173684.7374051714
2014,269352.2095509,0.0,0.0063343,1064552.647786796
2015,251573.856035,0.0,0.0070717,945125.0780157434
2016,228838.6095605,0.0,0.0092302,881293.1010691463
2017,216750.9906981,0.0,0.013359,860702.1407637923
2018,210349.4911325,0.0,0.016804,817461.1241225492
2019,206938.7426257,0.0,0.018982,817461.1241225492
2020,209883.3401187,0.0,0.021741,864820.3328248633
2021,217004.8353095,0.0,0.022672,920415.9256493186
2022,228206.3057101,0.0,0.019718,1013075.2470234112
2023,249866.1741033,0.0055062,0.016104,1103675.4723669682
2024,273556.7993881,0.11624,0.016345,1159271.0651914238
2025,286558.2588519,0.20436,0.017674,1111911.8564891098
2026,287407.4844612,0.20883,0.021511,955420.5581684202
2027,289156.704602,0.29765,0.02998,584783.2726720503
2028,292193.6092265,0.37415,0.045354,374755.4775574407
2029,292359.7620631,0.42986,0.070074,440295.4782128424
2030,287029.0252222,0.43351,0.095573,446205.4846318066
2031,281601.3658934,0.40279,0.12486,469845.510307664
2032,280664.4485092,0.33883,0.14161,564405.6130110931
2033,277189.0850104,0.24102,0.18804,921961.0013584348
2034,278324.4627272,0.12261,0.30093,1657756.8005194934
2035,283858.2752572,0.014388,0.41398,2098052.278732336
2036,288335.1711322,0.0,0.46674,1923707.089372888
2037,270866.0465066,0.0,0.48129,1684351.8294048328
2038,253055.3854946,0.0,0.47751,1527736.6593022782
2039,240063.156744,0.0,0.44021,1356346.473152313
2040,221527.8847502,0.0,0.39222,1264741.3736583658
2041,206680.2826576,0.0,0.35568,1235191.341563544
2042,197163.4174058,0.0,0.33822,1173136.2741644187
2043,195783.4257908,0.0,0.32649,1173136.2741644187
2044,199300.3274987,0.0,0.32768,1241101.3479825086
2045,204538.7572081,0.0,0.31671,1320886.4346385268
2046,204054.1447681,0.0,0.30176,1453861.5790652244
2047,202752.6142147,0.0087325,0.30237,1583881.7202824394
2048,208595.6556351,0.13496,0.34113,1663666.8069384578
2049,220530.9677307,0.26035,0.43095,1595701.733120368
2050,228330.9203376,0.32244,0.46462,1371121.4891997236
2051,231543.2085118,0.36383,0.4192,839220.9114929343
2052,235590.8762256,0.36271,0.38933,537810.5841257537
2053,232046.2823782,0.32917,0.36004,508339.09463759407
2054,227223.2347603,0.31183,0.32888,515162.4381897766
2055,221689.4222303,0.2728,0.30284,542455.8123985064
2056,218758.6708069,0.21545,0.31497,651629.309233426
2057,219049.438271,0.15113,0.31031,1064441.5941404654
2058,228026.3068038,0.075803,0.37056,1913947.8663871828
2059,240663.1530984,0.0081447,0.4768,2422286.961024777
2060,252843.0790923,0.0,0.50456,2220998.3262353945
2061,238526.2430055,0.0,0.48296,1944652.912372004
2062,225017.0943188,0.0,0.47636,1763834.3082391687
2063,218495.5954823,0.0,0.47005,1565957.3452258771
2064,202203.3867826,0.0,0.46874,1460195.5201670488
2065,187798.8589209,0.0,0.40205,1426078.8024061362
2066,178369.685444,0.0,0.3029,1354433.6951082204
2067,178729.6832567,0.0,0.25615,1354433.6951082204
2068,182809.6584664,0.0,0.22262,1432902.1459583188
2069,183017.3495122,0.0,0.19355,1525017.283912782
2070,179385.0638899,0.0,0.17948,1678542.513836888
2071,177654.3051753,0.01061,0.18637,1828656.0719849025
2072,185283.4895891,0.12741,0.189,1920771.2099393655
2073,195829.5793565,0.20208,0.18185,1842302.759089267
2074,204806.4478893,0.18398,0.15115,1583015.704106333
2075,215717.1508259,0.21775,0.11663,968914.7844099108
2076,217512.5245325,0.23084,0.082119,620924.263248605
2077,208978.7302306,0.225,0.057646,426703.91444451554
2078,201386.4686694,0.19178,0.044415,432431.48376591847
2079,198224.9494174,0.14722,0.03864,455341.7610515301
2080,197832.6441088,0.09866,0.030527,546982.8701939763
2081,202757.2295713,0.067857,0.025044,893500.8141388514
2082,214789.4641549,0.032937,0.028329,1606583.1946535115
2083,223941.7162375,0.0025815,0.039347,2033287.109098027
2084,233592.4268298,0.0,0.04572,1864323.814116642
2085,227527.848294,0.0,0.042513,1632357.2565998246
2086,224615.558297,0.0,0.040661,1480576.669582648
2087,210967.9489131,0.0,0.036966,1314477.159261964
2088,195280.3519244,0.0,0.031445,1225699.8347802192
2089,189649.6169064,0.0,0.025273,1197061.9881732045
2090,190549.6114379,0.0,0.019145,1136922.5102984745
2091,193226.5182498,0.0,0.014621,1136922.5102984745
2092,200694.1651835,0.0,0.010102,1202789.5574946075
2093,211194.1013852,0.0,0.0096939,1280111.743333547
2094,240792.3830824,0.0,0.014173,1408982.053065112
2095,268881.4431805,0.012189,0.018816,1534988.5781359754
2096,286521.3359993,0.13466,0.023715,1612310.7639749146
2097,293204.3723158,0.21683,0.026869,1546443.7167787813
2098,298327.4181109,0.2129,0.024106,1328796.082565471
2099,301059.7092016,0.24994,0.018494,813314.8436392109
2100,296347.4301414,0.26333,0.016156,521208.8082476633
2101,291496.6903841,0.25456,0.019942,297044.79602101626
2102,283355.2013908,0.25685,0.034224,301031.97449109703
2103,276579.8579429,0.23925,0.067925,316980.6883714202
2104,269130.6724354,0.20166,0.14258,380775.54389271216
2105,269167.595288,0.13787,0.23938,621999.8413325979
2106,273819.8747127,0.068214,0.34471,1118403.560857652
2107,280710.602075,0.008309,0.47964,1415448.356878668
2108,291187.4614938,0.0,0.55723,1297826.592011286
2109,278892.1515855,0.0,0.59022,1136345.8639730157
2110,262946.0946287,0.0,0.60714,1030685.6345158754
2111,240127.771736,0.0,0.60099,915057.4588835336
2112,223941.7162375,0.0,0.59178,853256.1925972817
2113,215375.6144396,0.0,0.59511,833320.300246878
2114,211494.0995624,0.0,0.61623,791454.92631103
2115,213238.7043466,0.0,0.63611,791454.92631103
2116,220069.4320734,0.0,0.63311,837307.4787169588
2117,229397.0677058,0.0,0.65138,891134.388063049
2118,250835.3989834,0.0,0.69091,980845.903639866
2119,272970.6491035,0.016255,0.67932,1068563.8299816423
2120,283115.2028491,0.16547,0.74722,1122390.739327733
2121,283470.5853051,0.32287,0.82664,1076538.186921804
2122,283309.0478251,0.43687,0.85098,925025.4050587352
2123,283553.6617234,0.53965,0.8604,566179.3427514674
2124,277821.3888608,0.60329,0.86316,362833.2407773488
2125,274092.1807505,0.62578,0.86226,317884.5965885809
2126,270464.5104848,0.57785,0.85947,322151.5039253404
2127,268295.2928959,0.49424,0.86598,339219.1332723783
2128,263924.550222,0.3827,0.86217,407489.6506605299
2129,265027.6204428,0.26262,0.80957,665637.5445344782
2130,269338.3634812,0.133,0.81269,1196867.507961033
2131,272499.8827331,0.019582,0.86002,1514752.104549614
2132,276372.1668971,0.0,0.86428,1388878.3381152092
2133,262719.9421567,0.0,0.843,1216068.5909764506
2134,248878.4877968,0.0,0.81355,1102995.546552325
2135,229766.2962315,0.0,0.7733,979255.2337862996
2136,215421.7680053,0.0,0.7212,913118.1700665278
2137,208475.6563642,0.0,0.67169,891783.6333827304
2138,206297.2080621,0.0,0.63398,846981.106346756
2139,208743.3470454,0.0,0.60915,846981.106346756
2140,215140.2312544,0.0,0.57479,896050.54071949
2141,223101.7213413,0.0,0.53993,953653.7897657428
2142,245938.5056604,0.0,0.52098,1049659.204842831
2143,269186.0567143,0.018685,0.44457,1143531.1662515395
2144,282455.2068592,0.18484,0.4637,1201134.4152977923
2145,283645.9688549,0.37621,0.5838,1152064.9809250585
2146,282925.9732296,0.53981,0.59501,989922.5021281984
2147,286119.7999775,0.66201,0.55781,605900.8418198456
2148,282921.357873,0.73748,0.50992,388288.56764511234
2149,280096.7596509,0.76474,0.452,337255.98841631465
2150,277406.0067693,0.7172,0.4155,341782.9144353256
2151,271212.1982495,0.62595,0.40837,359890.61851136945
2152,268553.7528639,0.49761,0.42204,432321.4348155443
2153,269319.9020549,0.34926,0.3894,706200.4589657059
2154,276727.5493532,0.18332,0.47779,1269802.7483325673
2155,281749.0573037,0.031732,0.61066,1607058.736748882
2156,285907.4935752,0.0,0.62484,1473514.4191880596
2157,270256.819439,0.0,0.5744,1290173.9154181166
2158,254693.8370777,0.0,0.57213,1170210.3759143269
2159,234266.2688894,0.0,0.56052,1038929.5213630098
2160,232493.9719657,0.0,0.52525,968762.16806834
2161,226341.701655,0.0,0.47996,946127.5379732857
2162,222755.5695984,0.0,0.44934,898594.8147736707
2163,224938.6332571,0.0,0.434,898594.8147736707
2164,231732.4381313,0.0,0.39356,950654.4639922964
2165,240473.9234789,0.0,0.37555,1011767.965248944
2166,263518.3988437,0.0,0.3764,1113623.8006766902
2167,283964.4284583,0.023574,0.28327,1213216.1730949306
2168,294210.5200485,0.19287,0.21344,1274329.6743515783
2169,301396.6302314,0.38245,0.30341,1222270.0251329527
2170,309076.5835674,0.5439,0.38312,1050246.8364105371
2171,312067.3346262,0.65256,0.38361,642823.494699553
2172,306588.906375,0.71291,0.31064,411950.2677299952
2173,301115.0934805,0.7258,0.23057,456954.8362143735
2174,298359.7256069,0.67437,0.18062,463088.4581769825
2175,292502.8381168,0.58256,0.16817,487622.94602741866
2176,285492.1114837,0.45786,0.18897,585760.8974291632
2177,278209.0788129,0.30929,0.20946,956845.0261670102
2178,278684.4605398,0.15627,0.31098,1720480.9605118355
2179,278075.2334723,0.026256,0.45124,2177435.796726209
2180,279510.6093662,0.0,0.49853,1996493.9488292425
2181,265129.1582874,0.0,0.49062,1748082.2593435762
2182,253530.7672216,0.0,0.44822,1585541.2773344368
2183,234330.8838814,0.0,0.38844,1407666.2404187743
2184,218218.674088,0.0,0.33825,1312595.0999983342
2185,211521.7917018,0.0,0.29303,1281926.990185289
2186,210123.3386604,0.0,0.25231,1217523.9595778943
2187,209638.7262204,0.0,0.21277,1217523.9595778943
2188,208217.1963961,0.0,0.16712,1288060.6121478984
2189,203001.8434696,0.0,0.13531,1370864.5086431203
2190,190152.6907727,0.0,0.12701,1508871.0028018237
2191,187028.0943734,0.026429,0.096624,1643810.6859792226
2192,194486.510594,0.20039,0.04729,1726614.582474445
2193,201303.3922511,0.38977,0.048483,1656077.9299044404
2194,205844.9031181,0.54962,0.19899,1423000.295325297
2195,213875.6235536,0.66243,0.34615,870974.3186904837
2196,212223.3259008,0.72782,0.43955,558159.5985974226
2197,203574.1476846,0.62846,0.49415,564890.0595813014
2198,192437.292276,0.58246,0.51819,572472.476488433
2199,190037.3068584,0.50138,0.53248,602802.1441169594
2200,189769.6161772,0.39259,0.50224,724120.8146310644
2201,198529.5629512,0.26387,0.40659,1182857.0375125238
2202,210294.1068536,0.13325,0.4902,2126867.9424504032
2203,218661.7483189,0.022669,0.61373,2691758.002031705
2204,230597.0604145,0.0,0.64615,2468076.7032713243
2205,225146.3243028,0.0,0.62531,2160988.818532496
2206,221610.9611685,0.0,0.62813,1960054.7704935088
2207,205960.2870324,0.0,0.62887,1740164.680186694
2208,194417.2802454,0.0,0.59712,1622637.2181261547
2209,188108.0878113,0.0,0.53765,1584725.1335904968
2210,186603.4815687,0.0,0.46491,1505109.7560656157
2211,185731.1791766,0.0,0.39498,1505109.7560656157
2212,190037.3068584,0.0,0.2998,1592307.5504976287
2213,193074.2114829,0.0,0.22953,1694670.1787439045
2214,192289.6008656,0.0,0.19324,1865274.5591543647
2215,198141.8729991,0.025538,0.1117,2032087.7311112597
2216,211789.482383,0.17227,0.057826,2134450.3593575354
2217,220526.3523741,0.33106,0.049057,2047252.564925522
2218,222954.029931,0.46501,0.071914,1759120.7224545227
2219,225598.6292469,0.55158,0.1026,1076703.200812682
2220,223041.7217059,0.59837,0.10904,689999.9385489724
2221,217724.8309348,0.60493,0.10694,500651.7763677762
2222,215643.3051207,0.53172,0.10449,507371.9344398269
2223,215407.9219356,0.4289,0.09713,534252.5667280297
2224,216529.4535826,0.30954,0.082948,641775.0958808407
2225,220840.196621,0.21353,0.059019,1048344.6592399072
2226,227472.4640152,0.11185,0.06383,1885004.3392102176
2227,231155.5185597,0.021084,0.083274,2385656.115577993
2228,234686.2663374,0.0,0.10354,2187411.452452499
2229,228460.1503216,0.0,0.12301,1915245.0505344456
2230,223807.8708969,0.0,0.15199,1737160.8616251028
2231,206804.8972851,0.0,0.17141,1542276.277535633
2232,189968.0765098,0.0,0.16882,1438113.8274188472
2233,178854.2978841,0.0,0.16069,1404513.0370585937
2234,175748.162911,0.0,0.15227,1333951.3773020615
2235,176698.9263649,0.0,0.14024,1333951.3773020615
2236,178388.1468703,0.0,0.11704,1411233.1951306444
2237,178037.3797708,0.0,0.10298,1501955.3291033288
2238,175480.4722299,0.0,0.10336,1653158.885724469
2239,175812.7779031,0.028052,0.091906,1801002.3633095843
2240,188795.7759405,0.17622,0.060414,1891724.4972822687
2241,198035.719798,0.33124,0.080105,1814442.6794536856
2242,205041.8310745,0.46108,0.25891,1559076.6727157596
2243,212887.9372472,0.51699,0.41456,954262.4462311976
2244,206001.8252415,0.52599,0.53954,611534.3845566126
2245,195248.0444284,0.49401,0.64457,443272.7274102055
2246,190277.3054002,0.39216,0.68752,449222.6969056445
2247,186857.3261802,0.27244,0.69991,473022.5748874005
2248,185781.9480989,0.15459,0.64317,568222.0868144243
2249,192441.9076325,0.10552,0.46077,928195.2412884838
2250,202789.5370673,0.0542,0.38567,1668966.4434706394
2251,208180.2735436,0.0092449,0.36621,2112239.1708808444
2252,214457.1584817,0.0,0.35955,1936715.0707653945
2253,213358.7036175,0.0,0.35181,1695741.306200115
2254,211798.7130961,0.0,0.3239,1538067.1145709814
2255,196701.8817486,0.0,0.32503,1365517.9992032505
2256,184346.572205,0.0,0.52337,1273293.472023946
2257,179675.8313539,0.0,0.58992,1243543.624546751
2258,177677.3819582,0.0,0.2918,1181068.9448446415
2259,176265.0828471,0.0,0.063604,1181068.9448446415
2260,179768.1384854,0.0,0.033168,1249493.59404219
2261,179657.3699277,0.0,0.059539,1329818.1822306162
2262,176666.6188689,0.0,0.10366,1463692.495877994
2263,179288.1414019,0.033685,0.10762,1594591.8247776518
2264,189428.0797909,0.17164,0.14255,1674916.4129660786
2265,201335.6997471,0.2923,0.26423,1606491.7637685298
2266,208438.7335116,0.37092,0.30695,1380392.9229418477
2267,213654.0864381,0.43954,0.35228,844895.668352338
2268,210723.3350148,0.47475,0.45358,541447.224084949
2269,203269.5341508,0.47742,0.5294,416121.0757958182
2270,195308.0440638,0.43213,0.5944,421706.5935917352
2271,190438.8428802,0.36247,0.62777,444048.6647754033
2272,188301.9327873,0.27581,0.60973,533416.9495100756
2273,195695.7340159,0.18108,0.52678,871340.7761630554
2274,205734.1345603,0.090334,0.30742,1566737.7417547249
2275,212509.4780082,0.01655,0.21734,1982858.8175505428
2276,224070.9462215,0.0,0.14812,1818086.0425709912
2277,223484.7959368,0.0,0.10786,1591872.5718363514
2278,221509.4233239,0.0,0.092437,1443856.3502445505
2279,205752.5959866,0.0,0.08996,1281876.3341629568
2280,192861.9050806,0.0,0.096696,1195300.8083262427
2281,189695.7704721,0.0,0.11659,1167373.2193466576
2282,191929.603053,0.0,0.14259,1108725.282489529
2283,194389.588106,0.0,0.18387,1108725.282489529
2284,202337.2321232,0.0,0.23573,1172958.7371425747
2285,215509.4597801,0.0,0.31954,1248363.2273874546
2286,244955.4347105,0.0,0.42035,1374037.3777955878
2287,269209.1334972,0.037219,0.41677,1496918.769305762
2288,281841.3644351,0.17023,0.52102,1572323.259550642
2289,281661.3655288,0.27007,0.84027,1508089.804897596
2290,281361.3673516,0.31854,0.92391,1295840.1286527491
2291,282685.9746878,0.35053,0.94102,793143.5270202173
2292,276395.24368,0.34646,0.95454,508282.1194284491
2293,271147.5832575,0.31234,0.96138,350633.0460708392
2294,265023.0050862,0.25745,0.95746,355339.5299107162
2295,260583.0320638,0.19025,0.9361,374165.4652702243
2296,255321.5255715,0.12139,0.87229,449469.20670825685
2297,258695.3512258,0.078557,0.82289,734211.4790208174
2298,266084.5370978,0.038059,0.82984,1320168.7170855084
2299,272047.577789,0.0060385,0.854,1670801.7631563474
2300,280479.8342464,0.0,0.88872,1531960.489879975
2301,272975.26446,0.0,0.89515,1341347.8943649551
2302,259124.579387,0.0,0.87385,1216626.072608214
2303,238766.2415472,0.0,0.82427,1080138.0412517798
2304,224218.6376318,0.0,0.76621,1007187.5417336856
2305,218094.0594606,0.0,0.72224,983655.1225343004
2306,213012.5518746,0.0,0.71535,934237.0422155916
2307,213469.4721753,0.0,0.8114,934237.0422155916
2308,218735.5940241,0.0,0.89504,988361.6063741776
2309,227167.8504814,0.0,0.93109,1051899.1382125174
2310,255912.2912128,0.0,0.94126,1157795.0246097508
2311,276806.0104149,0.041851,0.94745,1261337.6690870454
2312,285658.2643203,0.16471,0.96051,1324875.2009253856
2313,284116.7352252,0.23845,0.98125,1270750.6367667995
2314,282016.7479849,0.24682,0.99227,1091904.250851472
2315,283045.9725005,0.29631,0.99471,668320.7052625391
2316,278601.3841215,0.32392,0.99434,428290.0294288103
2317,272827.5730497,0.32868,0.99463,163670.89358412314
2318,266970.6855597,0.33456,0.99501,160429.88579037815
2319,265766.0774943,0.31651,0.9941,176634.92475910316
2320,264372.2398095,0.27354,0.98132,249557.600118366
2321,265909.1535481,0.19445,0.93268,502356.208030477
2322,270930.6614986,0.10765,0.88019,1123009.2005326468
2323,277646.0053111,0.025258,0.83252,1440627.9643196582
2324,287605.9447938,0.0,0.81656,1170003.8135419495
2325,277064.470383,0.0,0.81359,969061.3303297588
2326,258076.8934451,0.0,0.81577,969061.3303297588
2327,235664.7219307,0.0,0.79293,772980.3588081856
2328,216963.2971004,0.0,0.74426,769739.3510144405
2329,213894.0849799,0.0,0.68568,714642.2185207753
2330,211835.6359487,0.0,0.60075,622273.4963990424
2331,213109.4743626,0.0,0.47434,588242.9145647199
2332,219127.8993327,0.0,0.34982,567176.3639053773
2333,230749.3671814,0.0,0.24067,628755.5119865325
2334,257010.746077,0.0,0.16068,674129.6210989626
2335,277309.0842813,0.045714,0.094505,771359.854911313
2336,287739.7901344,0.1727,0.097244,854005.5536518109
2337,288496.7086122,0.25243,0.094746,858867.0653424284
2338,292627.4527443,0.27063,0.099613,719503.7302113929
2339,294330.5193194,0.31226,0.10979,474807.6417836444
2340,289539.7791975,0.32796,0.12224,259280.623499601
2341,285432.1118483,0.3194,0.13794,160167.1771268746
2342,279939.8375274,0.30662,0.14915,156995.54985703554
2343,277756.7738688,0.27407,0.14529,172853.686206231
2344,273921.4125573,0.22384,0.15088,244215.2997776108
2345,274036.7964716,0.16009,0.15944,491602.22682506073
2346,279413.6868782,0.089317,0.16972,1098968.8489992486
2347,284112.1198686,0.021316,0.24701,1409788.321443481
2348,288164.402939,0.0,0.44153,1144957.4444119155
2349,278167.5406037,0.0,0.66512,948316.5536818914
2350,262719.9421567,0.0,0.73013,948316.5536818914
2351,240658.5377418,0.0,0.72207,756433.1038566256
2352,225252.477504,0.0,0.65192,753261.4765867867
2353,216940.2203175,0.0,0.56199,699343.8129995217
2354,217697.1387953,0.0,0.52401,608952.4358091075
2355,219137.1300459,0.0,0.52198,575650.3494757969
2356,225021.7096754,0.0,0.5437,555034.7722218429
2357,233767.8103796,0.0,0.57523,615295.6903487857
2358,257130.7453478,0.0,0.58706,659698.472126533
2359,281259.8295071,0.049892,0.6098,754847.2902217061
2360,292345.9159934,0.20033,0.6257,835723.7856026031
2361,293993.5982896,0.33028,0.523,840481.226507362
2362,296481.275482,0.4215,0.38169,704101.2539042806
2363,298221.2649097,0.4526,0.32531,464643.3950314284
2364,291704.3814298,0.43855,0.32505,253730.1815871281
2365,283627.5074286,0.38555,0.31544,151128.06130516817
2366,277290.622855,0.34407,0.2896,148135.42642783813
2367,273192.1862189,0.28371,0.25167,163098.6008144884
2368,270141.4355247,0.21176,0.19626,230432.8855544148
2369,271401.4278689,0.13574,0.14184,463858.4059861597
2370,273898.3357745,0.066671,0.087457,1036947.9849948668
2371,275462.9416524,0.013705,0.065315,1330226.2029732128
2372,275352.1730947,0.0,0.074418,1080341.1907161523
2373,267889.1415175,0.0,0.091725,894797.8283216888
2374,254564.6070937,0.0,0.1008,894797.8283216888
2375,234746.2659729,0.0,0.11777,713743.41824322
2376,217069.4503015,0.0,0.15748,710750.7833658899
2377,209366.4201826,0.0,0.2366,659875.9904512787
2378,204386.4504413,0.0,0.318,574585.8964473719
2379,207598.7386155,0.0,0.35026,543163.2302354064
2380,211046.4099749,0.0,0.34081,523711.103532761
2381,210109.4925907,0.0,0.2972,580571.1662020321
2382,205757.2113432,0.0,0.26269,622468.054484653
2383,212560.2469305,0.055296,0.22092,712247.100804555
2384,228746.3024291,0.17788,0.21355,788559.2901764715
2385,240007.7724651,0.2429,0.28266,793048.2424924666
2386,242883.1396096,0.23994,0.3376,664364.942767274
2387,246538.5020147,0.24477,0.36991,438421.0095288542
2388,240072.3874572,0.22081,0.41228,239410.79018640504
2389,232526.2794617,0.17468,0.45299,142199.49247513252
2390,227786.3082621,0.21495,0.44795,139383.66094097146
2391,226618.6230493,0.23479,0.39413,153462.81861177663
2392,224878.6336216,0.22777,0.37264,216819.02813040005
2393,231233.9796215,0.18916,0.34815,436453.8877949611
2394,236878.5607092,0.1232,0.22586,975685.6265868
2395,239121.6240033,0.038428,0.15905,1251637.116934582
2396,238175.475906,0.0,0.11172,1016515.1838321352
2397,232364.7419817,0.0,0.059709,841933.6287141507
2398,227149.3890551,0.0,0.030962,841933.6287141507
2399,210538.7207519,0.0,0.024484,671575.8208974078
2400,197306.4934596,0.0,0.029197,668759.9893632468
2401,189783.462247,0.0,0.043008,620890.8532825091
2402,188020.3960364,0.0,0.083172,540639.6545589195
2403,191084.9928003,0.0,0.12697,511073.4234502286
2404,194740.3552055,0.0,0.15698,492770.518478182
2405,193928.0524488,0.0,0.15775,546271.3176272417
2406,188565.0081119,0.0,0.13744,585692.9591054962
2407,188140.3953073,0.05901,0.090011,670167.9051303274
2408,197029.5720652,0.20739,0.073127,741971.6092514338
2409,207137.2029583,0.33158,0.10155,746195.3565526755
2410,218218.674088,0.41823,0.12156,625114.6005837509
2411,229240.1455823,0.4827,0.1064,412519.31975459226
2412,225280.1696434,0.51177,0.09197,225266.5227328832
2413,215514.0751367,0.50679,0.084369,245707.0455843109
2414,207857.1985835,0.48586,0.077694,249005.1267330936
2415,204044.9140549,0.43568,0.071005,262197.45132822444
2416,202567.9999518,0.35952,0.059232,314966.7497087475
2417,210271.0300708,0.24558,0.046083,514500.6592101007
2418,220304.8152586,0.13246,0.036011,925111.7622335464
2419,226475.5469956,0.034329,0.034062,1170818.8078178572
2420,234824.7270346,0.0,0.028804,1073525.413928768
2421,236112.4115182,0.0,0.021181,939953.1274030686
2422,235286.2626918,0.0,0.015397,852553.9769603272
2423,219534.0507111,0.0,0.010212,756909.6236456289
2424,208858.7309597,0.0,0.006829,705789.365839497
2425,204575.6800607,0.0,0.0058889,689298.9600955836
2426,202747.9988581,0.0,0.0065699,654669.1080333652
2427,207040.2804702,0.0,0.0079075,654669.1080333652
2428,215135.6158978,0.0,0.0089358,692597.0412443663
2429,228197.074997,0.0,0.008777,737121.1367529327
2430,262350.7136309,0.0,0.0080298,811327.9626005434
2431,288492.0932556,0.064371,0.0074277,883885.7478737627
2432,300164.3300266,0.22105,0.0072224,928409.8433823292
2433,302545.8540178,0.36767,0.016066,890481.9101713281
2434,307055.0573888,0.48787,0.023619,765154.8265175855
2435,310161.1923619,0.48011,0.029797,468327.523127143
2436,304475.073065,0.41388,0.036621,300125.38453922543
2437,299550.4876025,0.30417,0.041037,149324.5303254071
2438,294455.1339468,0.29317,0.043072,146367.6089328248
2439,292595.1452483,0.2636,0.043184,161152.2158957364
2440,286885.9491685,0.21762,0.049476,227682.94722883857
2441,285625.9568243,0.14686,0.054552,458322.81585025945
2442,285182.8825934,0.078023,0.058648,1024573.2625297736
2443,285875.1860792,0.020071,0.075379,1314351.559002841
2444,289336.7035083,0.0,0.075623,1067448.622722217
2445,282621.3596958,0.0,0.050698,884119.4963821134
2446,267561.4512009,0.0,0.025585,884119.4963821134
2447,244678.5133162,0.0,0.013863,705225.7521308832
2448,228427.8428256,0.0,0.010781,702268.8307383008
2449,217115.6038673,0.0,0.013499,652001.1670644013
2450,214378.69742,0.0,0.018234,567728.9073758052
2451,217812.5227097,0.0,0.021796,536681.2327536909
2452,224915.5564742,0.0,0.023298,517461.24370190594
2453,237700.0941791,0.0,0.027438,573642.7501609699
2454,267224.5301711,0.0,0.037252,615039.6496571223
2455,290905.9247429,0.038269,0.032918,703747.291434592
2456,299278.1815647,0.11627,0.043395,779148.7869454409
2457,299139.7208676,0.16988,0.10087,783584.1690343146
2458,300072.0228951,0.19283,0.18051,656436.5491532749
2459,302735.0836373,0.24414,0.25561,433188.9840133097
2460,301355.0920222,0.2829,0.28622,236553.71140658556
2461,298553.5705829,0.30613,0.26745,153858.86754952508
2462,292392.0695591,0.26652,0.21587,150812.15730101964
2463,289816.7005918,0.21253,0.14926,166045.70854354688
2464,283138.2796319,0.15218,0.068398,234596.68913491943
2465,283212.1253371,0.097517,0.02959,472240.08851834433
2466,285293.6511511,0.048269,0.043071,1055685.1011071375
2467,287347.4848257,0.010783,0.10226,1354262.705460671
2468,290596.6958525,0.0,0.18713,1099862.3997104666
2469,282215.2083175,0.0,0.2432,910966.3643031288
2470,266084.5370978,0.0,0.29303,910966.3643031288
2471,240501.6156184,0.0,0.30183,726640.3942685493
2472,223600.1798511,0.0,0.2773,723593.6840200437
2473,217267.9106341,0.0,0.25682,671799.6097954512
2474,214092.5453125,0.0,0.23619,584968.3677130458
2475,217503.2938193,0.0,0.21987,552977.9101037387
2476,222755.5695984,0.0,0.20607,533174.2934884534
2477,234201.6538974,0.0,0.19016,591061.7882100567
2478,267427.6058603,0.0,0.16817,633715.731689133
2479,290070.5452033,0.05016,0.12723,725117.0391442965
2480,298484.3402343,0.14499,0.098117,802808.1504811854
2481,298498.186304,0.21512,0.10698,807378.2158539435
2482,300662.7885364,0.25153,0.1689,676369.6751682094
2483,305190.4533337,0.2924,0.21989,446343.05140604806
2484,303681.2317346,0.31238,0.24072,243736.81988043577
2485,301322.7845262,0.31128,0.23639,162897.2666201317
2486,296125.893026,0.27909,0.20828,159671.5781722083
2487,292073.6099556,0.2318,0.17441,175800.02041182533
2488,285002.8836871,0.17486,0.1306,248378.01049010185
2489,285478.265414,0.11187,0.075652,499981.70942812704
2490,287389.0230349,0.055674,0.072354,1117701.0472054582
2491,290149.006265,0.013063,0.10374,1433818.5151019515
2492,291284.3839818,0.0,0.14908,1164473.5297003477
2493,282076.7476203,0.0,0.18717,964480.8459290968
2494,265913.7689046,0.0,0.20276,964480.8459290968
2495,243640.0580874,0.0,0.16774,769326.694829731
2496,223835.5630363,0.0,0.11712,766101.0063818076
2497,215537.1519196,0.0,0.077535,711264.3027671098
2498,214267.9288622,0.0,0.05116,619332.1820012928
2499,216990.9892398,0.0,0.036408,585462.4532980971
2500,221112.5026587,0.0,0.030665,564495.4783865951
2501,232738.585864,0.0,0.039444,625783.5588971396
2502,266282.9974304,0.0,0.074732,670943.1971680673
2503,288344.4018453,0.078439,0.087711,767713.8506057693
2504,295973.5862591,0.22754,0.081273,849968.9060278158
2505,295650.511299,0.35636,0.15838,854807.438699701
2506,298415.1098857,0.45207,0.32538,716102.8354389948
2507,302795.0832727,0.49896,0.32852,472563.3576207781
2508,300422.7899946,0.50738,0.26937,258055.075833872
2509,297150.502185,0.48034,0.18513,245570.1799103504
2510,291552.074663,0.37818,0.11935,248866.42393599276
2511,286705.9502622,0.2601,0.08816,262051.4000385619
2512,280687.5252921,0.14555,0.087623,314791.30444883846
2513,281379.8287779,0.092981,0.087077,514214.0680001969
2514,285132.1136711,0.046213,0.13601,924596.4491926616
2515,286059.8003421,0.011081,0.2492,1170166.6291030122
2516,287873.6354749,0.0,0.30767,1072927.4303465646
2517,280202.912852,0.0,0.23372,939429.547308052
2518,262779.9417921,0.0,0.14097,852079.0806285314
2519,236841.6378566,0.0,0.093063,756488.0038849051
2520,219294.0521693,0.0,0.069746,705396.2214874496
2521,213095.6282929,0.0,0.063227,688915.001359238
2522,213331.0114781,0.0,0.071448,654304.4390899941
2523,216026.3797162,0.0,0.089835,654304.4390899941
2524,223840.1783929,0.0,0.11837,692211.2453848803
2525,236781.6382212,0.0,0.15419,736710.5397310512
2526,264644.5458473,0.0,0.17703,810876.0303080028
2527,286609.0277742,0.05228,0.20778,883393.3988721331
2528,297376.654657,0.13988,0.22204,927892.693218304
2529,299135.105511,0.20806,0.19509,889985.8869234177
2530,300847.4027993,0.2472,0.16998,764728.6139490106
2531,299661.2561602,0.27962,0.15192,468066.6516412049
2532,292308.9931408,0.2917,0.17981,299958.2063334482
2533,284010.5820241,0.28417,0.25272,279068.45008326607
2534,278735.2294621,0.31511,0.33083,282814.335319283
2535,272162.9617033,0.32125,0.41487,297797.87626335106
2536,267847.6033084,0.29837,0.49782,357732.0400396229
2537,270930.6614986,0.20467,0.45953,584358.0968186511
2538,273662.9525893,0.11299,0.54231,1050720.808702767
2539,273662.9525893,0.034708,0.67265,1329789.258786033
2540,273639.8758064,0.0,0.72777,1219285.6443235315
2541,269255.2870629,0.0,0.72598,1067577.2922648434
2542,259839.9596557,0.0,0.72055,968311.333510393
2543,238623.1654935,0.0,0.70394,859680.6616659003
2544,219478.6664322,0.0,0.65157,801619.4405076366
2545,209537.1883758,0.0,0.55456,782890.0143275516
2546,207654.1228943,0.0,0.44816,743558.2193493732
2547,212324.8637454,0.0,0.35959,743558.2193493732
2548,214337.1592108,0.0,0.2725,786635.8995635688
2549,212661.7847751,0.0,0.21769,837205.3502497982
2550,205521.828158,0.0,0.2287,921487.7680601806
2551,213026.3979443,0.091119,0.22526,1003897.2432525546
2552,227338.6186746,0.19612,0.2456,1054466.6939387838
2553,233569.350047,0.22971,0.29655,1011389.0137245884
2554,233772.4257362,0.18803,0.26577,869045.3747559426
2555,232230.8966411,0.24211,0.2289,531915.7035144132
2556,226360.1630813,0.285,0.18487,340875.55647754646
2557,218352.5194286,0.31314,0.14768,298674.91715902305
2558,213487.9336015,0.32302,0.1207,302683.9764497482
2559,210755.6425108,0.3109,0.093849,318720.21361264883
2560,209403.3430352,0.27499,0.068836,382865.16226425103
2561,215994.0722202,0.18237,0.046925,625413.2493531221
2562,226415.5473601,0.096636,0.029669,1124541.1310484025
2563,229743.2194487,0.028362,0.031186,1423216.0482074253
2564,231252.4410478,0.0,0.033537,1304948.7991310337
2565,230435.5229345,0.0,0.030125,1142581.8978566653
2566,225598.6292469,0.0,0.035205,1036341.8266524492
2567,209334.1126866,0.0,0.0424,920079.1072214202
2568,194601.8945083,0.0,0.043333,857938.6882151803
2569,183788.1140597,0.0,0.04236,837893.3917615545
2570,177908.1497868,0.0,0.041358,795798.2692089406
2571,181508.1279131,0.0,0.037974,795798.2692089406
2572,186732.7115528,0.0,0.025959,841902.4510522798
2573,188145.0106638,0.0,0.020102,896024.7514770691
2574,182121.9703372,0.0,0.017798,986228.5855183848
2575,183746.5758506,0.04383,0.0129,1074427.889914338
2576,190494.2271591,0.10396,0.015031,1128550.1903391276
2577,196918.8035075,0.14059,0.021927,1082446.008495788
2578,203167.9963062,0.15006,0.028821,930101.7554482328
2579,210538.7207519,0.20664,0.039158,569286.4192829703
2580,202849.5367027,0.25689,0.0456,364824.395455988
2581,190521.9192985,0.29432,0.046904,303830.8834238095
2582,182191.2006858,0.28913,0.042751,307909.15031540423
2583,179758.9077722,0.26593,0.035662,324222.2178817833
2584,180668.133017,0.22512,0.022707,389474.48814729945
2585,192095.7558896,0.14815,0.012512,636209.6350887823
2586,207561.8157629,0.077585,0.0057887,1143953.8630923296
2587,216598.6839312,0.022454,0.0,1447784.7465161392
2588,224874.018265,0.0,0.0,1327475.8732140935
2589,229267.8377217,0.0,0.012991,1162306.0641045065
2590,225483.2453326,0.0,0.02641,1054231.9914772452
2591,207626.4307549,0.0,0.037402,935962.2516209972
2592,193554.2085664,0.0,0.039027,872749.1148012783
2593,185772.7173858,0.0,0.033559,852357.7803433044
2594,188126.5492376,0.0,0.024624,809535.9779815596
2595,193397.286443,0.0,0.016773,809535.9779815596
2596,202074.1567986,0.0,0.012658,856436.0472348994
2597,218541.7490481,0.0,0.0099363,911492.6502714284
2598,253443.0754467,0.0,0.0084459,1003253.6553323106
2599,276524.473664,0.069904,0.0098381,1092975.5269473954
2600,282750.5896799,0.1513,0.015433,1148032.1299839248
2601,280479.8342464,0.19097,0.024984,1101132.060730585
2602,281001.369539,0.18386,0.044673,946157.9188499838
2603,282224.4390306,0.19887,0.082051,579113.8986064557
2604,278956.7665775,0.19513,0.13188,371122.28713512304
2605,276169.091208,0.17537,0.16202,379896.0300416338
2606,271179.8907535,0.13984,0.16084,384995.30561266246
2607,267007.6084122,0.099008,0.13311,405392.407896777
2608,261755.3326331,0.059185,0.081338,486980.8170332353
2609,263546.0909831,0.037946,0.051628,795486.9890804681
2610,270542.9715465,0.018819,0.054489,1430346.797673534
2611,273926.0279139,0.0041125,0.095279,1810242.8277151675
2612,275144.4820489,0.0,0.17857,1659814.1983698232
2613,271369.1203729,0.0,0.28927,1453293.5377431628
2614,252907.6940843,0.0,0.39845,1318162.735110904
2615,226997.0822882,0.0,0.47187,1170283.7435510736
2616,213238.7043466,0.0,0.46115,1091244.9722001292
2617,206897.2044165,0.0,0.39715,1065748.594344986
2618,205784.9034826,0.0,0.34492,1012206.2008491852
2619,210700.258232,0.0,0.33095,1012206.2008491852
2620,216224.8400488,0.0,0.32466,1070847.8699160148
2621,229092.454172,0.0,0.33365,1139688.0901249014
2622,257278.4367581,0.0,0.3797,1254421.7904730458
2623,279579.8397148,0.074844,0.44786,1366605.853035676
2624,286489.0285033,0.17999,0.5454,1435446.0732445628
2625,282325.9768752,0.26792,0.60097,1376804.4041777332
2626,286022.8774895,0.32818,0.64294,1183031.932478645
2627,290467.4658685,0.42377,0.69463,724097.1310860672
2628,288113.6340167,0.50281,0.71834,464034.0769636064
2629,286405.952085,0.55628,0.72362,422082.8776705523
2630,281315.2137859,0.54848,0.7251,427748.41965270735
2631,279815.2229,0.50885,0.71639,450410.5875813276
2632,273902.951131,0.43808,0.68177,541059.2592958086
2633,274821.4070889,0.29824,0.6127,883824.5492161899
2634,281176.7530888,0.16485,0.47432,1589184.5259944953
2635,282644.4364787,0.054791,0.52981,2011267.403665048
2636,279256.7647547,0.0,0.59171,1844133.9151914732
2637,273907.5664876,0.0,0.56304,1614679.4649141931
2638,256152.2897545,0.0,0.49944,1464542.6023870842
2639,235101.6484289,0.0,0.40581,1300241.8849045872
2640,217724.8309348,0.0,0.29639,1212425.9841811836
2641,212380.2480242,0.0,0.20143,1184098.274270408
2642,212841.7836814,0.0,0.13433,1124610.08345778
2643,217050.9888752,0.0,0.091137,1124610.08345778
2644,221869.4211366,0.0,0.059439,1189763.8162525634
2645,231446.2860238,0.0,0.040035,1266248.6330116566
2646,261843.024408,0.0010889,0.024973,1393723.3276101456
2647,284527.5019601,0.11466,0.010864,1518365.2512175571
2648,295281.2827733,0.27895,0.0098537,1594850.0679766508
2649,295068.9763709,0.43451,0.010914,1529696.3351818672
2650,295428.9741836,0.56487,0.013266,1314405.7398599747
2651,299702.7943694,0.63245,0.013282,804506.9614660192
2652,297630.4992685,0.65746,0.013136,515564.3203761108
2653,296121.2776694,0.64248,0.014788,488032.8383545424
2654,291081.3082926,0.61024,0.019337,494583.61470829474
2655,288376.7093413,0.54513,0.02791,520786.72012330376
2656,285058.2679659,0.45164,0.041801,625599.1417833397
2657,286133.6460472,0.30843,0.059245,1021921.1111853506
2658,288422.862907,0.17161,0.077053,1837492.767227505
2659,284522.8866036,0.058458,0.11023,2325525.605582048
2660,280705.9867184,0.0,0.12537,2132277.703146357
2661,277978.3109842,0.0,0.091866,1866971.2608193909
2662,262244.5604298,0.0,0.055324,1693375.687444956
2663,237644.7099002,0.0,0.02992,1503403.173186141
2664,222690.9546064,0.0,0.015628,1401866.1397029809
2665,213437.1646793,0.0,0.0083566,1369112.2579342197
2666,213132.5511455,0.0,0.0,1300329.1062198211
2667,216349.4546763,0.0,0.0,1300329.1062198211
2668,222880.1842259,0.0,0.0,1375663.034287972
2669,233966.2707122,0.0,0.0,1464098.5150636274
2670,259987.651066,0.0040444,0.0,1611490.983023053
2671,279542.9168622,0.11846,0.0,1755608.0628056026
2672,286724.4116885,0.28109,0.0,1844043.5435812576
2673,285372.1122128,0.43491,0.0,1768709.6155131068
2674,286336.7217364,0.56375,0.0,1519780.1140705214
2675,289253.62709,0.65858,0.0,930210.2422328192
2676,283747.5066994,0.71566,0.0,596120.6481914546
2677,278490.6155638,0.73373,0.0,773062.7199208223
2678,274022.9504019,0.68533,0.0,801101.2641666554
2679,270566.0483294,0.60197,0.0,845161.8336958215
2680,264519.9312198,0.49002,0.0,977343.5422833196
2681,267067.6080477,0.33101,0.0058348,1361872.149083314
2682,273699.8754419,0.18173,0.017066,2002753.1604166385
2683,277378.3146299,0.061425,0.078109,2511452.463162465
2684,274562.9471209,0.0,0.19348,2303166.1344791343
2685,272412.1909582,0.0,0.24815,2102890.81843747
2686,256530.7489935,0.0,0.21831,1938665.0592833057
2687,233458.5814893,0.0,0.1817,1790461.3254124743
2688,216727.9139152,0.0,0.14833,1738389.743241642
2689,208147.9660476,0.0,0.11526,1702340.1863541426
2690,206767.9744325,0.0,0.094953,1714356.7053166423
2691,209292.5744775,0.0,0.088771,1774439.3001291414
2692,216930.9896044,0.0,0.099135,1870571.45182914
2693,232013.9748822,0.0,0.1105,1946676.0719249723
2694,256115.366902,0.0047487,0.10157,2058830.2489083044
2695,276326.0133314,0.12169,0.049543,2114907.33739997
2696,282173.6701083,0.28193,0.051393,2106896.324758304
2697,278402.9237889,0.43196,0.062998,1982725.628812472
2698,275509.0952181,0.55795,0.04645,1686318.1610708092
2699,276626.0115086,0.65135,0.03599,1105519.744549984
2700,269559.9005966,0.70795,0.02788,853172.8463374879
2701,261372.2580376,0.72603,0.020856,780922.6709054178
2702,254513.8381714,0.674,0.016844,809246.2910936971
2703,250489.2472405,0.58807,0.016367,853754.8371038504
2704,248920.026006,0.47475,0.018439,987280.4751343104
2705,253673.8432753,0.31732,0.025269,1375718.6948592854
2706,259096.8872476,0.17214,0.050933,2023115.7277342428
2707,261875.331904,0.057686,0.15118,2536987.1225787406
2708,260739.9541873,0.0,0.3072,2326583.0868943795
2709,260698.4159781,0.0,0.41036,2124271.514120955
2710,247189.2672914,0.0,0.49583,1958376.0244467468
2711,225667.8595955,0.0,0.51165,1808665.4605944129
2712,206546.437317,0.0,0.4788,1756064.4516733228
2713,198908.0221901,0.0,0.43891,1719648.3685741066
2714,196074.1932548,0.0,0.4076,1731787.062940512
2715,195598.8115279,0.0,0.38155,1792480.534772539
2716,197348.0316687,0.0,0.34481,1889590.0897037827
2717,198617.2547261,0.0,0.33518,1966468.487357684
2718,199346.4810645,0.0073334,0.27049,2079762.968110802
2719,208415.6567287,0.12664,0.21343,2136410.2084873603
2720,221343.2704874,0.28736,0.26927,2128317.745576424
2721,228026.3068038,0.43773,0.3471,2002884.5704569009
2722,228598.6110188,0.56213,0.37775,1703463.4427522323
2723,227320.1572483,0.62145,0.38156,1116759.881709302
2724,219778.6646094,0.63991,0.38369,861847.3000147874
2725,208729.5009757,0.62057,0.41559,508526.509995493
2726,199946.4774188,0.5522,0.48262,515352.3691900634
2727,198363.4101146,0.45769,0.54802,542655.8059683449
2728,198201.8726346,0.34687,0.59334,651869.5530814708
2729,206260.2852096,0.22553,0.60135,1064834.0343529785
2730,216972.5278135,0.11805,0.56856,1914653.5040769903
2731,221601.7304554,0.037522,0.70708,2423180.014072483
2732,222570.9553355,0.0,0.79559,2221817.1678326577
2733,225852.4738583,0.0,0.81805,1945369.870452557
2734,218897.1315041,0.0,0.8307,1764484.6017964422
2735,201178.7776236,0.0,0.8267,1566534.685153901
2736,188795.7759405,0.0,0.8105,1460733.8676380604
2737,180091.2134454,0.0,0.78863,1426604.5716652086
2738,175655.8557796,0.0,0.76644,1354933.0501222196
2739,177995.8415617,0.0,0.74035,1354933.0501222196
2740,179588.1395791,0.0,0.69369,1433430.4308597788
2741,181171.2068833,0.0,0.66322,1525579.5299864789
2742,176518.9274586,0.0086458,0.59056,1679161.3618643123
2743,177949.687996,0.1336,0.57113,1829330.264144861
2744,184978.8760554,0.28475,0.67326,1921479.363271561
2745,194509.5873768,0.41361,0.72925,1842981.982534001
2746,195908.0404182,0.50912,0.75513,1583599.333140327
2747,201820.3121871,0.5694,0.77726,969272.0056289934
2748,196757.2660275,0.59295,0.78677,621153.1867059042
2749,185135.7981788,0.58169,0.78515,467159.1772750695
2750,177465.0755559,0.57193,0.77679,473429.7702586275
2751,179657.3699277,0.53023,0.76749,498512.1421928594
2752,182606.5827773,0.45772,0.73043,598841.629929787
2753,193318.8253812,0.30772,0.64676,978212.5054350448
2754,206472.5916119,0.16894,0.50122,1758901.331888013
2755,213391.0111135,0.05889,0.40168,2226060.509163082
2756,220041.739934,0.00020436,0.42023,2041078.0161481225
2757,227061.6972802,0.0,0.37075,1787119.000314024
2758,222621.7242578,0.0,0.30476,1620948.2862497375
2759,205738.7499169,0.0,0.25227,1439101.0897265563
2760,195266.5058547,0.0,0.22097,1341906.8984814077
2761,187231.1700626,0.0,0.19691,1310553.9335636178
2762,187291.169698,0.0,0.17336,1244712.7072362588
2763,189700.3858287,0.0,0.14391,1244712.7072362588
2764,194929.5848249,0.0,0.11729,1316824.5265471758
2765,210838.7189291,0.0,0.097546,1401477.5318252083
2766,243686.2116531,0.010022,0.072624,1542565.873955263
2767,273109.1098006,0.11939,0.060897,1680518.9195935386
2768,287209.0241286,0.26342,0.057915,1765171.9248715714
2769,292447.453838,0.4004,0.041836,1693060.1055606543
2770,297524.3460673,0.51664,0.034166,1454777.5721854512
2771,301941.2423069,0.48054,0.033467,890424.2036652331
2772,296467.4294123,0.38782,0.03438,570623.9615037761
2773,292807.4516506,0.25409,0.032388,489926.8512965868
2774,288524.4007516,0.24166,0.02977,496503.0506428497
2775,283198.2792674,0.21558,0.029024,522807.8480279014
2776,277479.8524745,0.17787,0.031202,628027.0375681078
2777,278458.3080678,0.11561,0.034307,1025887.098017014
2778,277793.6967214,0.060455,0.028518,1844623.916626746
2779,279856.7611091,0.019106,0.027761,2334550.7679233323
2780,275056.7902741,0.0,0.040973,2140552.887208577
2781,272273.7302611,0.0,0.065444,1874216.8136849292
2782,254555.3763806,0.0,0.099961,1699947.531008962
2783,231727.8227747,0.0,0.13057,1509237.7499673378
2784,218754.0554504,0.0,0.14294,1407306.6601002624
2785,212758.7072631,0.0,0.1239,1374425.663368948
2786,209574.1112284,0.0,0.11008,1305375.5702331876
2787,211041.7946183,0.0,0.098863,1305375.5702331876
2788,217369.4484787,0.0,0.078185,1381001.862715211
2789,231635.5156433,0.0,0.060887,1469780.5538897605
2790,256341.519374,0.0069938,0.049881,1617745.0391806758
2791,278578.3073386,0.065186,0.043999,1762421.4247984595
2792,288330.5557756,0.12973,0.1002,1851200.115973009
2793,285445.957918,0.17696,0.22687,1775573.8234909854
2794,284767.5005019,0.20215,0.36171,1525678.2483329948
2795,287213.6394851,0.3204,0.48648,933820.3071693332
2796,285976.7239238,0.43786,0.64584,598434.1405099249
2797,284942.8840516,0.53743,0.78313,918361.53987247
2798,280212.1435652,0.52278,0.83094,951669.9895051502
2799,277193.700367,0.4786,0.84288,1004011.8389279336
2800,268235.2932604,0.40798,0.79096,1161037.387196283
2801,268272.216113,0.28681,0.67781,1617838.9821587554
2802,271216.813606,0.16838,0.45138,2379174.9737628754
2803,273787.5672167,0.066063,0.28929,2983485.417098646
2804,272606.0359343,0.0014142,0.23814,2736051.219827307
2805,270866.0465066,0.0,0.23472,2498133.72245102
2806,251920.0077779,0.0,0.26409,2303041.374602464
2807,226964.7747922,0.0,0.29972,2126982.42654401
2808,214544.8502566,0.0,0.33028,2065123.877226176
2809,208111.043195,0.0,0.34707,2022298.7276984444
2810,206458.7455422,0.0,0.33456,2036573.7775410211
2811,206777.2051456,0.0,0.25241,2107949.026753908
2812,214507.927404,0.0,0.14513,2222149.4254945256
2813,231293.9792569,0.0,0.089608,2312558.0744975144
2814,255492.2937647,0.014238,0.060453,2445791.8730282364
2815,277442.9296219,0.14693,0.042999,2512408.7722935965
2816,284596.7323087,0.29135,0.057947,2502892.072398545
2817,280862.9088418,0.41166,0.073278,2355383.2240252467
2818,281499.8280488,0.49909,0.08267,2003265.327908341
2819,283535.2002971,0.54654,0.077063,1313304.5855171075
2820,279118.3040576,0.55549,0.070518,1013528.5388229848
2821,276002.9383714,0.52905,0.060127,1244216.8597598094
2822,270718.3550963,0.45725,0.048626,1289343.8961241548
2823,267049.1466214,0.36721,0.044805,1360257.8104109832
2824,263730.705246,0.26768,0.04157,1572999.5532714687
2825,265950.6917572,0.17415,0.041436,2191884.623411063
2826,271022.96863,0.092008,0.034839,3223359.7403103868
2827,274184.4878819,0.030686,0.046449,4042093.114349225
2828,272107.5774245,0.0,0.10659,3706863.7013569446
2829,266749.1484442,0.0,0.22435,3384527.727325906
2830,249644.6369878,0.0,0.34712,3120212.228620454
2831,226235.5484538,0.0,0.39287,2881683.6078374856
2832,211337.1774389,0.0,0.39004,2797876.254589416
2833,204972.6007259,0.0,0.34574,2739855.779263829
2834,200698.7805401,0.0,0.26834,2759195.937705691
2835,201820.3121871,0.0,0.20136,2855896.729915003
2836,207137.2029583,0.0,0.19386,3010617.997449901
2837,222358.6489332,0.0,0.20204,3133105.667581696
2838,250230.7872725,0.007038,0.16369,3313613.813039078
2839,273086.0330178,0.03756,0.096337,3403867.885767768
2840,279856.7611091,0.08388,0.060578,3390974.4468065267
2841,277830.6195739,0.12987,0.088542,3191126.142907283
2842,278652.1530438,0.17068,0.10724,2714068.901341345
2843,281767.51873,0.21996,0.087258,1779294.5766513334
2844,278204.4634563,0.26074,0.057808,1373151.2493722246
2845,275222.9431107,0.28866,0.040364,1287857.1034231032
2846,271682.9646198,0.32743,0.037015,1334566.946552439
2847,270187.5890905,0.34203,0.033915,1407968.1286128229
2848,267870.6800912,0.32752,0.036047,1628171.6747939752
2849,270658.3554608,0.2353,0.037055,2268763.809139145
2850,275315.2502421,0.14224,0.024065,3336417.3663810967
2851,276256.7829828,0.058795,0.017693,4183867.377441896
2852,274378.332858,0.0013336,0.016848,3836879.971338261
2853,272421.4216714,0.0,0.011554,3503238.2347001517
2854,253396.921881,0.0,0.0070267,3229652.010656901
2855,228044.7682301,0.0,0.0,2982757.1255447
2856,211392.5617178,0.0,0.0,2896010.2740187915
2857,207469.5086315,0.0,0.0067306,2835954.7614239324
2858,204049.5294115,0.0,0.0086194,2855973.2656222186
2859,204451.0654333,0.0,0.011576,2956065.786613651
2860,210109.4925907,0.0,0.017902,3116213.820199944
2861,225709.3978046,0.0,0.024363,3242997.680122426
2862,255704.600167,0.013569,0.018084,3429837.052639767
2863,277895.234566,0.098387,0.011545,3523256.738898438
2864,288510.5546819,0.17877,0.010364,3509911.0694329133
2865,295322.8209824,0.23008,0.0097644,3303053.1927172854
2866,301913.5501674,0.24838,0.010175,2809263.4224928827
2867,307484.28555,0.27607,0.0087872,1841702.386242365
2868,296725.8893803,0.28531,0.0077465,1421313.798078347
2869,287822.8665527,0.27724,0.0071888,1307154.2960625184
2870,279990.6064497,0.25962,0.006784,1354564.0373704853
2871,275527.5566444,0.22805,0.0062233,1429065.0594258618
2872,271849.1174564,0.18619,0.0,1652568.1255919922
2873,273362.9544121,0.12169,0.0,2302758.8635298247
2874,270427.5876322,0.064887,0.0,3386410.0934262136
2875,264953.7747376,0.022098,0.0,4246558.257156472
2876,255958.4447785,0.0,0.0,3894371.6074401457
2877,249280.0238186,0.0,0.0,3555730.598097524
2878,234293.9610288,0.0,0.0,3278044.9704365744
2879,213787.9317787,0.0,0.0,3027450.6235230346
2880,196014.1936194,0.0,0.0,2939403.961093953
2881,186077.3309195,0.0,0.0,2878448.579412281
2882,181821.97216,0.0,0.0068472,2898767.039972838
2883,179061.9889299,0.0,0.008467,3000359.342775625
2884,179888.1377563,0.0,0.0085967,3162907.027260083
2885,177931.2265697,0.0,0.0089551,3291590.610810279
2886,170583.5789068,0.017834,0.012348,3481229.576042147
2887,177418.9219902,0.11753,0.014832,3576049.058658081
2888,188066.5496021,0.26338,0.016496,3562503.4182843766
2889,197601.8762802,0.42274,0.02204,3352545.992491951
2890,204894.1396642,0.5786,0.027224,2851357.298664872
2891,215172.5387504,0.6092,0.033955,1869298.3715712696
2892,212643.3233488,0.59541,0.042479,1442610.6997995663
2893,204571.0647041,0.54475,0.04995,1296224.2420122337
2894,199743.4017297,0.52098,0.059804,1343237.5564893612
2895,195714.1954422,0.4701,0.069108,1417115.622096276
2896,197283.4166767,0.39567,0.088319,1638749.8189170205
2897,200638.7809047,0.25407,0.099349,2283503.8460319145
2898,206034.1327375,0.13181,0.16086,3358093.8912234027
2899,206251.0544964,0.043472,0.25414,4211049.739594148
2900,203371.0719954,0.00084626,0.33719,3861807.9749069135
2901,207409.508996,0.0,0.38488,3525998.5857845726
2902,201515.6986534,0.0,0.42502,3250634.886704253
2903,185652.7181149,0.0,0.41,3002135.938753722
2904,172498.9518842,0.0,0.37368,2914825.4975819136
2905,164048.2340006,0.0,0.30257,2854379.8075398924
2906,160282.1030378,0.0,0.22806,2874528.3708872325
2907,162275.9370769,0.0,0.17346,2975271.1876239344
2908,164805.1524785,0.0,0.12229,3136459.694402658
2909,167288.2143143,0.0,0.88,3264067.262269147
2910,166706.6793862,0.019616,0.050284,3452120.5201776577
2911,177114.3084564,0.12379,0.02493,3546147.149131913
2912,189460.3872869,0.18511,0.025031,3532714.7735670195
2913,200421.8591458,0.18352,0.026222,3324512.9523111684
2914,208540.2713562,0.11956,0.024287,2827515.056410105
2915,221523.2693937,0.21587,0.029183,1853667.827955318
2916,217600.2163073,0.31621,0.076034,1430547.9976611696
2917,207921.8135755,0.40737,0.16641,1093958.4413146377
2918,201524.9293665,0.31966,0.14356,1133635.6904814898
2919,200223.3988132,0.21989,0.061052,1195985.6534579715
2920,202641.845657,0.12406,0.028404,1383035.5423874173
2921,210307.9529233,0.089553,0.023383,1927180.6738185324
2922,218047.9058948,0.054495,0.024003,2834089.2262037243
2923,220198.6620575,0.022674,0.029901,3553947.88965947
2924,220549.4291569,0.0,0.030593,3259202.6101342826
2925,222677.1085367,0.0,0.025278,2975793.6875139102
2926,217461.7556102,0.0,0.02206,2743398.3709652047
2927,199992.6309846,0.0,0.016582,2533675.768226129
2928,188648.0845302,0.0,0.011611,2459989.4483448323
2929,186991.1715208,0.0,0.0088642,2408975.842273165
2930,183908.1133306,0.0,0.0079273,2425980.3776303874
2931,187480.3993175,0.0,0.0087486,2511003.054416499
2932,196092.6546811,0.0,0.012026,2647039.337274278
2933,210474.1057599,0.0,0.019867,2754734.72787002
2934,243723.1345057,0.009967,0.027199,2913443.7245374285
2935,273972.1814796,0.039035,0.01743,2992798.2228711327
2936,290296.6976753,0.054652,0.015817,2981461.865966317
2937,293347.4483695,0.044774,0.015653,2805748.333941687
2938,299098.1826584,0.011838,0.014849,2386303.128463536
2939,306611.9831579,0.050715,0.012457,1564417.2528644558
2940,305227.3761862,0.097117,0.012142,1207322.0103627865
2941,302522.777235,0.14376,0.023567,970679.0186679126
2942,296998.1954181,0.14951,0.020188,1005884.9934382512
2943,293361.2944392,0.145,0.030798,1061208.6680773553
2944,285256.7282985,0.13022,0.069552,1227179.6919946666
2945,285312.1125774,0.11305,0.14647,1710004.4888450275
2946,283918.2748926,0.08306,0.18685,2514712.4835956283
2947,282695.205401,0.043146,0.24001,3153449.4544289177
2948,276118.3222857,0.0011887,0.33274,2891919.3561349725
2949,269610.6695189,0.0,0.38863,2640448.107775409
2950,251873.8542121,0.0,0.36552,2434241.684120568
2951,227121.6969157,0.0,0.26464,2248152.9603344915
2952,213063.3207969,0.0,0.15587,2182770.4357610056
2953,208461.8102945,0.0,0.096309,2137505.611056284
2954,205106.4460665,0.0,0.064715,2152593.8859578576
2955,207594.1232589,0.0,0.048858,2228035.2604657267
2956,216580.2225049,0.0,0.04722,2348741.459678317
2957,226600.161623,0.0,0.052155,2444300.534054951
2958,255307.6795018,0.018154,0.047938,2585124.433136306
2959,282445.9761461,0.091517,0.059286,2655536.382676984
2960,296365.8915677,0.14622,0.088964,2645477.532742601
2961,297261.2707427,0.16612,0.11777,2489565.358759672
2962,304350.4584375,0.14967,0.14053,2117387.911187519
2963,309261.1978303,0.186,0.11151,1388121.2909447867
2964,304678.1487542,0.21405,0.076433,1071267.5180117376
2965,297538.192137,0.23112,0.072903,816355.4596843412
2966,293532.0626324,0.22645,0.080511,845964.2069267785
2967,289415.16457,0.2094,0.10532,892492.2383077512
2968,283364.432104,0.18009,0.17213,1032076.3324506696
2969,287079.7941445,0.11832,0.24333,1438139.151775523
2970,282229.0543872,0.064031,0.31584,2114910.5173169463
2971,277590.6210322,0.022967,0.35802,2652097.7887154506
2972,270482.9719111,0.0,0.40577,2432147.094914488
2973,268189.1396947,0.0,0.42986,2220656.043182793
2974,252547.6962717,0.0,0.43608,2047233.380762804
2975,231072.4421415,0.0,0.43678,1890730.0024813495
2976,217987.9062594,0.0,0.43596,1835742.329031109
2977,214027.9303205,0.0,0.5173,1797673.9397194043
2978,210095.646521,0.0,0.50796,1810363.4028233057
2979,212587.93907,0.0,0.44862,1873810.718342814
2980,219764.8185397,0.0,0.35831,1975326.423174028
2981,227366.310814,0.0,0.28357,2055693.022832072
2982,253992.3028788,0.028559,0.19753,2174128.0118018207
2983,279732.1464817,0.15705,0.2264,2233345.506286695
2984,294085.9054211,0.26699,0.31085,2224885.864217427
2985,293596.6776244,0.33964,0.3301,2093761.412143777
2986,296615.1208226,0.37011,0.36194,1780754.6555808685
2987,300312.0214369,0.39768,0.46189,1167430.6055589544
2988,296185.8926614,0.39794,0.57217,900951.880377019
2989,293278.2180209,0.37262,0.61541,821918.6198970932
2990,286959.7948737,0.32591,0.61015,851729.1397897339
2991,284555.1940996,0.26446,0.60223,898574.2424781693
2992,278573.6919821,0.19601,0.59441,1039109.5505434752
2993,278107.5409683,0.12874,0.57599,1447939.537642548
2994,280244.4510612,0.070002,0.5282,2129322.8494743346
2995,280276.7585572,0.025539,0.41466,2670170.853240816
2996,273829.1054259,5.0861e-05,0.3381,2448721.276895485
2997,271226.0443192,0.0,0.33601,2235788.991948052
2998,261067.6445039,0.0,0.35953,2061184.518291156
2999,239398.5453976,0.0,0.44046,1903614.627430055
3000,224680.173289,0.0,0.57651,1848252.2333437223
3001,219326.3596653,0.0,0.71135,1809924.4220531848
3002,216566.3764352,0.0,0.77531,1822700.3591500304
3003,217332.5256261,0.0,0.80209,1886580.0446342605
3004,224057.1001518,0.0,0.78363,1988787.5414090285
3005,235780.105845,0.0,0.77296,2069701.809689053
3006,265447.6178909,0.024219,0.75424,2188943.8892596164
3007,292641.298814,0.11815,0.78678,2248564.929044897
3008,308153.512253,0.20546,0.84261,2240047.637647
3009,313124.2512812,0.2692,0.86976,2108029.620979592
3010,320001.1325737,0.30412,0.87088,1792889.8392573898
3011,326901.0906491,0.315,0.86836,1175386.2129098326
3012,326762.6299519,0.29968,0.87618,907091.5338760666
3013,323808.8017457,0.26233,0.88702,876208.7650337178
3014,317698.0696442,0.28971,0.89718,907988.357547894
3015,312330.4099508,0.29697,0.88889,957927.7172130283
3016,302315.0861892,0.28111,0.88323,1107745.7962084308
3017,301364.3227354,0.23663,0.85799,1543580.20783142
3018,300607.4042575,0.17154,0.78066,2269970.8938697358
3019,298387.4177463,0.092009,0.61743,2846543.5009126486
3020,289147.4738889,0.0074246,0.52593,2610466.527950196
3021,281107.5227402,0.0,0.46011,2383469.438563222
3022,263864.5505866,0.0,0.3713,2197331.8252659035
3023,241936.9915123,0.0,0.25598,2029353.9791195432
3024,227652.4629215,0.0,0.16269,1970334.7358789304
3025,221458.6544017,0.0,0.11841,1929475.259789275
3026,218117.1362434,0.0,0.11216,1943095.0851524936
3027,219409.4360836,0.0,0.1306,2011194.2119685852
3028,223674.0255563,0.0,0.16294,2120152.814874333
3029,231783.2070536,0.0,0.16155,2206411.7088413825
3030,257490.7431605,0.018931,0.12047,2333530.078898088
3031,285409.0350654,0.064867,0.08198,2397089.263926441
3032,299430.4883316,0.1071,0.080812,2388009.380350962
3033,303053.5432408,0.13051,0.060998,2247271.184931038
3034,308656.5861194,0.13333,0.027802,1911315.492638317
3035,311158.1093815,0.14215,0.014636,1253023.9334160937
3036,306293.5235544,0.13998,0.042913,967007.6007885071
3037,296088.9701734,0.1281,0.25225,876062.922510171
3038,287615.1755069,0.17156,0.61684,907837.2253991409
3039,283198.2792674,0.20008,0.83108,957768.2727960936
3040,278015.2338368,0.20743,0.8357,1107561.4149869515
3041,278112.1563248,0.179,0.78043,1543323.2831785397
3042,276441.3972457,0.13222,0.7619,2269593.063497852
3043,273487.5690395,0.072372,0.72992,2846069.7016263064
3044,266287.612787,0.0059943,0.68704,2610032.0230225297
3045,262281.4832824,0.0,0.65188,2383072.716672744
3046,250120.0187147,0.0,0.63883,2196966.0854659206
3047,229637.0662475,0.0,0.64437,2029016.19876708
3048,213363.3189741,0.0,0.63177,1970006.779116136
3049,205318.7524688,0.0,0.59888,1929154.1039731745
3050,200329.5520143,0.0,0.52632,1942771.6623541613
3051,201723.3896991,0.0,0.42714,2010859.4542590969
3052,204104.9136904,0.0,0.33954,2119799.921306994
3053,203624.9166069,0.0,0.28897,2206044.457719912
3054,204954.1392996,0.030645,0.21895,2333141.6692757923
3055,214341.7745674,0.13232,0.23352,2396690.275053732
3056,228123.2292918,0.21362,0.43721,2387611.90279974
3057,238470.8587266,0.26135,0.56334,2246897.1328628734
3058,242924.6778187,0.27119,0.55547,1910997.3594651916
3059,250281.5561948,0.28525,0.5001,1252815.3710508144
3060,246561.5787976,0.27713,0.43216,966846.6450500848
3061,236490.8707572,0.25018,0.38115,853240.0669689828
3062,225035.5557451,0.24113,0.35407,884186.5978953188
3063,221906.3439892,0.21856,0.31643,932816.8607795612
3064,220161.7392049,0.18453,0.28235,1078707.649432289
3065,223701.7176957,0.15328,0.26045,1503117.2164220423
3066,227537.0790072,0.10989,0.19139,2210466.494738297
3067,228423.227469,0.05861,0.13817,2771924.984401825
3068,224597.0968707,0.0045832,0.13502,2542036.468949042
3069,227200.1579774,0.0,0.14376,2320989.819475212
3070,222797.1078076,0.0,0.17478,2139731.5669066715
3071,206874.1276336,0.0,0.21754,1976157.0462960373
3072,194671.1248569,0.0,0.25749,1918684.917432842
3073,184235.8036472,0.0,0.27988,1878896.5205275528
3074,181826.5875166,0.0,0.29547,1892159.319495982
3075,180691.2097998,0.0,0.30631,1958473.314338131
3076,182620.428847,0.0,0.30615,2064575.7060855692
3077,182643.5056298,0.0,0.30989,2148573.4328856245
3078,176200.4678551,0.029749,0.28411,2272359.556590969
3079,179560.4474396,0.1195,0.41323,2334252.618443642
3080,193563.4392796,0.19882,0.65108,2325410.7524646884
3081,201778.773978,0.25374,0.73022,2188361.8297909144
3082,208461.8102945,0.27944,0.71939,1861212.788569646
3083,216903.2974649,0.36514,0.63525,1220177.5050955398
3084,212500.2472951,0.43948,0.55012,941658.7267585146
3085,201921.8500317,0.49332,0.49957,773090.9541176948
3086,195100.3530181,0.45215,0.47584,801130.5224017563
3087,191518.8363181,0.39048,0.49273,845192.7011338528
3088,191758.8348598,0.31361,0.58062,977379.2373301426
3089,200108.0148989,0.20802,0.64513,1361921.8880829855
3090,212043.3269945,0.11485,0.60668,2002826.3060043904
3091,216566.3764352,0.044252,0.45245,2511544.187729506
3092,218878.6700778,0.0030082,0.3724,2303250.251905049
3093,225815.5510058,0.0,0.39435,2102967.62130461
3094,224906.3257611,0.0,0.43066,1938735.8642122496
3095,207095.6647491,0.0,0.46503,1790526.7175679249
3096,196572.6517646,0.0,0.46711,1738453.233611811
3097,192483.4458417,0.0,0.43641,1702402.360103732
3098,191449.6059695,0.0,0.40517,1714419.317939758
3099,193900.3603093,0.0,0.36688,1774504.1071198897
3100,202734.1527884,0.0,0.29735,1870639.7698081003
3101,214461.7738383,0.0,0.2412,1946747.1694362676
3102,247498.4961817,0.033622,0.19599,2058905.4425725136
3103,276778.3182755,0.129,0.20924,2114984.579140636
3104,293264.3719512,0.22474,0.20223,2106973.273916619
3105,297427.4235793,0.30363,0.23612,1982798.0429443463
3106,302795.0832727,0.35991,0.26049,1686379.7496556968
3107,307982.7440598,0.39615,0.27884,1105560.1209144234
3108,307996.5901295,0.40781,0.29312,853204.0063578703
3109,304858.1476605,0.39606,0.304,588661.8879958807
3110,294759.7474806,0.36684,0.33152,596563.3898481744
3111,288972.0903391,0.32017,0.35305,628169.3972573492
3112,280465.9881766,0.26005,0.40912,754593.4268940483
3113,281167.5223756,0.1986,0.46119,1232634.2889578172
3114,284273.6573487,0.13169,0.46821,2216371.2695683828
3115,283825.9677612,0.065855,0.37608,2805033.157564264
3116,274059.8732545,0.0064412,0.37322,2571938.8529216
3117,270127.589455,0.0,0.40302,2251928.027903705
3118,255335.3716413,0.0,0.4169,2042538.2288179216
3119,232604.7405234,0.0,0.4102,1813394.6751014043
3120,217849.4455622,0.0,0.40415,1690921.3963908518
3121,210446.4136205,0.0,0.3973,1651413.8871293834
3122,207455.6625617,0.0,0.38374,1568448.1176802996
3123,209034.1145094,0.0,0.34934,1568448.1176802996
3124,216510.9921563,0.0,0.28679,1659315.3889816771
3125,227246.3115431,0.0,0.22747,1765985.6639876422
3126,254352.3006914,0.0377,0.1439,1943769.4556642503
3127,279141.3808404,0.14275,0.15036,2117602.496414712
3128,290185.9291176,0.21547,0.16086,2224272.7714206767
3129,292142.8403042,0.24629,0.16763,2133405.500119299
3130,296250.5076534,0.23339,0.20581,1833148.4297321383
3131,300533.5585524,0.28298,0.29491,1122013.2630257057
3132,294307.4425365,0.32023,0.38608,719036.6685587268
3133,290421.3123028,0.3415,0.45435,851907.338369092
3134,286059.8003421,0.33938,0.48932,882805.5319886962
3135,287130.5630668,0.3186,0.4889,931359.8362480744
3136,283004.4342913,0.27957,0.48291,1077022.749026209
3137,285353.6507866,0.24201,0.46052,1500769.4043807837
3138,288381.3246979,0.18195,0.40004,2207013.8299717405
3139,288464.4011162,0.1044,0.25731,2767595.342784563
3140,280447.5267504,0.012419,0.18751,2538065.9044675017
3141,276422.9358194,0.0,0.14932,2317364.5214703274
3142,263799.9355946,0.0,0.11847,2136389.387412645
3143,239744.6971405,0.0,0.10126,1973070.363994736
3144,222210.9575229,0.0,0.09136,1915688.0044154709
3145,217581.754881,0.0,0.083395,1875961.75547598
3146,214014.0842508,0.0,0.073312,1889203.8384558095
3147,216317.1471803,0.0,0.061097,1955414.253354962
3148,222746.3388853,0.0,0.043897,2061350.917193605
3149,230412.4461516,0.0,0.025909,2145217.442732532
3150,259115.3486739,0.045973,0.014862,2268810.2172109494
3151,287661.3290726,0.17932,0.016376,2330606.6044501583
3152,300556.6353352,0.28295,0.018217,2321778.549130271
3153,301945.8576634,0.34877,0.022497,2184943.6916720234
3154,305342.7601005,0.37241,0.025423,1858305.6448362053
3155,310590.4205231,0.38714,0.032704,1218271.6341444007
3156,306030.4482298,0.37327,0.046875,940187.8915679614
3157,303422.7717665,0.33531,0.064778,821315.9449923056
3158,297122.8100455,0.32037,0.087678,851104.6062096431
3159,293605.9083376,0.28911,0.11761,897915.3595511734
3160,286059.8003421,0.24385,0.17041,1038347.6195757646
3161,283309.0478251,0.22287,0.23038,1446877.8305563936
3162,283692.1224206,0.17512,0.26503,2127761.515524108
3163,281347.5212819,0.10493,0.23905,2668212.9404672314
3164,273764.4904339,0.012944,0.30688,2446925.742852724
3165,268922.9813897,0.0,0.34252,2234149.591300313
3166,252404.6202179,0.0,0.32118,2059673.1470273363
3167,226503.239135,0.0,0.28428,1902218.794878552
3168,206269.5159227,0.0,0.24818,1846896.9954749253
3169,195663.4265199,0.0,0.22391,1808597.288195492
3170,189460.3872869,0.0,0.21852,1821363.8572886365
3171,191311.1452723,0.0,0.20962,1885196.7027543597
3172,194920.3541118,0.0,0.1361,1987329.2554995164
3173,190000.3840059,0.0,0.10332,2068184.1930894323
3174,180335.8273438,0.050232,0.081981,2187338.837958783
3175,184489.6482587,0.18423,0.087789,2246916.160393458
3176,197352.6470253,0.30841,0.17958,2238405.1143313614
3177,211424.8692138,0.41226,0.25699,2106483.9003688665
3178,220849.4273341,0.48742,0.24968,1791575.1960712986
3179,231049.3653586,0.51836,0.20598,1174524.3565693074
3180,228737.0717159,0.51523,0.16308,906426.4056132698
3181,220618.6595055,0.48188,0.12857,823641.1838504139
3182,213589.4714461,0.43685,0.10635,853514.1801558693
3183,209675.6490729,0.37282,0.093296,900457.4600644421
3184,208697.1934796,0.29573,0.10466,1041287.2997901606
3185,213321.7807649,0.20076,0.12599,1450974.1062649777
3186,218975.5925658,0.11527,0.12343,2133785.450389673
3187,219963.2788723,0.048229,0.18709,2675766.954788651
3188,218758.6708069,0.0049214,0.30123,2453853.267948125
3189,221246.3479993,0.0,0.32182,2240474.722909156
3190,218814.0550858,0.0,0.29973,2065504.3159772037
3191,202244.9249918,0.0,0.28436,1907604.192648368
3192,191648.0663021,0.0,0.2739,1852125.7709382365
3193,187198.8625666,0.0,0.28165,1813717.6328312224
3194,185661.948828,0.0,0.31511,1826520.34553356
3195,187101.9400785,0.0,0.33055,1890533.9090452504
3196,193660.3617676,0.0,0.31778,1992955.6106639549
3197,197624.9530631,0.0,0.28895,2074039.4577787623
3198,215112.5391149,0.045478,0.31082,2193531.443000584
3199,238770.8569038,0.15308,0.38274,2253277.435611495
3200,256110.7515454,0.25973,0.52337,2244742.2938099364
3201,265576.8478749,0.35037,0.62675,2112447.5958857764
3202,269066.0574434,0.41851,0.61989,1796647.3492281048
3203,274932.1756466,0.48027,0.56871,1177849.5686151
3204,273178.3401492,0.51789,0.51907,908992.6018660008
3205,266970.6855597,0.52955,0.50796,918302.5531264828
3206,260430.7252969,0.4548,0.54264,951608.8633435057
3207,257319.9749673,0.3621,0.61465,1003947.3508273982
3208,254019.9950182,0.26191,0.66604,1160962.8132790767
3209,256599.979342,0.2023,0.72212,1617735.0676839594
3210,258183.0466463,0.13666,0.7684,2379022.1583587634
3211,255446.140199,0.071306,0.70832,2983293.7865818897
3212,247516.957608,0.0089099,0.63769,2735875.482112578
3213,245592.3539174,0.0,0.53258,2497973.266276702
3214,235775.4904885,0.0,0.33935,2302893.4492912837
3215,215158.6926807,0.0,0.17892,2126845.809572735
3216,199701.8635205,0.0,0.10152,2064991.233455407
3217,192760.367236,0.0,0.059817,2022168.8346049488
3218,191191.1460015,0.0,0.028046,2036442.9675551015
3219,189718.847255,0.0,0.019516,2107813.6323058647
3220,192783.4440189,0.0,0.015633,2222006.695907085
3221,193688.053907,0.0,0.012903,2312409.537924718
3222,198829.5611284,0.037004,0.012139,2445634.7787928088
3223,210631.0278834,0.10552,0.011041,2512247.3992268546
3224,229613.9894647,0.15947,0.010616,2502731.31059342
3225,244507.745123,0.18625,0.012001,2355231.9367751763
3226,251546.1638955,0.18381,0.018115,2003136.6573380788
3227,256909.2082324,0.3098,0.033575,1313220.2314140375
3228,255755.3690893,0.43761,0.068795,1013463.4394608332
3229,247950.8011258,0.54917,0.11272,1021107.036481334
3230,240146.2331623,0.54076,0.14719,1058142.006716408
3231,235697.0294267,0.5043,0.16493,1116339.8170858107
3232,234100.1160528,0.44134,0.14878,1290933.248194018
3233,238807.7797564,0.3035,0.11495,1798841.4114178938
3234,243487.7513205,0.17787,0.06726,2645355.0167910205
3235,242564.6800061,0.077723,0.065536,3317275.19105594
3236,233744.7335967,0.010338,0.093654,3042158.269309673
3237,232752.4319337,0.0,0.11029,2777622.767630571
3238,228450.9196085,0.0,0.1035,2560703.656253707
3239,210271.0300708,0.0,0.080463,2364947.385011172
3240,194578.8177254,0.0,0.05767,2296168.1545746056
3241,188177.3181599,0.0,0.043468,2248551.764272368
3242,187429.6303952,0.0,0.033238,2264423.8943731133
3243,191098.83887,0.0,0.027629,2343784.544876844
3244,192783.4440189,0.0,0.023423,2470761.585682813
3245,189354.2340858,0.0,0.022892,2571285.076320872
3246,183405.0394642,0.037188,0.026231,2719424.957261169
3247,188666.5459565,0.093414,0.032571,2793494.8977313177
3248,197749.5676905,0.15111,0.054391,2782913.477664153
3249,208397.1953025,0.19272,0.10459,2618901.4666231107
3250,217997.1369725,0.21656,0.13259,2227388.92413804
3251,229401.6830623,0.2615,0.13349,1460235.9692686433
3252,228700.1488634,0.29485,0.13199,1126921.2371529746
3253,223041.7217059,0.31405,0.13912,1103716.7835493756
3254,216464.8385906,0.26279,0.16347,1143747.9622273322
3255,211683.3291818,0.20164,0.19172,1206654.1001498357
3256,210584.8743177,0.13873,0.19951,1395372.513917345
3257,215029.4626966,0.11162,0.23439,1944371.5357864648
3258,220960.1958919,0.078552,0.31238,2859369.9055683305
3259,220632.5055752,0.042744,0.36845,3585649.8615826867
3260,215615.6129813,0.0046741,0.3516,3288275.39140358
3261,221546.3461765,0.0,0.2786,3002338.4008467468
3262,226290.9327327,0.0,0.19907,2767870.068590144
3263,207843.3525138,0.0,0.14289,2556276.695578087
3264,194098.8206419,0.0,0.11682,2481933.078033311
3265,192174.2169513,0.0,0.10993,2430464.419733081
3266,191994.218045,0.0,0.11343,2447620.63916649
3267,194643.4327174,0.0,0.11443,2533401.7363335406
3268,201197.2390499,0.0,0.089406,2670651.4918008205
3269,211775.6363133,0.0,0.055205,2779307.5482124174
3270,243427.7516851,0.061364,0.032657,2939432.262924244
3271,273418.338691,0.19672,0.026935,3019494.620280157
3272,285824.4171569,0.28982,0.017365,3008057.140657884
3273,287264.4084074,0.33661,0.012565,2830776.206512648
3274,290832.0790377,0.33504,0.012468,2407589.4604885345
3275,297644.3453382,0.35907,0.016358,1578372.1878737186
3276,297759.7292525,0.35997,0.022628,1218091.579772109
3277,296153.5851654,0.33992,0.029569,1253502.870258715
3278,289765.9316695,0.30819,0.039379,1298966.704931311
3279,284333.6569841,0.26267,0.05212,1370409.873702533
3280,280189.0667823,0.2082,0.065725,1584739.3800161995
3281,279178.303693,0.1698,0.07419,2208243.398383229
3282,281430.5977002,0.12157,0.073257,3247416.7623282773
3283,281393.6748476,0.068308,0.062324,4072260.61995966
3284,273746.0290076,0.0097488,0.062263,3734529.276677519
3285,269878.3602001,0.0,0.052983,3409787.600444692
3286,258866.119419,0.0,0.036479,3143499.425933772
3287,232784.7394297,0.0,0.029781,2903190.58552148
3288,213981.7767548,0.0,0.034249,2818757.7497009453
3289,208877.192386,0.0,0.047168,2760304.247979036
3290,208757.1931151,0.0,0.060939,2779788.748553005
3291,211032.5639052,0.0,0.065652,2877211.2514228537
3292,218555.5951178,0.0,0.063329,3033087.256014611
3293,227980.1532381,0.0,0.055656,3156489.0929830857
3294,253835.3807553,0.062466,0.042321,3338344.431673469
3295,279182.9190496,0.19583,0.039092,3429272.1010186607
3296,290970.5397349,0.3162,0.025306,3416282.433969348
3297,292272.0702882,0.41214,0.018067,3214942.594704995
3298,299176.6437202,0.47725,0.016346,2734324.9138804097
3299,307142.7491637,0.51103,0.016258,1792574.052805209
3300,305042.7619234,0.51354,0.013212,1383399.5407518465
3301,303621.2320991,0.48715,0.011892,1527426.4736375825
3302,297312.039665,0.43869,0.011842,1561673.7039882012
3303,288219.7872179,0.37127,0.01122,1623318.718619314
3304,283285.9710422,0.2918,0.0097219,1753458.1939516645
3305,281956.7483494,0.23858,0.0082284,2205521.6345798275
3306,281993.671202,0.17212,0.0066102,3184992.4226075155
3307,281019.8309653,0.098547,0.0,3931582.044250997
3308,274018.3350453,0.015771,0.0,3719249.216077163
3309,272689.1123526,0.0,0.0,3561711.956464318
3310,262729.1728699,0.0,0.0090672,3363078.0204307307
3311,241964.6836517,0.0,0.032216,3171293.530467268
3312,226346.3170116,0.0,0.082328,3075401.2854855363
3313,222709.4160327,0.0,0.14544,3006906.8247843
3314,221264.8094256,0.0,0.19901,3041154.0551349176
3315,224384.7904684,0.0,0.22535,3102799.069766031
3316,228150.9214313,0.0,0.23167,3219239.6529581337
3317,235507.7998073,0.0,0.23658,3315131.897939865
3318,261723.0251371,0.05728,0.19188,3445271.3732722155
3319,288159.7875824,0.16551,0.18009,3479518.6036228337
3320,301281.2463171,0.26492,0.37004,3458970.265412463
3321,304336.6123678,0.34409,0.5446,3274035.2215191238
3322,310618.1126625,0.39714,0.62297,2876767.3494519494
3323,317338.0718316,0.47261,0.65503,2000038.252476117
3324,313955.0154642,0.52864,0.64647,1602770.3804089432
3325,312131.9496182,0.55983,0.60153,1757660.0477265825
3326,301876.6273149,0.50126,0.5305,1797069.465837044
3327,295839.7409185,0.42179,0.45769,1868006.4184358744
3328,290467.4658685,0.3291,0.40081,2017762.207255628
3329,290093.6219862,0.25217,0.29547,2537966.52631372
3330,290938.2322389,0.1701,0.23552,3665075.884272918
3331,287287.4851903,0.090762,0.29432,4524201.1990809785
3332,277346.0071339,0.014641,0.39481,4279862.806796118
3333,271470.6582175,0.0,0.47984,4098579.4834879935
3334,259392.2700682,0.0,0.55864,3870004.858447318
3335,236107.7961617,0.0,0.61484,3649312.1170287337
3336,219358.6671613,0.0,0.62283,3538965.7463194416
3337,213321.7807649,0.0,0.559,3460146.910098519
3338,210880.2571383,0.0,0.49777,3499556.3282089806
3339,212398.7094505,0.0,0.46212,3570493.280807811
3340,216958.6817438,0.0,0.40864,3704485.30238338
3341,225321.7078525,0.0,0.33988,3814831.673092672
3342,254356.916048,0.031064,0.24086,3964587.4619124257
3343,283175.2024845,0.046377,0.25063,4003996.880022887
3344,297238.1939598,0.080408,0.43431,3980351.22915661
3345,299208.9512162,0.11226,0.60518,3767540.371360118
3346,303108.9275196,0.13874,0.63056,3310391.121278765
3347,309215.0442646,0.24281,0.6219,2301510.0176509507
3348,307050.4420322,0.34952,0.63761,1844360.7675695976
3349,303482.771402,0.4428,0.69019,1894446.6901325483
3350,298618.1855749,0.37457,0.7683,1936923.073319377
3351,292548.9916825,0.29423,0.78943,2013380.563055668
3352,285529.0343363,0.20933,0.74385,2174790.8191656163
3353,283779.8141954,0.15182,0.53784,2735479.077231752
3354,283175.2024845,0.096019,0.31486,3950303.636375045
3355,280290.6046269,0.047194,0.27443,4876288.789847905
3356,272296.8070439,0.0067432,0.21224,4612935.214089569
3357,266781.4559402,0.0,0.12516,4417543.851430158
3358,257749.2031285,0.0,0.080458,4171180.8289465527
3359,233758.5796664,0.0,0.070445,3933313.083100314
3360,215726.381539,0.0,0.058254,3814379.2101771934
3361,209029.4991528,0.0,0.039764,3729426.443803537
3362,208231.0424659,0.0,0.047021,3771902.8269903655
3363,211364.8695784,0.0,0.086356,3848360.316726657
3364,216483.3000169,0.0,0.098073,3992780.019561873
3365,224832.4800559,0.0,0.054098,4111713.892484993
3366,250466.1704576,0.059849,0.045065,4273124.148594941
3367,276861.3946938,0.16266,0.06472,4315600.531781769
3368,289050.5514008,0.25971,0.10002,4290114.701869673
3369,289373.6263609,0.33714,0.14524,4060742.232660799
3370,291381.3064698,0.38887,0.17893,3568016.187693589
3371,292890.5280689,0.43432,0.19477,2480620.7781107808
3372,287545.9451583,0.45661,0.21954,1987894.733143571
3373,280489.0649595,0.45534,0.21686,2034688.9806473248
3374,272799.8809103,0.39497,0.18838,2080309.8098098207
3375,267215.299458,0.31922,0.13834,2162427.302302313
3376,262512.251111,0.23642,0.087139,2335786.453119799
3377,263061.478543,0.18732,0.054063,2937981.398064747
3378,263223.0160231,0.13119,0.026937,4242737.112112134
3379,262419.9439795,0.073295,0.017622,5237271.187854548
3380,254758.4520697,0.012262,0.034063,4954422.047047073
3381,250992.3211069,0.0,0.097418,4744566.23289959
3382,242735.4481993,0.0,0.20229,4479965.4237571135
3383,222635.5703276,0.0,0.30082,4224488.780447136
3384,205254.1374768,0.0,0.36411,4096750.4587921463
3385,195677.2725896,0.0,0.3865,4005508.800467155
3386,191329.6066986,0.0,0.37236,4051129.629629651
3387,193480.3628613,0.0,0.34259,4133247.122122144
3388,196138.8082468,0.0,0.29615,4288357.94127463
3389,194264.9734785,0.0,0.2123,4416096.262929619
3390,194924.9694683,0.070705,0.10506,4589455.413747103
3391,206717.2055102,0.19963,0.11438,4635076.2429096
3392,221721.7297263,0.31132,0.20039,4607703.745412103
3393,229466.2980543,0.39716,0.36536,4361351.267934624
3394,231843.206689,0.45166,0.54844,3832149.64964967
3395,232780.1240731,0.50246,0.61652,2664256.42308977
3396,225866.3199281,0.5265,0.5906,2135054.804804816
3397,215892.5343756,0.52395,0.53353,2088779.5901140985
3398,206855.6662074,0.46768,0.43289,2135613.213210827
3399,202872.6134856,0.39219,0.31922,2219913.734784939
3400,202281.8478444,0.30494,0.23535,2397881.502552508
3401,208918.7305951,0.2084,0.18852,3016085.327429326
3402,215938.6879414,0.12169,0.086142,4355526.947995766
3403,217960.21412,0.053588,0.052844,5376499.931504451
3404,211789.482383,0.0084992,0.046091,5086131.468304733
3405,210797.18072,0.0,0.047839,4870696.802059781
3406,208521.8099299,0.0,0.062051,4599061.788098754
3407,192557.2915468,0.0,0.10296,4336793.498757075
3408,180543.5183895,0.0,0.18291,4205659.354086234
3409,174834.3223098,0.0,0.26425,4111992.107892777
3410,171765.1101893,0.0,0.28813,4158825.730989506
3411,169425.1244072,0.0,0.28588,4243126.252563616
3412,168912.8198277,0.0,0.28137,4402360.571092494
3413,165945.1455518,0.0,0.24983,4533494.715763335
3414,164103.6182795,0.073693,0.16418,4711462.483530903
3415,168732.8209214,0.20396,0.25138,4758296.106627632
3416,180312.7505609,0.30098,0.3839,4730195.932769596
3417,184872.7228542,0.36131,0.43208,4477294.368047261
3418,188901.9291417,0.38127,0.49381,3934024.340125208
3419,195829.5793565,0.41496,0.53476,2735083.588848954
3420,190840.378902,0.42407,0.56465,2191813.5609269016
3421,181974.2789269,0.41023,0.54371,1954412.745649376
3422,175978.9307397,0.40983,0.46627,1998233.6592289584
3423,173205.1014398,0.38824,0.36034,2077111.3036722068
3424,175166.627983,0.34596,0.28556,2243630.7752746204
3425,185283.4895891,0.26196,0.21793,2822066.834525108
3426,194348.0498968,0.17507,0.13449,4075344.962901165
3427,198243.4108437,0.093673,0.06533,5030640.878936063
3428,196914.1881509,0.017428,0.038087,4758951.214742651
3429,199766.4785125,0.0,0.02695,4557375.012276571
3430,201395.6993825,0.0,0.031766,4303213.713514993
3431,188315.778857,0.0,0.057648,4057816.5974693326
3432,174049.7116925,0.0,0.12032,3935118.039446502
3433,166937.4472148,0.0,0.21941,3847476.2122873366
3434,165423.6102591,0.0,0.3334,3891297.125866919
3435,165538.9941734,0.0,0.41014,3970174.770310167
3436,167343.5985932,0.0,0.40803,4119165.876480747
3437,166018.9912569,0.0,0.34261,4241864.434503579
3438,166660.5258205,0.076703,0.21851,4408383.906105991
3439,171889.7248167,0.20833,0.30137,4452204.819685574
3440,178535.8382806,0.27172,0.43144,4425912.271537825
3441,184277.3418564,0.27314,0.48062,4189279.33820808
3442,190531.1500117,0.21372,0.51866,3680956.740684924
3443,198257.2569134,0.2186,0.57348,2559141.353047613
3444,196392.6528583,0.20725,0.60671,2050818.7555244567
3445,189354.2340858,0.18224,0.62206,1934869.0085176383
3446,184540.417181,0.196,0.62709,1978251.7217131013
3447,182694.2745521,0.19744,0.61902,2056340.605464934
3448,185768.1020292,0.18526,0.59274,2221194.9156076927
3449,195760.3490079,0.16492,0.55858,2793846.7297878005
3450,201949.5421712,0.12915,0.39585,4034592.3271780354
3451,207257.2022291,0.081115,0.26414,4980335.474839123
3452,206167.9780781,0.015362,0.27436,4711362.653027254
3453,209638.7262204,0.0,0.32186,4511802.172328126
3454,212569.4776437,0.0,0.41476,4260182.435794442
3455,197417.2620173,0.0,0.50166,4017239.241899851
3456,183728.1144243,0.0,0.52611,3895767.6449525543
3457,178780.4521789,0.0,0.4734,3809002.218561629
3458,180045.0598797,0.0,0.42475,3852384.931757092
3459,181065.0536822,0.0,0.39925,3930473.815508925
3460,186820.4033276,0.0,0.38897,4077975.0403734986
3461,196517.2674857,0.0,0.39921,4199446.637320793
3462,227795.5389752,0.065795,0.45036,4364300.947463552
3463,260301.4953129,0.16403,0.51555,4407683.660659015
3464,275975.2462319,0.25902,0.55482,4381654.032741738
3465,280922.9084773,0.3367,0.619,4147387.381486239
3466,285552.1111192,0.39094,0.66132,3644147.908418871
3467,291256.6918423,0.47799,0.64796,2533550.450615024
3468,289267.4731597,0.54692,0.5633,2030310.9775476567
3469,286821.3341765,0.59198,0.41712,1687135.932022454
3470,283341.3553211,0.54099,0.26986,1724964.091933271
3471,281153.6763059,0.46826,0.16465,1793054.7797727424
3472,274175.2571688,0.37917,0.1048,1936801.7874338485
3473,273612.183667,0.27925,0.053661,2436133.498256637
3474,274650.6388957,0.18067,0.01919,3518018.8717060136
3475,271682.9646198,0.093353,0.010796,4342672.757761831
3476,261099.9519999,0.018585,0.013302,4108138.166314764
3477,256327.6733043,0.0,0.021676,3934128.630725004
3478,247424.6504766,0.0,0.046696,3714725.303242264
3479,225981.7038424,0.0,0.10422,3502887.6077416865
3480,207709.5071732,0.0,0.18657,3396968.759991398
3481,203426.4562742,0.0,0.2741,3321312.4401697638
3482,200735.7033927,0.0,0.35315,3359140.600080581
3483,200814.1644544,0.0,0.42742,3427231.287920052
3484,205323.3678254,0.0,0.48384,3555847.0316168307
3485,215195.6155332,0.0,0.48523,3661765.879367119
3486,244826.2047265,0.079008,0.39532,3805512.887028225
3487,274830.637802,0.2085,0.35655,3843341.0469390415
3488,289858.238801,0.3248,0.4191,3820644.150992552
3489,293019.7580529,0.41923,0.55395,3616372.0874741385
3490,298604.3395052,0.48631,0.62462,3177565.4325086577
3491,304950.4547919,0.53693,0.68278,2209164.5387917333
3492,301396.6302314,0.55984,0.73172,1770357.883826252
3493,297865.8824537,0.55396,0.74834,1718939.724479556
3494,291284.3839818,0.50296,0.74211,1757480.9739073487
3495,285635.1875375,0.43167,0.70774,1826855.2228773755
3496,280027.5293023,0.34642,0.55073,1973311.970702988
3497,280535.2185252,0.24235,0.30642,2482056.463149852
3498,283544.4310103,0.14671,0.17789,3584336.196784724
3499,280198.2974955,0.069058,0.13585,4424535.434310606
3500,269532.2084572,0.013289,0.13123,4185579.6878582905
3501,263361.4767202,0.0,0.14357,4008289.940490444
3502,248500.0285579,0.0,0.12762,3784750.693809247
3503,222884.7995825,0.0,0.065813,3568919.6970136072
3504,210704.8735885,0.0,0.031883,3461004.198615788
3505,206920.2811994,0.0,0.01547,3383921.699760202
3506,203694.1469554,0.0,0.0066214,3422462.949187995
3507,205171.0610585,0.0,0.0,3491837.1981580216
3508,209874.1094055,0.0,0.0,3622877.446212517
3509,219381.7439442,0.00017452,0.0,3730792.944610336
3510,248956.9488585,0.080692,0.0,3877249.6924359486
3511,277212.1617933,0.20997,0.0,3915790.941863741
3512,291192.0768503,0.34129,0.0,3892666.1922070654
3513,295175.1295721,0.46114,0.0,3684543.445296985
3514,298470.4941646,0.56055,0.0,3237464.95193459
3515,302130.4719263,0.62647,0.0,2250808.966583096
3516,297270.5014559,0.66221,0.006098,1803730.4732207
3517,292068.994599,0.66746,0.0084959,1690040.245576446
3518,285889.0321489,0.6298,0.012216,1727933.524625245
3519,282252.1311701,0.56507,0.018653,1796141.4269130838
3520,274918.3295769,0.4775,0.029184,1940135.887298521
3521,275370.634521,0.34388,0.040283,2440327.17074267
3522,276819.8564846,0.21617,0.065451,3524074.9515383285
3523,276316.7826183,0.10768,0.1356,4350148.434802152
3524,268258.3700433,0.022778,0.24278,4115210.1046995968
3525,262558.4046767,0.0,0.32794,3940901.02107512
3526,249136.9477649,0.0,0.39308,3721120.002592085
3527,224980.1714662,0.0,0.44869,3508917.6399188093
3528,209883.3401187,0.0,0.49584,3402816.458582171
3529,206777.2051456,0.0,0.51808,3327029.900484573
3530,203227.9959416,0.0,0.516,3364923.179533372
3531,204206.4515349,0.0,0.50262,3433131.08182121
3532,210234.1072182,0.0,0.47626,3561968.230587128
3533,217563.2934548,0.0002589,0.40926,3668069.4119237657
3534,244184.6701629,0.08071,0.26456,3812063.8723092014
3535,272209.1152691,0.20791,0.17118,3849957.151358002
3536,285999.8007067,0.33752,0.16742,3827221.1839287225
3537,285542.880406,0.45572,0.24504,3622597.477065207
3538,288829.0142854,0.55445,0.31248,3183035.4400991355
3539,292068.994599,0.61397,0.36441,2212967.496449875
3540,287822.8665527,0.64386,0.42747,1773405.4594838042
3541,281629.0580328,0.64607,0.47691,1736554.6554364744
3542,273418.338691,0.58567,0.52707,1775490.8584731668
3543,269689.1305807,0.50012,0.6144,1845576.0239392128
3544,264810.6986839,0.39888,0.66745,1993533.5954786437
3545,266199.9210121,0.30682,0.62775,2507491.4755629813
3546,266195.3056555,0.20965,0.49985,3621066.88241238
3547,263246.0928059,0.11661,0.31563,4469876.10861227
3548,253147.6926261,0.025521,0.26233,4228471.649784778
3549,245869.2753118,0.0,0.29147,4049365.1158159934
3550,240257.00172,0.0,0.32325,3823535.1382031785
3551,221315.5783479,0.0,0.29479,3605492.401197703
3552,204201.8361784,0.0,0.24919,3496471.032694964
3553,197112.6484835,0.0,0.19584,3418598.62662158
3554,194177.2817037,0.0,0.1248,3457534.829658272
3555,196563.4210515,0.0,0.069103,3527619.9951243177
3556,198912.6375467,0.0,0.038112,3660003.085449072
3557,197689.5680551,0.0017217,0.02134,3769024.45395181
3558,197537.2612882,0.084691,0.01736,3916982.02549124
3559,206546.437317,0.21558,0.020045,3955918.228527933
3560,220950.9651787,0.34549,0.023586,3932556.506705917
3561,229263.2223652,0.46113,0.023021,3722301.01030778
3562,232586.2790971,0.55325,0.023666,3270641.05508215
3563,234192.4231842,0.56903,0.026683,2273874.257342827
3564,226447.8548562,0.54835,0.028274,1822214.3021171973
3565,216681.7603495,0.49614,0.026675,1742831.0235425318
3566,209518.7269495,0.43924,0.02312,1781907.9523215122
3567,206814.1279982,0.36498,0.021906,1852246.4241236767
3568,207100.2801057,0.28093,0.027154,2000738.7534838032
3569,213700.2400039,0.20106,0.038505,2516554.213366346
3570,219935.5867328,0.1259,0.080289,3634154.3764451896
3571,222363.2642898,0.062503,0.17453,4486031.423826965
3572,216552.5303655,0.012594,0.2374,4243754.465397285
3573,214937.1555652,0.0,0.2508,4064000.593013975
3574,213104.8590061,0.0,0.25251,3837354.406095888
3575,200592.6273389,0.0,0.25554,3618523.604933597
3576,190932.6860334,0.0,0.26143,3509108.204352452
3577,181245.0525885,0.0,0.25663,3430954.3467944907
3578,177608.1516096,0.0,0.2474,3470031.275573472
3579,175540.4718653,0.0,0.21972,3540369.7473756364
3580,174594.323768,0.0,0.18852,3673231.30522417
3581,172420.4908225,0.0011718,0.14793,3782646.705805315
3582,173878.9434993,0.055947,0.11179,3931139.035165441
3583,177677.3819582,0.10637,0.076954,3970215.963944422
3584,186903.4797459,0.14477,0.049013,3946769.806677034
3585,196803.4195932,0.15644,0.027629,3735754.391270539
3586,206518.7451776,0.14149,0.014793,3282462.017434365
3587,218218.674088,0.14369,0.0082655,2282092.640692463
3588,216769.4521243,0.13517,0.0057252,1828800.2668562888
3589,208567.9634956,0.11744,0.0071957,1706284.9263813172
3590,202424.9238981,0.10061,0.014132,1744542.4359414368
3591,200117.245612,0.080024,0.035927,1813405.953149651
3592,200297.2445183,0.058087,0.10464,1958784.4894781045
3593,207109.5108188,0.061316,0.21456,2463783.615671678
3594,216852.5285426,0.054242,0.29178,3557948.389091088
3595,219704.8189042,0.037653,0.27649,4391962.097501687
3596,216690.9910626,0.0067512,0.16657,4154765.538228948
3597,220037.1245774,0.0,0.10688,3978780.994252399
3598,220194.0467009,0.0,0.090921,3756887.4388037072
3599,204824.9093156,0.0,0.13406,3542645.38526704
3600,191883.4494873,0.0,0.23047,3435524.3584987065
3601,187171.1704271,0.0,0.32573,3359009.339378468
3602,189709.6165418,0.0,0.35985,3397266.848938587
3603,192746.5211663,0.0,0.35579,3466130.366146802
3604,200274.1677355,0.0,0.31204,3596205.898651207
3605,210797.18072,0.0022528,0.22641,3703326.9254195406
3606,242458.526805,0.086906,0.18385,3848705.461747993
3607,267824.5265255,0.21421,0.19254,3886962.971308113
3608,284573.6555259,0.29488,0.18396,3864008.4655720415
3609,290827.4636811,0.33113,0.22721,3657417.913947398
3610,297792.0367485,0.32193,0.2964,3213630.803050015
3611,303750.4620832,0.37169,0.37835,2234238.5583109627
3612,299642.7947339,0.40474,0.45901,1790451.4474135796
3613,298096.6502823,0.41841,0.5223,1648827.2781911255
3614,292802.836294,0.43068,0.56076,1685796.4996752315
3615,288399.7861242,0.41974,0.5326,1752341.098346622
3616,283945.967032,0.38516,0.52269,1892824.1399862247
3617,283789.0449086,0.31345,0.49178,2380817.863576423
3618,283802.8909783,0.22913,0.42635,3438137.5980218537
3619,280890.6009813,0.13882,0.28752,4244066.626375363
3620,270644.5093911,0.062551,0.20616,4014857.4531739065
3621,262470.7129018,0.0,0.17944,3844799.034347018
3622,251744.6242281,0.0,0.16859,3630377.549739204
3623,231893.9756113,0.0,0.16437,3423349.9094282114
3624,216270.9936146,0.0,0.16622,3319836.0892727147
3625,207584.8925458,0.0,0.1612,3245897.6463045026
3626,204663.3718356,0.0,0.14378,3282866.8677886087
3627,206772.5897891,0.0,0.11027,3349411.466459999
3628,211886.404871,0.0,0.076465,3475106.81950596
3629,217849.4455622,0.0024097,0.048894,3578620.6396614555
3630,245435.431794,0.086726,0.035859,3719103.6813010583
3631,273986.0275493,0.2106,0.036404,3756072.902785165
3632,286775.1806108,0.32593,0.03707,3733891.369894701
3633,289189.012098,0.4219,0.037923,3534257.573880529
3634,292908.9894952,0.49166,0.045087,3105414.6046649003
3635,295682.818795,0.54396,0.05102,2159002.534671788
3636,289512.0870581,0.5685,0.048008,1730159.5654561582
3637,285219.805446,0.56551,0.044548,1265291.2441510735
3638,282256.7465266,0.50427,0.038541,1311182.6364259827
3639,280175.2207126,0.42314,0.02808,1383297.6814294118
3640,273879.8743482,0.33006,0.018696,1599642.816439699
3641,276441.3972457,0.23629,0.010924,2229010.4819241706
3642,276699.8572138,0.1481,0.0,3277956.5910649565
3643,273598.3375973,0.074153,0.0,4110557.565195456
3644,264949.1593811,0.045337,0.0057719,3769650.0797247
3645,257744.5877719,0.0,0.03075,3441854.420618204
3646,245804.6603198,0.0,0.12107,3173061.980150878
3647,223932.4855243,0.0,0.2593,2930493.1924120705
3648,211867.9434447,0.0,0.32753,2845266.321044382
3649,203860.299792,0.0,0.34744,2786263.102405213
3650,199337.2503513,0.0,0.36386,2805930.8419516026
3651,200228.0141697,0.0,0.40995,2904269.5396835515
3652,206352.592341,0.0,0.43907,3061611.456054669
3653,218527.9029783,0.0011367,0.43924,3186173.8065151377
3654,246436.9641702,0.041417,0.42055,3369739.375614776
3655,272836.8037629,0.04862,0.40869,3461522.160164594
3656,287329.0233994,0.076184,0.47631,3448410.333800334
3657,290116.698769,0.098066,0.51967,3245177.0251543066
3658,295290.5134864,0.11203,0.57694,2760039.4496766934
3659,301299.7077433,0.089505,0.64409,1809432.038267856
3660,298742.8002024,0.054891,0.69016,1396409.5077936712
3661,296010.5091117,0.013832,0.66439,1124613.340405889
3662,290569.0037131,0.059454,0.56112,1165402.425291077
3663,287121.3323537,0.098667,0.35429,1229499.5586820862
3664,281670.596242,0.12373,0.20047,1421790.958855114
3665,278712.1526792,0.11024,0.11796,1981184.1229948308
3666,275795.2473256,0.08703,0.072181,2913506.0632276926
3667,271595.272845,0.056259,0.038042,3653536.603287527
3668,261455.3344559,0.039309,0.035553,3350531.972711846
3669,251730.7781584,0.00041625,0.051198,3059181.3663890767
3670,243746.2112886,0.0,0.06845,2820273.869204406
3671,228529.3806702,0.0,0.091688,2604674.420525557
3672,212887.9372472,0.0,0.11379,2528923.262881637
3673,204811.0632459,0.0,0.12573,2476480.1537435385
3674,200001.8616977,0.0,0.13923,2493961.1901229047
3675,199438.7881959,0.0,0.172,2581366.372019736
3676,200735.7033927,0.0,0.19851,2721214.663054665
3677,198275.7183397,0.0017972,0.18942,2831927.893457317
3678,200288.0138052,0.066916,0.115,2995084.232998068
3679,210543.3361085,0.1453,0.10014,3076662.402768444
3680,222040.1893297,0.24035,0.16885,3065008.378515533
3681,229747.8348052,0.33261,0.19451,2884371.002595416
3682,238512.3969358,0.41445,0.1407,2453172.105237717
3683,246570.8095107,0.45461,0.10856,1608255.3469016862
3684,245080.0493379,0.47099,0.10484,1241153.5829349968
3685,238037.0152088,0.46356,0.095975,839013.0668541892
3686,231321.6713963,0.40153,0.080836,869443.5925950146
3687,225750.9360138,0.32312,0.08257,917262.9901877404
3688,222174.0346703,0.23846,0.062146,1060721.182965918
3689,225663.2442389,0.14232,0.042275,1478054.107411525
3690,229973.9872773,0.065749,0.046923,2173608.981487537
3691,229969.3719207,0.016677,0.092643,2725705.662785371
3692,226637.0844756,0.028244,0.32632,2499650.328710667
3693,223614.0259209,0.00021193,0.6088,2282289.4305619127
3694,224246.3297712,0.0,0.72017,2104053.494079936
3695,208092.5817687,0.0,0.81553,1943206.4294498572
3696,195354.1976296,0.0,0.87584,1886692.595931182
3697,186446.5594453,0.0,0.8569,1847567.634264406
3698,181932.7407177,0.0,0.81825,1860609.288153331
3699,181951.202144,0.0,0.84131,1925817.557597957
3700,187946.5503312,0.0,0.90251,2030150.788709359
3701,198081.8733637,0.0021706,0.93335,2112747.930005885
3702,219746.3571134,0.074483,0.95067,2234470.0329691875
3703,242878.524253,0.17051,0.96527,2295331.0844508386
3704,254296.9164125,0.21675,0.97269,2286636.6485248883
3705,257989.2016703,0.21475,0.96873,2151872.891672661
3706,262567.6353898,0.16501,0.96916,1830178.762412506
3707,266606.0723905,0.19035,0.96317,1199832.1577811202
3708,261584.56444,0.20677,0.95613,925957.4261136904
3709,253835.3807553,0.21343,0.95367,867817.9206351645
3710,247784.6482892,0.22864,0.9253,899293.1820053516
3711,242993.9081673,0.23011,0.87106,948754.307015646
3712,241249.303383,0.21662,0.80716,1097137.6820465291
3713,242735.4481993,0.1859,0.73825,1528798.409409098
3714,243723.1345057,0.14268,0.64465,2248232.955013379
3715,241964.6836517,0.090803,0.57234,2819284.125586777
3716,233910.8864333,0.050267,0.56177,2585467.8982653865
3717,229840.1419367,0.00108,0.57707,2360644.602764048
3718,227500.1561546,0.0,0.60765,2176289.500452951
3719,210280.2607839,0.0,0.61406,2009920.2617819607
3720,193812.6685345,0.0,0.58806,1951466.204951613
3721,184111.1890198,0.0,0.55631,1910998.0117613724
3722,180174.2898637,0.0,0.52134,1924487.4094914524
3723,181498.8971999,0.0,0.44478,1991934.398141854
3724,180991.207977,0.0,0.3578,2099849.579982496
3725,180192.75129,0.0024833,0.29886,2185282.432273004
3726,189275.773024,0.052535,0.25032,2311183.477753754
3727,202397.2317587,0.092243,0.25842,2374134.000494129
3728,216852.5285426,0.13639,0.39399,2365141.068674075
3729,226009.3959818,0.16683,0.59592,2225750.625463245
3730,231953.9752467,0.18086,0.70757,1893012.1481212648
3731,233315.5054355,0.18831,0.74735,1241024.591167385
3732,226323.2402287,0.18291,0.74458,957747.2388356994
3733,217244.8338513,0.16585,0.72119,1001549.893453468
3734,211466.4074229,0.15297,0.66472,1037875.53725748
3735,207686.4303903,0.13322,0.63501,1094958.6918066414
3736,207215.66402,0.10873,0.54841,1266208.1554541255
3737,210391.0293416,0.10308,0.49447,1764388.4133377157
3738,214646.3881012,0.085999,0.35799,2594688.8431437
3739,214701.77238,0.05835,0.22886,3253739.809302199
3740,206532.5912473,0.041728,0.14573,2983892.1696152547
3741,203971.0683498,0.00098264,0.10109,2724423.2853008844
3742,206495.6683947,0.0,0.06428,2511658.8001631014
3743,192755.7518794,0.0,0.047481,2319651.8257704675
3744,180381.9809095,0.0,0.044439,2252189.915848731
3745,171082.0374166,0.0,0.04916,2205485.516672145
3746,166660.5258205,0.0,0.056344,2221053.649731007
3747,164255.9250464,0.0,0.059303,2298894.315025318
3748,163180.5469651,0.0,0.062736,2423439.3794962154
3749,159728.2602491,0.0028864,0.054664,2522037.555535676
3750,164112.8489926,0.057373,0.078716,2667340.130751723
3751,175180.4740527,0.10614,0.099099,2739991.4183597467
3752,186368.0983836,0.15476,0.10044,2729612.662987172
3753,194435.7416717,0.18672,0.10882,2568741.954712263
3754,201081.8551356,0.19971,0.14507,2184728.005926995
3755,207907.9675058,0.24749,0.22205,1432268.2414153223
3756,205429.5210266,0.28701,0.35341,1105337.447179216
3757,198072.6426506,0.31441,0.53645,947336.470864765
3758,192557.2915468,0.30552,0.68349,981695.8247303264
3759,191412.6831169,0.28191,0.74411,1035689.0950904944
3760,193651.1310544,0.24498,0.76061,1197668.9061709982
3761,203707.9930252,0.1899,0.79796,1668882.902041555
3762,214332.5438542,0.13169,0.82834,2454239.561825816
3763,217724.8309348,0.07561,0.81145,3077616.410529573
3764,214660.2341709,0.047702,0.65353,2822375.496099688
3765,214000.2381811,0.0013762,0.56488,2576951.5399171067
3766,216003.3029334,0.0,0.55358,2375703.895847389
3767,198455.717246,0.0,0.57686,2194090.168272279
3768,187235.7854191,0.0,0.62708,2130279.9396648086
3769,184660.4164519,0.0,0.67862,2086103.6275519435
3770,179786.5999117,0.0,0.73678,2100829.0649228985
3771,181545.0507657,0.0,0.79458,2174456.2517776727
3772,186575.7894293,0.0,0.82694,2292259.750745312
3773,198404.9483237,0.0036747,0.81761,2385520.854094693
3774,234926.2648792,0.072947,0.83984,2522958.269556938
3775,266892.2244979,0.15815,0.92229,2591676.9772880618
3776,286659.7966965,0.21016,0.93432,2581860.0190407583
3777,297487.4232147,0.22528,0.92953,2429697.166207558
3778,304858.1476605,0.20259,0.90201,2066469.711057337
3779,313442.7108847,0.26404,0.84042,1354740.2381278502
3780,309307.351396,0.31875,0.77618,1045506.0533377976
3781,305361.2215268,0.36091,0.73283,864531.1063024586
3782,298078.188856,0.36719,0.69655,895887.1567901124
3783,291870.5342664,0.3543,0.66036,945160.9504135684
3784,284047.5048766,0.32219,0.65326,1092982.3312839372
3785,277244.4692893,0.24501,0.63741,1523008.1665431913
3786,275264.4813198,0.16643,0.57062,2239717.891975281
3787,271009.1225603,0.093668,0.4148,2808606.2365370025
3788,259932.2667871,0.053539,0.23268,2575675.575771573
3789,249972.3273044,0.0026762,0.22049,2351703.7865740447
3790,241738.5311797,0.0,0.20639,2168046.9194320715
3791,220549.4291569,0.0,0.19495,2002307.795425901
3792,206278.7466358,0.0,0.18524,1944075.130234544
3793,198954.1757558,0.0,0.15905,1903760.208178989
3794,195811.1179302,0.0,0.13475,1917198.5155308405
3795,196609.5746172,0.0,0.11795,1984390.0522900987
3796,201668.0054203,0.0,0.11615,2091896.5111049125
3797,212029.4809247,0.0044976,0.093812,2177005.7909999727
3798,243349.2906234,0.087969,0.085344,2302429.992950589
3799,273552.1840316,0.20605,0.11272,2365142.093925897
3800,287384.4076783,0.28377,0.092639,2356183.222357996
3801,289987.468785,0.32225,0.1047,2217320.713055528
3802,294173.5971959,0.32053,0.17137,1885842.4650431864
3803,299222.7972859,0.38032,0.21847,1236324.276370355
3804,295835.1255619,0.42458,0.21915,954119.8219814696
3805,294699.7478452,0.44985,0.26873,1014630.4316259496
3806,292941.2969912,0.4403,0.30635,1051430.4990942483
3807,288289.0175664,0.4097,0.31518,1109259.176544432
3808,281799.826226,0.36056,0.3109,1282745.2088949832
3809,280696.7560052,0.26587,0.28923,1787431.848460222
3810,278998.3047867,0.1739,0.2455,2628576.2477356205
3811,274055.2578979,0.093263,0.17453,3296234.614660469
3812,263610.7059751,0.054363,0.11867,3022862.684895964
3813,256650.7482643,0.0029511,0.10146,2760005.060122402
3814,246773.8851999,0.0,0.070149,2544461.8078080807
3815,225386.3228446,0.0,0.045174,2349947.165475644
3816,212209.4798311,0.0,0.02988,2281604.1830345187
3817,203167.9963062,0.0,0.018778,2234289.810575278
3818,198584.9472301,0.0,0.010876,2250061.268061691
3819,198340.3333317,0.0,0.0060787,2328918.55549376
3820,201972.618954,0.0,0.0,2455090.2153850696
3821,213492.5489581,0.0046938,0.0,2554976.1127990237
3822,249243.100966,0.08967,0.0,2702176.382672218
3823,277987.5416974,0.20963,0.0,2775776.517608816
3824,290684.3876274,0.32497,0.0,2765262.212617873
3825,292133.609591,0.42507,0.0,2602290.4852582645
3826,297473.577145,0.50275,0.0,2213261.2005933924
3827,302504.3158087,0.55012,0.0,1450974.0887500625
3828,300367.4057158,0.56916,0.0,1119773.4815353744
3829,300113.5611043,0.56057,0.0093458,1051931.1256741618
3830,295747.433787,0.51056,0.015498,1090084.0680561264
3831,290296.6976753,0.43973,0.025006,1150038.6917992132
3832,283687.507064,0.35465,0.039365,1329902.563028474
3833,280544.4492384,0.25809,0.056732,1853142.9156954149
3834,279796.7614737,0.16596,0.074917,2725210.170140316
3835,276482.9354549,0.087128,0.081362,3417413.553355956
3836,265673.7703629,0.05292,0.091542,3133991.6956613627
3837,256932.2850152,0.0030381,0.089872,2861470.6786473314
3838,248536.9514105,0.0,0.063568,2638003.4446958257
3839,227680.1550609,0.0,0.039641,2436337.892105442
3840,213584.8560896,0.0,0.024259,2365482.427681794
3841,205669.5195683,0.0,0.019224,2316428.6446192684
3842,201649.543994,0.0,0.02309,2332779.90564011
3843,201446.4683048,0.0,0.032717,2414536.21074432
3844,205443.3670963,0.0,0.042282,2545346.298911055
3845,216709.4524889,0.004195,0.048929,2648904.2853763867
3846,251126.1664475,0.07602,0.041286,2801516.054904245
3847,279732.1464817,0.1629,0.061289,2877821.939668173
3848,293864.3683056,0.25932,0.084624,2866921.0989876124
3849,295825.8948488,0.34812,0.10034,2697958.0684389123
3850,299822.7936403,0.42266,0.11729,2294626.963258146
3851,304775.0712422,0.4125,0.14902,1504316.0139174543
3852,301267.4002473,0.37012,0.20593,1160939.5324797744
3853,300242.7910883,0.30256,0.30917,1226763.774614983
3854,297044.3489838,0.25495,0.43533,1271257.79752848
3855,292862.8359294,0.1981,0.53136,1341176.9763925462
3856,287282.8698337,0.13835,0.58835,1550934.5129847454
3857,284338.2723407,0.12102,0.5913,2161138.255798416
3858,282330.5922318,0.094663,0.54123,3178144.4938212
3859,279436.7636611,0.061653,0.46556,3985393.195251784
3860,268622.9832125,0.046597,0.30881,3654866.16789438
3861,260527.6477849,0.003061,0.23803,3337051.718512259
3862,254799.9902789,0.0,0.20857,3076443.870018921
3863,234390.8835168,0.0,0.18858,2841261.1774761523
3864,218070.9826777,0.0,0.16466,2758629.420636801
3865,208069.5049858,0.0,0.15129,2701422.81974802
3866,205009.5235785,0.0,0.15544,2720491.6867109463
3867,206347.9769844,0.0,0.17088,2815836.0215255823
3868,211692.559895,0.0,0.18559,2968386.9572290005
3869,219390.9746573,0.0043249,0.16474,3089156.4479942056
3870,248061.5696835,0.076235,0.18324,3267132.539648193
3871,277161.392871,0.16214,0.3191,3356120.5854751864
3872,293292.0640907,0.21676,0.39365,3343408.0074999016
3873,297833.5749577,0.23535,0.43607,3146363.048882988
3874,303510.4635414,0.21683,0.48345,2675997.66379745
3875,307433.5166277,0.23288,0.53738,1754335.760589302
3876,299684.3329431,0.23498,0.58048,1353889.554367831
3877,295336.6670521,0.2244,0.59414,1698713.819091864
3878,288939.7828431,0.24723,0.58522,1736801.5728831617
3879,287795.1744132,0.25527,0.56042,1805359.5297074968
3880,284282.8880618,0.24597,0.50179,1950092.9941144276
3881,284324.426271,0.20255,0.39827,2452851.344159553
3882,280392.1424715,0.15038,0.27855,3542161.1025906582
3883,272993.7258863,0.093783,0.1838,4372474.135240942
3884,260255.3417472,0.056844,0.10822,4136330.0617348976
3885,253239.9997575,0.0037137,0.10512,3961126.3942949297
3886,250249.2486987,0.0,0.11753,3740217.4223054047
3887,230887.8278786,0.0,0.14479,3526926.0010741395
3888,214443.312412,0.0,0.17395,3420280.290458507
3889,202120.3103643,0.0,0.19722,3344104.782875912
3890,195538.8118924,0.0,0.23053,3382192.5366672096
3891,192266.5240828,0.0,0.24769,3450750.4934915444
3892,191564.9898838,0.0,0.25586,3580248.856381956
3893,190004.9993624,0.0050064,0.20107,3686894.566997588
3894,199641.8638851,0.091688,0.16257,3831628.031404519
3895,213778.7010656,0.21428,0.13033,3869715.785195816
3896,231713.976705,0.2689,0.12714,3846863.1329210377
3897,247798.4943589,0.26819,0.11815,3641189.262448032
3898,257158.4374873,0.21222,0.096709,3199371.318468982
3899,258146.1237937,0.22705,0.086018,2224324.8214117684
3900,252852.3098054,0.22847,0.088494,1782506.8774327182
3901,244433.8994178,0.21748,0.08997,1949721.484616884
3902,235073.9562895,0.1951,0.07726,1993437.2129715227
3903,229069.3773891,0.16438,0.049604,2072125.524009872
3904,226590.9309099,0.12869,0.031197,2238245.2917575
3905,229673.9891001,0.094282,0.021734,2815292.906038729
3906,232212.4352148,0.061115,0.016711,4065562.736981395
3907,228404.7660427,0.032268,0.020486,5018565.615112518
3908,217784.8305702,0.038232,0.062921,4747528.099313758
3909,212103.3266299,0.0029366,0.16528,4546435.748882419
3910,211729.4827476,0.0,0.31522,4292884.524425516
3911,198031.1044414,0.0,0.42162,4048076.44563954
3912,182532.7370721,0.0,0.45627,3925672.406246552
3913,176477.3892494,0.0,0.42542,3838240.9495372735
3914,174095.8652582,0.0,0.35648,3881956.677891913
3915,173417.4078421,0.0,0.27295,3960644.988930262
3916,173080.4868123,0.0,0.24492,4109278.465336034
3917,169157.433726,0.0043756,0.25241,4231682.504729022
3918,170495.8871319,0.076081,0.34873,4397802.272476649
3919,180045.0598797,0.16166,0.47189,4441518.000831287
3920,192543.4454771,0.22536,0.55784,4415288.563818504
3921,205217.2146242,0.26018,0.55021,4179223.6307034553
3922,214263.3135057,0.26352,0.57824,3672121.1817896473
3923,222395.5717858,0.34397,0.53552,2552998.5359108974
3924,219003.2847053,0.41565,0.43338,2045896.0869970887
3925,211143.3324629,0.47055,0.31254,2056078.2752940485
3926,204972.6007259,0.43925,0.26295,2102178.6850540047
3927,200131.0916817,0.38944,0.26,2185159.422621926
3928,199517.2492576,0.32512,0.23931,2360340.97970976
3929,205231.060694,0.27177,0.19607,2968866.388541182
3930,212274.0948231,0.20516,0.1406,4287338.1076759305
3931,212297.1716059,0.13082,0.061518,5292327.040442977
3932,206546.437317,0.06847,0.025663,5006504.499931249
3933,204284.9125967,0.0054932,0.013445,4794442.615035448
3934,210164.8768696,0.0,0.01376,4527060.238427703
3935,197241.8784676,0.0,0.028453,4268897.943771948
3936,186303.4833916,0.0,0.067846,4139816.796444071
3937,182154.2778332,0.0,0.12443,4047615.976924158
3938,182168.1239029,0.0,0.17659,4093716.3866841146
3939,183446.5776734,0.0,0.21758,4176697.124252036
3940,188731.1609485,0.0,0.21658,4333438.517435887
3941,198183.4112083,0.0050714,0.18254,4462519.6647637645
3942,234898.5727398,0.091015,0.092734,4637701.221851599
3943,265456.848604,0.21134,0.063157,4683801.631611554
3944,280281.3739138,0.32564,0.14561,4656141.385755581
3945,285538.2650494,0.426,0.18272,4407199.173051817
3946,290619.7726354,0.50444,0.17662,3872434.4198363246
3947,292830.5284334,0.54408,0.16658,2692263.9299814445
3948,288741.3225105,0.55411,0.14994,2157499.1767659523
3949,285607.495398,0.53646,0.11949,2478823.277041884
3950,281389.0594911,0.50763,0.087212,2537842.878876215
3951,274466.0246328,0.4569,0.062305,2646045.482239154
3952,264529.161933,0.38794,0.043468,2803431.087130702
3953,264759.9297616,0.28622,0.029827,3373953.904862564
3954,269795.2837818,0.18766,0.018677,4396960.336657628
3955,268073.7557804,0.10174,0.015172,5301927.56478403
3956,258192.2773594,0.059613,0.021363,5006829.555612377
3957,249178.485974,0.0051135,0.028255,4996992.955306655
3958,241290.8415922,0.0,0.022652,4819934.149803664
3959,219349.4364482,0.0,0.014431,4603528.943077785
3960,207649.5075378,0.0,0.0091681,4426470.137574794
3961,202166.4639301,0.0,0.0,4357613.935434741
3962,197468.0309396,0.0,0.0,4357613.935434741
3963,198206.4879911,0.0,0.0,4485489.7394091245
3964,201806.4661174,0.0,0.0,4603528.943077785
3965,208674.1166968,0.0050811,0.0,4780587.748580776
3966,240164.6945886,0.090702,0.0070907,4829770.750109386
3967,269804.514495,0.21032,0.010299,4839607.350415107
3968,284887.4997728,0.33267,0.020998,4751077.947663612
3969,289350.549578,0.44562,0.039594,4514999.540326289
3970,293121.2958975,0.54036,0.05921,3973986.523511592
3971,294390.5189548,0.56827,0.069003,2960816.69202225
3972,287444.4073137,0.56282,0.071221,2528006.278570493
3973,284592.1169521,0.52763,0.067962,2594673.083906164
3974,279265.9954679,0.45166,0.069429,2656451.014475358
3975,273907.5664876,0.35899,0.076087,2769710.5538522145
3976,268539.9067942,0.26003,0.080419,2934451.702036733
3977,268166.0629119,0.18457,0.068711,3531638.364205612
3978,267635.2969061,0.11503,0.030071,4602455.8274049815
3979,265922.9996178,0.058016,0.019361,5549717.429465962
3980,256983.0539375,0.046136,0.030097,5240827.776619989
3981,247761.5715064,0.0044321,0.13416,5230531.454858458
3982,239541.6214514,0.0,0.32174,5045197.663150874
3983,221370.9626268,0.0,0.22272,4818678.584397161
3984,207257.2022291,0.0,0.099363,4633344.792689579
3985,200915.702299,0.0,0.10161,4561270.540358852
3986,197892.6437442,0.0,0.13568,4561270.540358852
3987,198557.2550906,0.0,0.15527,4695122.723258773
3988,201395.6993825,0.0,0.19322,4818678.584397161
3989,210192.569009,0.0048903,0.17673,5004012.376104744
3990,241429.3022894,0.087586,0.1483,5055493.984912407
3991,267852.2186649,0.20115,0.22708,5065790.306673939
3992,280295.2199835,0.28537,0.24196,4973123.410820147
3993,281365.9827082,0.33881,0.25098,4726011.68854337
3994,285898.2628621,0.35755,0.29668,4159713.991659088
3995,293195.1416026,0.38926,0.34442,3099192.8502212507
3996,290952.0783086,0.40007,0.36993,2646154.692713825
3997,289378.2417175,0.38997,0.379,2486196.598928041
3998,285935.1857146,0.36206,0.37326,2545391.756045375
3999,282778.2818193,0.31874,0.33036,2653916.210760488
4000,274927.5602901,0.26406,0.27743,2811769.96307338
4001,273058.3408783,0.18414,0.27282,3383989.815207611
4002,271650.6571238,0.11186,0.26398,4410039.205241405
4003,269550.6698835,0.054173,0.18033,5317698.2810405325
4004,260218.4188946,0.045446,0.17109,5021722.49545386
4005,250632.3232942,0.0045698,0.23005,5011856.635934304
4006,243196.9838565,0.0,0.36187,4834271.164582302
4007,225044.7864582,0.0,0.50142,4617222.255152076
4008,211572.5606241,0.0,0.59305,4439636.783800073
4009,205960.2870324,0.0,0.64856,4370575.767163183
4010,201557.2368625,0.0,0.68938,4370575.767163183
4011,202604.9228044,0.0,0.66434,4498831.940917407
4012,206837.2047811,0.0,0.59858,4617222.255152076
4013,213607.9328724,0.0031141,0.51359,4794807.726504078
4014,245587.7385609,0.04823,0.42496,4844137.024101857
4015,272610.6512908,0.069836,0.41495,4854002.883621413
4016,285275.1897248,0.10606,0.49176,4765210.147945412
4017,287564.4065846,0.13406,0.62026,4528429.519476076
4018,293965.9061502,0.15173,0.66995,3985807.24590051
4019,300538.1739089,0.21568,0.6695,2969623.7153862705
4020,297884.3438799,0.27756,0.69713,2535525.89652582
4021,295045.8995881,0.32971,0.7358,2017570.3273112213
4022,290693.6183405,0.25169,0.76629,2062807.330165733
4023,287185.9473457,0.16716,0.78083,2144233.9353038543
4024,280992.1388259,0.087362,0.79123,2316134.5461509987
4025,279478.3018702,0.085592,0.76273,2913262.9838305525
4026,277304.4689247,0.073449,0.61152,4207041.265469587
4027,273081.4176612,0.051823,0.42495,5193207.927697942
4028,263043.0171168,0.045318,0.24968,4912738.50999997
4029,252570.7730545,0.004795,0.1366,4704648.296869216
4030,246727.7316342,0.0,0.10006,4442273.680313047
4031,225474.0146194,0.0,0.085386,4188946.4643277824
4032,210169.4922262,0.0,0.070756,4062282.85633515
4033,205304.9063991,0.0,0.052898,3971808.8506261264
4034,204644.9104093,0.0,0.034814,4017045.853480638
4035,205203.3685545,0.0,0.03083,4098472.458618759
4036,208498.733147,0.0,0.027957,4252278.268324099
4037,215772.5351048,0.0049952,0.019685,4378941.876316732
4038,244258.5158681,0.089093,0.015041,4550842.487163875
4039,271484.5042872,0.20603,0.011127,4596079.490018387
4040,285455.1886311,0.3284,0.010059,4568937.288305681
4041,289945.9305758,0.44239,0.010058,4324657.472891318
4042,294695.1324886,0.53943,0.011963,3799908.239778982
4043,300090.4843214,0.61036,0.015668,2641840.9667034824
4044,294768.9781937,0.65372,0.020719,2117091.733591147
4045,277627.5438848,0.66845,0.026076,2000834.1330191025
4046,266167.6135161,0.64475,0.031608,2045695.884880517
4047,263684.5516803,0.59349,0.037366,2126447.038231064
4048,270081.4358893,0.51735,0.04145,2296921.6953044403
4049,269721.4380767,0.38999,0.042575,2889096.819875116
4050,268512.2146548,0.26255,0.043483,4172142.923111581
4051,263906.0887958,0.14746,0.051235,5150129.113690425
4052,254047.6871576,0.075015,0.08017,4871986.252149653
4053,244780.0511607,0.0065593,0.1131,4665622.193587145
4054,237413.9420716,0.0,0.13102,4405424.032790937
4055,218910.9775738,0.0,0.13935,4154198.222367015
4056,203186.4577325,0.0,0.13407,4028585.317155053
4057,195944.9632708,0.0,0.12047,3938861.813432224
4058,195252.659785,0.0,0.10405,3983723.5652936394
4059,193189.5953972,0.0,0.087662,4064474.718644185
4060,192917.2893595,0.0,0.076962,4217004.674972995
4061,191971.1412622,0.0050826,0.05586,4342617.580184957
4062,196069.5778982,0.090687,0.027487,4513092.237258334
4063,208235.6578224,0.21001,0.020424,4557953.989119749
4064,226507.8544916,0.33166,0.022617,4531036.9380029
4065,241253.9187396,0.44373,0.016834,4288783.477951259
4066,248666.1813945,0.53728,0.010718,3768387.156358848
4067,252769.2333871,0.6063,0.0067711,2619926.308706627
4068,248320.0296516,0.64815,0.0,2099529.9871142157
4069,240206.2327977,0.66247,0.0,1971705.490967363
4070,234773.9581123,0.63671,0.0071332,2015914.134262595
4071,228432.4581822,0.58392,0.010523,2095489.6921940127
4072,225926.3195635,0.50698,0.01284,2263482.5367158963
4073,228861.6863434,0.38329,0.014115,2847036.628212964
4074,230458.5997174,0.25899,0.015751,4111403.8264566087
4075,228169.3828576,0.14634,0.020314,5075152.250292674
4076,217249.4492079,0.074764,0.030544,4801058.661862233
4077,209791.0329872,0.0065849,0.044811,4597698.902704164
4078,208249.5038922,0.0,0.073737,4341288.771591817
4079,193060.3654132,0.0,0.11494,4093720.369138515
4080,180317.3659175,0.0,0.15004,3969936.167911865
4081,172503.5672408,0.0,0.17462,3881518.8813214
4082,168788.2052002,0.0,0.18709,3925727.5246166326
4083,171631.2648487,0.0,0.1961,4005303.082548051
4084,170948.192076,0.0,0.17528,4155612.469751841
4085,167491.2900035,0.0047396,0.13596,4279396.670978491
4086,169203.5872917,0.087698,0.06763,4447389.515500375
4087,174054.3270491,0.20417,0.039685,4491598.158795606
4088,186012.7159275,0.32094,0.048876,4465072.972818467
4089,198949.5603993,0.42738,0.055873,4226346.299024212
4090,209763.3408478,0.51574,0.053059,3713526.0367995175
4091,221763.2679354,0.54728,0.052118,2581784.768441569
4092,221301.7322782,0.54803,0.054106,2068964.5062168736
4093,212620.246566,0.52036,0.055198,1689190.270115546
4094,204077.2215509,0.5116,0.054027,1727064.491418585
4095,200564.9351995,0.47961,0.051032,1795238.0897640556
4096,201529.5447231,0.4256,0.044832,1939160.130715604
4097,205969.5177455,0.31142,0.037071,2439099.851915721
4098,214646.3881012,0.20176,0.032678,3522302.5811826405
4099,215011.0012704,0.10774,0.047599,4347960.605588893
4100,211646.4063293,0.062283,0.088283,4113140.433510052
4101,210298.7222102,0.0058353,0.15001,3938919.015516071
4102,213769.4703524,0.0,0.23876,3719248.531958444
4103,197975.7201625,0.0,0.31298,3507152.8926614253
4104,189146.54304,0.0,0.35002,3401105.0730129154
4105,186003.4852144,0.0,0.37015,3325356.630406837
4106,184826.5692885,0.0,0.37431,3363230.851709876
4107,185592.7184794,0.0,0.33342,3431404.4500553464
4108,193480.3628613,0.0,0.23856,3560176.80248568
4109,205586.44315,0.0036867,0.17342,3666224.622134189
4110,239910.8499771,0.064438,0.11223,3810146.6630857377
4111,269924.5137658,0.12646,0.10699,3848020.884388777
4112,283752.122056,0.19874,0.1558,3825296.351606954
4113,285709.0332426,0.26321,0.20964,3620775.556570543
4114,291053.6161532,0.31494,0.21055,3181434.5894552884
4115,297718.1910434,0.38768,0.20706,2211854.5240974864
4116,296319.738002,0.44726,0.23987,1772513.556982232
4117,291496.6903841,0.48611,0.25481,1278780.4916924937
4118,285164.4211671,0.46717,0.21041,1325161.1312875582
4119,280175.2207126,0.42959,0.19073,1398044.993508374
4120,273459.8769001,0.37406,0.25018,1616696.580170821
4121,271558.3499924,0.27189,0.3143,2252773.923188849
4122,270566.0483294,0.17471,0.33871,3312902.828218895
4123,267852.2186649,0.092031,0.24312,4154380.146586495
4124,258469.1987538,0.059114,0.14939,3809838.2524517295
4125,249192.3320437,0.0060693,0.11331,3478547.96962984
4126,242472.3728747,0.0,0.069914,3206889.9377158904
4127,220544.8138004,0.0,0.043944,2961735.128427692
4128,204054.1447681,0.0,0.03741,2875599.654894001
4129,198234.1801306,0.0,0.05239,2815967.403986061
4130,197191.1095453,0.0,0.064238,2835844.820955374
4131,200532.6277035,0.0,0.053351,2935231.905801941
4132,204621.8336264,0.0,0.048087,3094251.241556448
4133,211600.2527635,0.0046615,0.035759,3220141.549028766
4134,243815.4416372,0.085597,0.030815,3405664.1074090246
4135,272319.8838268,0.19631,0.046577,3498425.3865991533
4136,282607.5136261,0.3069,0.044963,3485173.7752862778
4137,280110.6057206,0.40569,0.037452,3279773.799936706
4138,284652.1165876,0.48509,0.033129,2789464.181360309
4139,292239.7627922,0.53551,0.030162,1828722.3611768305
4140,292050.5331727,0.55913,0.029321,1411296.6048212494
4141,289784.3930958,0.55627,0.031267,978505.8010381878
4142,284509.0405338,0.53258,0.034087,1013995.648744236
4143,279478.3018702,0.48571,0.035166,1069765.409425169
4144,273713.7215116,0.41877,0.034733,1237074.6914679685
4145,271710.6567593,0.32389,0.030633,1723792.6028652014
4146,270206.0505167,0.22545,0.022995,2534989.12186059
4147,267547.6051312,0.13239,0.017965,3178876.35881318
4148,258598.4287378,0.071507,0.017364,2915237.4901396786
4149,250784.6300611,0.0067779,0.013712,2661738.5779536194
4150,244046.2094658,0.0,0.0093062,2453869.469961051
4151,223332.4891699,0.0,0.0074843,2266280.274943368
4152,209454.1119575,0.0,0.0083401,2200370.5577749927
4153,204021.8372721,0.0,0.01248,2154740.753581502
4154,199683.4020942,0.0,0.020475,2169950.688312665
4155,199840.3242177,0.0,0.03264,2246000.3619684824
4156,203343.379856,0.0,0.051403,2367679.839817791
4157,210958.7182,0.0046941,0.064125,2464009.4264484933
4158,242947.7546016,0.088382,0.037467,2605968.8172726864
4159,270912.2000723,0.20644,0.033098,2676948.512684783
4160,280858.2934853,0.32761,0.035495,2666808.5561973406
4161,278762.9216015,0.43961,0.032234,2509639.2306419844
4162,281532.1355448,0.53352,0.028962,2134460.840606617
4163,289715.1627472,0.6037,0.027346,1399313.995267046
4164,287089.0248577,0.64673,0.025808,1079905.3659126114
4165,282487.5143552,0.66131,0.021543,898914.0018203576
4166,278642.9223306,0.62817,0.01588,931517.1003319768
4167,276713.7032835,0.56903,0.011831,982750.5408502354
4168,270224.511943,0.48762,0.0090885,1136450.8624050117
4169,270806.0468711,0.34858,0.0081616,1583579.0705643606
4170,272513.7288028,0.21816,0.010316,2328792.7508299416
4171,267736.8347506,0.11063,0.018982,2920306.109540747
4172,249750.790189,0.064574,0.047054,2678111.663454433
4173,238110.860914,0.0063501,0.091011,2445232.3883714387
4174,238849.3179655,0.0,0.11648,2254271.382803384
4175,226600.161623,0.0,0.12206,2081940.719241968
4176,211106.4096103,0.0,0.10511,2021392.1077203893
4177,205309.5217557,0.0,0.081272,1979473.838205451
4178,200749.5494624,0.0,0.061398,1993446.59471043
4179,200957.2405081,0.0,0.048729,2063310.3772353283
4180,205120.2921362,0.0,0.038489,2175092.429275166
4181,211604.8681201,0.0042253,0.028509,2263586.553806703
4182,240423.1545566,0.080558,0.015156,2393998.94785318
4183,264533.7772896,0.18203,0.0074214,2459205.144876418
4184,273690.6447287,0.29293,0.0063977,2449889.973873099
4185,277479.8524745,0.39792,0.0064386,2305504.8233216424
4186,284319.8109144,0.48981,0.0063323,1960843.4961988109
4187,289045.9360443,0.5652,0.0065617,1285493.598458128
4188,286719.7963319,0.61876,0.0059209,992065.7118535552
4189,283258.2789028,0.64526,0.0,1021860.613010674
4190,279972.1450234,0.5785,0.0,1058922.915036968
4191,277419.852839,0.48871,0.0,1117163.675364001
4192,272089.1159982,0.38433,0.0,1291885.956345101
4193,272333.7298965,0.27258,0.0,1800168.955562845
4194,274059.8732545,0.16916,0.0,2647307.2875924194
4195,272278.3456176,0.084952,0.0,3319723.338640894
4196,264067.6262758,0.056779,0.0098453,3044403.3807312823
4197,255598.4469659,0.005968,0.017149,2779672.6519720405
4198,247761.5715064,0.0,0.025923,2562593.454389462
4199,226000.1652687,0.0,0.033351,2366692.7151076226
4200,212629.4772791,0.0,0.036551,2297862.72563022
4201,204187.9901087,0.0,0.037783,2250211.194453557
4202,203269.5341508,0.0,0.034867,2266095.0381791107
4203,204178.7593955,0.0,0.024917,2345514.256806883
4204,207857.1985835,0.0,0.010983,2472585.0066113197
4205,213843.3160576,0.0028457,0.0,2573182.6835398315
4206,244923.1272145,0.050484,0.0072553,2721431.8916450078
4207,271373.7357295,0.081651,0.032261,2795556.495697595
4208,284776.731215,0.090794,0.11861,2784967.266547225
4209,286078.2617684,0.066716,0.31187,2620834.2147164955
4210,288565.9389608,0.012668,0.49642,2229032.736152817
4211,291750.5349956,0.061262,0.60779,1461313.6227510157
4212,287647.4830029,0.11871,0.60559,1127752.9045143705
4213,282829.0507416,0.17464,0.49294,1636854.0897931545
4214,277456.7756916,0.1895,0.37996,1673554.8541382924
4215,272698.3430657,0.19394,0.34115,1739616.2299595403
4216,269389.1324035,0.18596,0.35801,1879079.134471065
4217,269846.0527041,0.1948,0.38384,2363529.2238268866
4218,266873.7630716,0.1766,0.37978,3413171.084097833
4219,262263.0218561,0.13242,0.31387,4213247.746821841
4220,251121.5510909,0.073065,0.17787,3985703.0078819855
4221,242001.6065043,0.0072754,0.11645,3816879.4918943504
4222,237437.0188545,0.0,0.094724,3604015.0586925503
4223,220729.4280633,0.0,0.082872,3398490.7783597778
4224,205401.8288871,0.0,0.068739,3295728.638193392
4225,196844.9578024,0.0,0.058516,3222327.1095031155
4226,195557.2733187,0.0,0.054777,3259027.8738482534
4227,195451.1201176,0.0,0.054237,3325089.249669502
4228,194324.973114,0.0,0.050045,3449871.848442971
4229,193581.9007058,0.0040884,0.032378,3552633.9886093573
4230,199032.6368176,0.077946,0.030749,3692096.893120881
4231,211738.7134607,0.17261,0.02929,3728797.65746602
4232,229013.9931103,0.27722,0.022515,3706777.198858937
4233,239121.6240033,0.37467,0.01787,3508593.071395192
4234,241595.455126,0.45734,0.015222,3082864.204991592
4235,242832.3706873,0.55285,0.014024,2143324.6377560585
4236,235613.9530085,0.62887,0.014443,1717595.7713524578
4237,228086.3064393,0.67959,0.018287,1953830.8301300013
4238,220369.4302506,0.62537,0.025624,1997638.6962764135
4239,216866.3746124,0.54589,0.036226,2076492.855339956
4240,216432.5310946,0.44759,0.050636,2242962.746696325
4241,218781.7475898,0.34106,0.074774,2821226.5798289706
4242,221952.4975549,0.23319,0.11559,4074131.55161637
4243,221204.8097902,0.13386,0.14526,5029143.033608165
4244,212403.3248071,0.073532,0.18175,4757534.263500407
4245,207197.2025937,0.0073155,0.19318,4556018.079226909
4246,208249.5038922,0.0,0.15085,4301932.455577715
4247,195146.5065838,0.0,0.10757,4056608.405157805
4248,181895.8178652,0.0,0.075033,3933946.3799478505
4249,173195.8707266,0.0,0.054035,3846330.647655025
4250,172138.9540716,0.0,0.039893,3890138.513801437
4251,171912.8015996,0.0,0.02998,3968992.67286498
4252,170297.4267993,0.0,0.025465,4117939.417762783
4253,167062.0618423,0.00444,0.01852,4240601.442972738
4254,171234.3441835,0.088512,0.012377,4407071.334329106
4255,178614.2993424,0.20975,0.010162,4450879.200475519
4256,189243.465528,0.32911,0.0071943,4424594.480787671
4257,198968.0218255,0.43491,0.0,4188032.003597044
4258,205101.8307099,0.52017,0.0,3679860.7562986575
4259,209421.8044615,0.5948,0.0058925,2558379.382950495
4260,207718.7378864,0.64373,0.0071914,2050208.1356521088
4261,200348.0134406,0.66458,0.010142,2442771.744687148
4262,196037.2704022,0.61713,0.01556,2500932.9767035088
4263,194357.28061,0.54457,0.024338,2607561.9020668366
4264,191998.8334016,0.45278,0.03899,2762658.5207771314
4265,193120.3650486,0.34058,0.057387,3324883.7636019518
4266,204187.9901087,0.22895,0.072361,4333011.785218869
4267,209038.729866,0.12861,0.082371,5224817.342803067
4268,209384.8816089,0.072017,0.09868,4934011.182721263
4269,208895.6538123,0.0072466,0.099379,4924317.644051869
4270,215232.5383858,0.0,0.075602,4749833.948002788
4271,199364.9424908,0.0,0.055971,4536576.097276132
4272,189381.9262252,0.0,0.044529,4362092.4012270495
4273,188574.2388251,0.0,0.037164,4294237.630541296
4274,189368.0801555,0.0,0.033329,4294237.630541296
4275,188740.3916617,0.0,0.031601,4420253.63324341
4276,192644.9833217,0.0,0.028753,4536576.097276132
4277,200897.2408727,0.0040545,0.022278,4711059.793325214
4278,234501.6520746,0.082687,0.015227,4759527.48667218
4279,264907.6211719,0.19151,0.025465,4769221.025341574
4280,283239.8174765,0.29937,0.027523,4681979.177317033
4281,287273.6391206,0.39388,0.024476,4449334.249251591
4282,291362.8450435,0.46848,0.020458,3916189.622434952
4283,296199.7387311,0.54877,0.018944,2917755.1394874263
4284,292899.758782,0.60694,0.021584,2491239.438034116
4285,290652.0801314,0.63959,0.03036,2431989.234113621
4286,287915.1736841,0.62185,0.041909,2489893.739687755
4287,285150.5750974,0.57714,0.051407,2596051.999907
4288,279870.6071788,0.50753,0.061674,2750464.014771357
4289,278227.5402391,0.37854,0.072675,3310207.5686546504
4290,278158.3098906,0.25139,0.08075,4313885.66527297
4291,276367.5515406,0.13881,0.096954,5201754.750743023
4292,268802.9821188,0.075176,0.14427,4912232.222872354
4293,258939.9651241,0.0073994,0.17475,4902581.471943331
4294,251338.4728498,0.0,0.16757,4728867.95522093
4295,230320.1390202,0.0,0.14086,4516551.434782439
4296,213404.8571832,0.0,0.11968,4342837.918060037
4297,207649.5075378,0.0,0.11057,4275282.661556881
4298,205078.7539271,0.0,0.11558,4275282.661556881
4299,205360.290678,0.0,0.13258,4400742.423634172
4300,209306.4205472,0.0,0.12299,4516551.434782439
4301,215541.7672762,0.0028749,0.071231,4690264.9515048405
4302,245144.6643299,0.056483,0.034673,4738518.706149952
4303,275882.9391005,0.1031,0.028498,4748169.457078974
4304,288685.9382316,0.15706,0.023794,4661312.698717774
4305,290149.006265,0.1993,0.020701,4429694.676421238
4306,295419.7434704,0.22589,0.020258,3898903.375325012
4307,298825.8766207,0.26797,0.01967,2904876.029635713
4308,298124.3424217,0.30009,0.018499,2480242.988758733
4309,295959.7401894,0.31906,0.019959,2108426.33548962
4310,292179.7631568,0.31122,0.023196,2155700.468572347
4311,289512.0870581,0.28877,0.025159,2240793.9081212548
4312,285773.6482346,0.25297,0.026418,2420435.613835617
4313,285824.4171569,0.17879,0.028885,3044454.170527612
4314,285044.4218962,0.11086,0.032834,4396494.376693601
4315,282039.8247677,0.055542,0.050266,5427070.477897048
4316,271350.6589466,0.048583,0.085496,5133970.852784141
4317,262475.3282584,0.0057045,0.11062,4916509.840603597
4318,251052.3207423,0.0,0.093255,4642319.868723781
4319,229526.2976898,0.0,0.059174,4377584.72346051
4320,216206.3786225,0.0,0.030422,4245217.150828876
4321,211304.8699429,0.0,0.016559,4150668.8846634217
4322,207211.0486634,0.0,0.010579,4197943.017746149
4323,208660.2706271,0.0,0.0068085,4283036.457295057
4324,212546.4008608,0.0,0.0,4443768.509776329
4325,217863.2916319,0.0021638,0.0,4576136.082407963
4326,247696.9565143,0.045775,0.0,4755777.788122325
4327,277401.3914127,0.070719,0.0074172,4803051.921205053
4328,288602.8618133,0.10286,0.013533,4774687.441355417
4329,289581.3174066,0.12264,0.019143,4519407.122708691
4330,290938.2322389,0.12888,0.018866,3971027.17894906
4331,299998.17719,0.13031,0.014656,2760809.372031251
4332,296670.5051015,0.12124,0.010666,2212429.4282716187
4333,296315.1226454,0.10385,0.0074758,1941802.6363421564
4334,293287.4487341,0.16846,0.0,1985340.8120448955
4335,289442.8567095,0.21836,0.0,2063709.528309825
4336,282852.1275244,0.24573,0.0,2229154.595980234
4337,280752.1402841,0.15844,0.0,2803858.515256387
4338,279842.9150394,0.084882,0.0,4049050.340354721
4339,277687.5435202,0.032318,0.0073421,4998182.570674431
4340,266458.3809802,0.040787,0.010472,4728245.881317448
4341,258316.8919869,0.0051352,0.013842,4527970.273084848
4342,252358.4666522,0.0,0.01617,4275448.854008963
4343,232083.2052308,0.0,0.018325,4031635.070073625
4344,216114.0714911,0.0,0.022928,3909728.178105957
4345,208198.7349699,0.0,0.029805,3822651.8267004783
4346,207003.3576177,0.0,0.037535,3866190.0024032174
4347,208927.9613083,0.0,0.044207,3944558.718668148
4348,212740.2458369,0.0,0.062875,4092588.51605746
4349,218389.4422812,0.0016939,0.075726,4214495.408025128
4350,247932.3396995,0.05937,0.090263,4379940.4756955365
4351,274687.5617483,0.11876,0.090425,4423478.651398275
4352,287033.6405788,0.17457,0.10157,4397355.745976632
4353,289133.6278191,0.21255,0.12011,4162249.597181842
4354,295004.3613789,0.22979,0.13226,3657206.759030071
4355,302135.0872829,0.23194,0.1332,2542629.461039954
4356,300164.3300266,0.21672,0.14044,2037586.622888182
4357,296716.6586672,0.18781,0.19171,1766138.61323825
4358,293370.5251524,0.2029,0.33117,1805738.133714444
4359,288233.6332876,0.20599,0.46874,1877017.270571593
4360,282173.6701083,0.19553,0.55985,2027495.44838113
4361,281541.366258,0.17321,0.55075,2550209.1186668905
4362,280996.7541824,0.13805,0.42509,3682755.404286037
4363,279469.0711571,0.092909,0.25562,4546024.950667065
4364,268609.1371428,0.060322,0.15652,4300507.923714663
4365,257970.740244,0.0064292,0.10701,4118350.1295241695
4366,253646.1511359,0.0,0.058947,3888672.910762245
4367,233103.1990332,0.0,0.030001,3666915.59609556
4368,219030.9768447,0.0,0.015121,3556036.9387622164
4369,214041.7763902,0.0,0.011069,3476837.8978098286
4370,214189.4678005,0.0,0.01281,3516437.4182860223
4371,214295.6210017,0.0,0.018061,3587716.5551431715
4372,216760.2214112,0.0,0.022486,3722354.924762231
4373,224034.0233689,0.0018218,0.02505,3833233.582095574
4374,253530.7672216,0.065304,0.018334,3983711.759905111
4375,278882.9208724,0.1399,0.020282,4023311.2803813047
4376,291842.842127,0.20483,0.021782,3999551.5680955886
4377,292678.2216666,0.24892,0.020894,3785714.1575241415
4378,297427.4235793,0.26888,0.021125,3326359.720000292
4379,300210.4835923,0.25669,0.02092,2312611.9958097264
4380,296619.7361792,0.22168,0.021543,1853257.5582858769
4381,289313.6267255,0.16979,0.021168,1064333.6708966123
4382,282819.8200284,0.1622,0.019854,1102936.4465249868
4383,279519.8400793,0.14692,0.017501,1163597.951083861
4384,276353.7054709,0.1251,0.014647,1345582.4647604842
4385,275878.3237439,0.10708,0.013647,1874991.9590924776
4386,275892.1698136,0.082476,0.013708,2757341.116312467
4387,272809.1116234,0.053495,0.011643,3457705.759855834
4388,263070.7092562,0.047654,0.010693,3170942.283759337
4389,255464.6016253,0.005535,0.013324,2895208.17212809
4390,252395.3895048,0.0,0.020979,2669106.200590468
4391,235507.7998073,0.0,0.031889,2465062.9579833453
4392,219266.3600299,0.0,0.042698,2393372.0889592213
4393,208780.2698979,0.0,0.05014,2343739.9488655976
4394,203315.6877165,0.0,0.052694,2360283.995563472
4395,203758.7619474,0.0,0.051125,2443004.2290528454
4396,203200.3038022,0.0,0.035904,2575356.602635844
4397,200094.1688292,0.0015701,0.023465,2680135.565055718
4398,203560.3016148,0.063101,0.023576,2834546.667569216
4399,219898.6638803,0.13538,0.029093,2911752.218825965
4400,236333.9486337,0.20314,0.040778,2900722.854360715
4401,245278.5096705,0.2528,0.048648,2729767.7051493423
4402,249700.0212667,0.28074,0.05868,2321681.219935097
4403,251670.778523,0.34934,0.063346,1522052.2962044815
4404,245638.5074832,0.40637,0.053814,1174627.3155491108
4405,239066.2397244,0.44699,0.03575,1174898.0847437975
4406,230453.9843608,0.44595,0.022054,1217510.9686464225
4407,229646.2969607,0.42368,0.011984,1284474.0719219756
4408,223923.2548112,0.38088,0.0061316,1485363.3817486356
4409,225183.2471554,0.27143,0.0,2069768.646698918
4410,229978.6026339,0.16972,0.0,3043777.421616056
4411,228340.1510507,0.085864,0.0,3816896.8867065343
4412,217069.4503015,0.057779,0.024065,3500344.0348584647
4413,215444.8447881,0.0060504,0.074651,3195966.2926968588
4414,215661.766547,0.0,0.12182,2946376.5441243416
4415,202872.6134856,0.0,0.1455,2721137.014924753
4416,192377.2926405,0.0,0.1774,2641998.801962736
4417,186621.942995,0.0,0.21281,2587210.808373648
4418,185103.4906828,0.0,0.24943,2605473.4729033434
4419,182218.8928252,0.0,0.29368,2696786.7955518253
4420,181005.0540467,0.0,0.35444,2842888.111789396
4421,177252.7691536,0.0013383,0.36737,2958551.653810806
4422,178305.070452,0.059161,0.39133,3129003.189421306
4423,186455.7901584,0.1228,0.57792,3214228.957226555
4424,198044.9505111,0.22415,0.83471,3202053.847540091
4425,206154.1320084,0.33631,0.93954,3013339.647399895
4426,213871.008197,0.44855,0.97576,2562860.5890007187
4427,221878.6518497,0.39212,0.98702,1680165.1367320628
4428,218615.5947532,0.29056,0.98847,1296649.1816084397
4429,211563.329911,0.15812,0.98582,1163165.2322714862
4430,204751.0636105,0.10725,0.96131,1205352.5723020583
4431,200809.5490978,0.056367,0.87218,1271646.9637786716
4432,199941.8620623,0.011383,0.94013,1470530.1382085113
4433,207077.2033228,0.057812,0.9537,2049099.3729134996
4434,214743.3105892,0.079701,0.8995,3013381.4307551463
4435,216760.2214112,0.073369,0.86394,3778780.314166953
4436,215066.3855492,0.054833,0.82807,3465388.6453684173
4437,215269.4612384,0.006029,0.80093,3164050.5022929027
4438,219714.0496174,0.0,0.76708,2916953.224970981
4439,206057.2095204,0.0,0.70407,2693962.9990951
4440,195718.8107988,0.0,0.64883,2615615.081895466
4441,195174.1987232,0.0,0.6212,2561374.216141874
4442,192548.0608337,0.0,0.5951,2579454.504726405
4443,193614.2082019,0.0,0.55585,2669855.947649059
4444,197652.6452025,0.0,0.47609,2814498.256325306
4445,205807.9802655,0.0019657,0.3761,2929006.750694001
4446,239246.2386307,0.082508,0.28427,3097756.11081629
4447,272342.9606096,0.20664,0.32715,3182130.790877434
4448,285325.9586471,0.30306,0.31969,3170077.2651544134
4449,286904.4105948,0.3689,0.26763,2983247.6164475945
4450,292775.1441546,0.39987,0.25044,2537267.1646958324
4451,302135.0872829,0.38844,0.2325,1663386.5497768405
4452,301419.7070142,0.34529,0.19633,1283700.489501692
4453,298941.260535,0.27749,0.16436,1097524.9559634891
4454,292267.4549316,0.30074,0.15144,1137331.5605839265
4455,289839.7773747,0.30674,0.14315,1199884.7964160426
4456,283332.1246079,0.29324,0.12402,1387544.503912391
4457,280650.6024395,0.2396,0.083258,1933463.6529926755
4458,280281.3739138,0.17696,0.044295,2843328.901459817
4459,275998.3230148,0.11071,0.022022,3565534.4424306103
4460,266176.8442293,0.066013,0.014071,3269828.2366787894
4461,258639.9669469,0.0065193,0.011853,2985495.346532808
4462,250798.4761308,0.0,0.012147,2752342.3766131024
4463,232004.744169,0.0,0.021896,2541936.037905076
4464,216709.4524889,0.0,0.048212,2468009.486467121
4465,206689.5133708,0.0,0.088544,2416829.5662408443
4466,204811.0632459,0.0,0.14112,2433889.5396496034
4467,209121.8062843,0.0,0.20182,2519189.4066933976
4468,212901.7833169,0.0,0.27309,2655669.193963469
4469,219446.3589362,0.0010752,0.28978,2763715.6922189416
4470,248149.2614584,0.057439,0.24728,2922942.110700692
4471,273889.1050613,0.11977,0.28276,3002555.3199415663
4472,286512.1052862,0.1665,0.45952,2991182.0043357275
4473,290319.7744582,0.18757,0.60008,2814895.612445219
4474,295304.3595561,0.18201,0.59584,2394082.9350291654
4475,301581.2444942,0.20586,0.52272,1569517.553605819
4476,298428.9559555,0.2185,0.38736,1211258.112021882
4477,293472.062997,0.21912,0.22201,935000.0732494316
4478,285805.9557306,0.20963,0.12519,968911.9930045924
4479,280465.9881766,0.1922,0.092384,1022202.1526198448
4480,274973.7138558,0.16562,0.07327,1182072.631465603
4481,275924.4773096,0.13071,0.05751,1647150.388107807
4482,275915.2465965,0.092805,0.040159,2422279.982511481
4483,272273.7302611,0.055212,0.025854,3037539.098069397
4484,263504.552774,0.048139,0.019661,2785621.979888203
4485,254989.2198984,0.0052908,0.016721,2543393.981637055
4486,250678.47686,0.0,0.016786,2344767.023071113
4487,231787.8224101,0.0,0.021853,2165518.304365264
4488,218781.7475898,0.0,0.030124,2102539.024819965
4489,212486.4012254,0.0,0.044144,2058937.985134759
4490,210211.0304353,0.0,0.063281,2073471.6650298275
4491,210367.9525588,0.0,0.081805,2146140.0645051715
4492,214387.9281331,0.0,0.090713,2262409.5036657234
4493,220429.4298861,0.0013228,0.080298,2354456.143001159
4494,248453.8749922,0.073482,0.076846,2490103.8220218024
4495,274369.1021448,0.1826,0.071327,2557927.661532124
4496,284679.808727,0.28047,0.064097,2548238.5416020774
4497,284735.1930059,0.35687,0.056837,2398057.182686366
4498,289124.397106,0.4065,0.054133,2039559.745274667
4499,295904.3559105,0.41659,0.051627,1337098.5503463375
4500,292179.7631568,0.39731,0.040434,1031891.2725498908
4501,287725.9440646,0.35295,0.024915,996656.699073626
4502,282247.5158135,0.35646,0.012789,1032804.8695063484
4503,276801.3950584,0.34188,0.0057353,1089609.1373291975
4504,272970.6491035,0.30981,0.0,1260021.940797745
4505,273482.953683,0.22058,0.0,1755768.2781607923
4506,273926.0279139,0.13787,0.0,2582012.1737658707
4507,267178.3766054,0.06995,0.0,3237843.2659024023
4508,247226.190144,0.052472,0.0,2969313.999830752
4509,238304.70589,0.0053792,0.0,2711112.782454164
4510,237663.1713265,0.0,0.0,2499387.784205363
4511,227947.8457421,0.0,0.0,2308318.883346688
4512,214521.7734737,0.0,0.0,2241186.566828776
4513,210003.3393896,0.0,0.0,2194710.3477009903
4514,206786.4358588,0.0,0.0,2210202.4207435856
4515,207067.9726097,0.0,0.0,2287662.7859565616
4516,210529.4900388,0.0,0.0,2411599.3702973234
4517,215569.4594156,0.0,0.0,2509715.832900426
4518,247286.1897794,0.023398,0.0,2654308.514631315
4519,273750.6443642,0.0026999,0.0,2726604.855496759
4520,284356.733767,0.028538,0.0,2716276.8068016963
4521,287001.3330828,0.073471,0.0,2556192.052028212
4522,292821.2977203,0.13341,0.0,2174054.2503108634
4523,297418.1928662,0.17356,0.0,1425270.7199187607
4524,291759.7657087,0.20937,0.0,1099937.186024261
4525,286996.7177262,0.23676,0.0,1199071.4966173586
4526,283405.9703131,0.21874,0.0,1242561.136391045
4527,279810.6075434,0.1909,0.0057542,1310901.9988925527
4528,277429.0835522,0.1562,0.0093119,1515924.586397075
4529,278338.3087969,0.13397,0.013938,2112353.9318647766
4530,279025.9969261,0.10328,0.018084,3106402.840977613
4531,278624.4609044,0.066921,0.023046,3895429.1625859262
4532,269619.9002321,0.05118,0.036785,3572363.2671242543
4533,260961.4913027,0.0051634,0.054273,3261722.9830264933
4534,255644.6005316,0.0,0.066593,3006997.950066329
4535,237677.0173962,0.0,0.074136,2777124.139833986
4536,224472.4822433,0.0,0.073322,2696357.665968568
4537,218477.134056,0.0,0.07044,2640442.414830971
4538,213160.2432849,0.0,0.068098,2659080.8318768363
4539,212680.2462014,0.0,0.065159,2752272.9171061646
4540,216469.4539472,0.0,0.044328,2901380.2534730905
4541,222118.6503915,0.0,0.023014,3019423.561430239
4542,251509.2410429,0.067631,0.010102,3193382.1205249857
4543,277927.542062,0.16899,0.009335,3280361.400072359
4544,288704.3996579,0.22999,0.12,3267935.7887084484
4545,292078.2253122,0.24952,0.013176,3075338.8125678366
4546,298308.9566846,0.22613,0.014462,2615591.19210315
4547,302832.0061253,0.25503,0.015809,1714734.3682196422
4548,298327.4181109,0.26821,0.017258,1323327.610256463
4549,292212.0706528,0.26929,0.020064,1535915.78400676
4550,286442.8749376,0.28654,0.029239,1570353.3576391984
4551,281933.6715666,0.28794,0.048763,1632340.9901775878
4552,279939.8375274,0.27142,0.070024,1763203.7699808546
4553,280299.83534,0.21269,0.0782,2217779.741929044
4554,278873.6901592,0.14986,0.066564,3202694.3478167863
4555,275033.7134912,0.088712,0.054595,3953433.453003947
4556,263873.7812997,0.056856,0.056085,3739920.496482828
4557,253696.9200581,0.0051634,0.053516,3581507.6577736107
4558,249580.0219958,0.0,0.0561,3381769.730705467
4559,232161.6662925,0.0,0.057814,3188919.318363812
4560,218721.7479544,0.0,0.057724,3092494.1121929837
4561,209509.4962363,0.0,0.062313,3023618.964928106
4562,204455.6807898,0.0,0.072319,3058056.538560545
4563,200828.0105241,0.0,0.09167,3120044.1710989345
4564,202184.9253563,0.0,0.10092,3237131.9214492254
4565,199729.55566,0.0,0.078704,3333557.127620053
4566,210127.954017,0.068732,0.053014,3464419.9074233198
4567,221587.8843857,0.17806,0.043216,3498857.481055758
4568,232849.3544217,0.30201,0.057485,3478194.936876295
4569,243796.9802109,0.4229,0.10384,3292232.039261127
4570,250323.0944039,0.53047,0.18108,2892756.18512484
4571,251490.7796167,0.58768,0.30102,2011154.300134412
4572,243473.9052508,0.61566,0.46799,1611678.445998125
4573,232789.3547863,0.61522,0.64262,1566759.4863336484
4574,225284.785,0.56209,0.74429,1601888.6227985283
4575,222109.4196783,0.4848,0.77251,1665121.0684353125
4576,222995.5681402,0.39097,0.72732,1798611.7870018566
4577,227227.8501168,0.29,0.64689,2262316.3883382725
4578,234783.1888255,0.19117,0.56432,3267009.691233841
4579,235401.6466061,0.10403,0.52894,4032824.8661682256
4580,226669.3919716,0.060822,0.50292,3815024.220085969
4581,222510.9557001,0.0051438,0.45895,3653430.192347521
4582,221407.8854794,0.0,0.44812,3449681.200851217
4583,210266.4147142,0.0,0.44595,3252958.036647889
4584,195234.1983587,0.0,0.42251,3154596.4545462253
4585,189331.1573029,0.0,0.38293,3084338.181616465
4586,187461.9378912,0.0,0.33234,3119467.3180813454
4587,186534.2512202,0.0,0.29786,3182699.763718129
4588,186285.0219653,0.0,0.25713,3302138.827698721
4589,181554.2814788,0.0,0.18022,3400500.409800385
4590,184881.9535673,0.070541,0.1082,3533991.128366929
4591,192146.5248119,0.18661,0.11427,3569120.264831809
4592,199757.2477994,0.30542,0.11871,3548042.7829528814
4593,207561.8157629,0.41321,0.15139,3358345.4460425293
4594,214918.6941389,0.50225,0.18064,2950847.4630499207
4595,221384.8086965,0.53464,0.20933,2051541.569548993
4596,215306.384091,0.53473,0.24132,1644043.5865563846
4597,208240.273179,0.50536,0.26991,1693899.8395157792
4598,204903.3703773,0.47767,0.27673,1731879.6565452807
4599,203380.3027085,0.42855,0.27032,1800243.327198384
4600,204635.6796962,0.36259,0.2813,1944566.631910491
4601,210903.3339211,0.25507,0.29329,2445900.2166999145
4602,220281.7384758,0.15641,0.28091,3532122.983743665
4603,224601.7122273,0.076551,0.31213,4360082.994986804
4604,224121.7151438,0.052734,0.40505,4124608.129403893
4605,223927.8701678,0.0037391,0.40706,3949900.971068184
4606,227869.3846804,0.0,0.33471,3729618.0322970734
4607,217244.8338513,0.0,0.27077,3516931.0569318645
4608,203712.6083817,0.0,0.21837,3410587.56924926
4609,199397.2499868,0.0,0.16697,3334627.935190256
4610,202300.3092706,0.0,0.11102,3372607.752219757
4611,201552.621506,0.0,0.060988,3440971.422872861
4612,204861.8321682,0.0,0.038119,3570102.800773167
4613,213178.7047112,0.0,0.024457,3676446.288455772
4614,247424.6504766,0.053091,0.015956,3820769.593167879
4615,274835.2531586,0.12457,0.015241,3858749.410197381
4616,291270.5379121,0.24553,0.017022,3835961.51997968
4617,297012.0414878,0.38568,0.020775,3630870.50802037
4618,302818.1600556,0.53151,0.020412,3190304.6304781493
4619,308910.4307308,0.5675,0.021701,2218021.314522904
4620,305430.4518754,0.5703,0.024037,1777455.4369806831
4621,302744.3143504,0.54286,0.028211,1687702.6784520573
4622,298105.8809954,0.52686,0.034049,1725543.5456819243
4623,290910.5400994,0.48682,0.039694,1793657.1066956844
4624,288561.3236042,0.42506,0.045585,1937452.4021691785
4625,288016.7115287,0.29551,0.65,2436951.849603419
4626,285229.0361591,0.17762,0.11606,3519200.6523776087
4627,281342.9059253,0.083868,0.24073,4344131.557988704
4628,270782.9700883,0.053942,0.34275,4109518.1811635294
4629,264275.3173215,0.0035378,0.31393,3935450.191906143
4630,256373.82687,0.0,0.20141,3715973.1619729153
4631,237875.4777288,0.0,0.12728,3504064.3054856625
4632,225377.0921314,0.0,0.091723,3398109.877242036
4633,222797.1078076,0.0,0.073312,3322428.1427823016
4634,215177.154107,0.0,0.054416,3360269.0100121684
4635,213667.9325079,0.0,0.036061,3428382.5710259285
4636,215800.2272442,0.0,0.029065,3557041.5196074755
4637,221537.1154634,0.0,0.024137,3662995.9478511023
4638,251320.0114235,0.050514,0.023098,3806791.243324596
4639,275462.9416524,0.11941,0.01964,3844632.110554463
4640,287887.4815447,0.21967,0.017589,3821927.590216543
4641,292608.991318,0.32744,0.017799,3617586.9071752634
4642,300062.792182,0.43211,0.013836,3178632.847308808
4643,304738.1483896,0.50581,0.011782,2209906.646224219
4644,299725.8711522,0.55868,0.013333,1770952.5863577644
4645,296384.352994,0.58706,0.016931,1698819.988739298
4646,291459.7675315,0.57906,0.021422,1736910.1230159637
4647,288879.7832077,0.54458,0.025839,1805472.3647139624
4648,284112.1198686,0.48479,0.030601,1950214.8749652929
4649,281287.5216465,0.34947,0.034341,2453004.647417282
4650,278725.9987489,0.22072,0.0368,3542382.487729926
4651,276921.3943292,0.11253,0.045844,4372747.414961242
4652,267704.5272546,0.061783,0.065211,4136588.582445914
4653,259572.2689745,0.003669,0.075105,3961373.96477325
4654,253216.9229746,0.0,0.057616,3740451.1859685886
4655,234017.0396345,0.0,0.0343,3527146.43401926
4656,220840.196621,0.0,0.018826,3420494.058044596
4657,212454.0937294,0.0,0.010791,3344313.789491264
4658,209804.879057,0.0,0.0064879,3382403.9237679294
4659,211535.6377715,0.0,0.0,3450966.165465928
4660,216058.6872122,0.0,0.0,3580472.622006592
4661,222603.2628315,0.0,0.0,3687124.997981256
4662,252053.8531185,0.049253,0.0,3831867.508232586
4663,276736.7800663,0.11935,0.0,3869957.642509252
4664,290310.543745,0.22069,0.0065386,3847103.561943253
4665,293984.3675765,0.32985,0.0104,3641416.836849257
4666,300436.6360643,0.43637,0.01667,3199571.279239933
4667,305965.8332378,0.48896,0.023869,2224463.841757287
4668,303455.0792625,0.51685,0.029015,1782618.284147963
4669,300053.5614689,0.51951,0.031061,1778157.0840212354
4670,294413.5957377,0.51605,0.029759,1818026.07693651
4671,290176.6984045,0.48817,0.026788,1889790.2641840037
4672,281905.9794272,0.43632,0.022715,2041292.437262046
4673,280784.4477801,0.31028,0.016164,2567563.1437436678
4674,285824.4171569,0.19257,0.0087328,3707816.341120513
4675,284485.963751,0.095563,0.0064323,4576960.386673494
4676,275130.6359792,0.055629,0.012566,4329772.630598794
4677,268189.1396947,0.0031035,0.031233,4146375.26318853
4678,259539.9614785,0.0,0.060507,3915135.10427994
4679,241927.7607992,0.0,0.096834,3691868.743954404
4680,229604.7587515,0.0,0.14588,3580235.5637916354
4681,221514.0386805,0.0,0.20359,3500497.5779610868
4682,217470.9863233,0.0,0.25372,3540366.5708763613
4683,216977.1431701,0.0,0.30045,3612130.758123855
4684,219686.3574779,0.0,0.35371,3747685.3340357873
4685,227555.5404335,0.0,0.37693,3859318.514198556
4686,253299.9993929,0.054783,0.30491,4010820.6872765976
4687,279907.5300314,0.14601,0.30453,4050689.6801918726
4688,290481.3119382,0.2231,0.42961,4026768.284442709
4689,294658.209636,0.27674,0.61346,3811475.722700227
4690,301447.3991537,0.30322,0.72445,3348995.404883045
4691,308601.2018405,0.34607,0.78587,2328349.186252021
4692,303113.5428762,0.37152,0.81313,1865868.868434839
4693,297561.2689199,0.381,0.79803,1940636.1696286837
4694,290744.3872628,0.38951,0.66682,1984148.191369237
4695,286350.5678061,0.37681,0.47134,2062469.830502233
4696,281467.5205528,0.34298,0.33437,2227815.5131163364
4697,276644.4729349,0.25335,0.26296,2802174.2000916414
4698,272398.3448885,0.16569,0.20433,4046618.02187147
4699,273002.9565995,0.08882,0.12245,4995180.095815535
4700,266075.3063847,0.053582,0.088986,4725405.561024103
4701,256659.9789775,0.0029222,0.073723,4525250.261017557
4702,251467.7028338,0.0,0.054924,4272880.534922347
4703,231501.6703027,0.0,0.044104,4029213.213175249
4704,215832.5347402,0.0,0.04059,3907379.552301699
4705,210118.7233039,0.0,0.039724,3820355.508820592
4706,205466.4438791,0.0,0.038758,3863867.5305611454
4707,208240.273179,0.0,0.03348,3942189.1696941415
4708,213252.5504164,0.0,0.025384,4090130.043612024
4709,219298.6675259,0.0,0.017746,4211963.704485573
4710,245306.20181,0.050691,0.014777,4377309.387099677
4711,267506.066922,0.13301,0.025853,4420821.408840229
4712,277036.7782435,0.22363,0.043545,4394714.195795897
4713,276081.3994331,0.30605,0.083467,4159749.278396909
4714,281605.98125,0.37333,0.15456,3655009.8262064895
4715,296056.6626774,0.40133,0.25278,2541102.0696483213
4716,289922.853793,0.40309,0.32944,2036362.617457901
4717,282150.5933255,0.38254,0.35938,1970749.9987255947
4718,275176.789545,0.36875,0.36563,2014937.2184279624
4719,271650.6571238,0.33768,0.35554,2094474.213892224
4720,270035.2823236,0.29108,0.34536,2262385.6487612207
4721,271913.7324484,0.22555,0.33779,2845656.9488324733
4722,270746.0472357,0.15663,0.29522,4109411.4323201855
4723,268406.0614536,0.090293,0.21489,5072692.8218318
4724,257269.206045,0.053568,0.11995,4798732.05967712
4725,247904.6475601,0.0027382,0.090687,4595470.849046229
4726,244729.2822385,0.0,0.054626,4339184.974772497
4727,226544.7773442,0.0,0.033184,4091736.54443924
4728,211194.1013852,0.0,0.026205,3968012.32927261
4729,202591.0767347,0.0,0.028175,3879637.889867875
4730,195658.8111633,0.0,0.03737,3923825.109570242
4731,197740.3369774,0.0,0.049311,4003362.105034504
4732,202411.0778284,0.0,0.052415,4153598.652022553
4733,201700.3129163,0.0,0.044301,4277322.867189183
4734,205064.9078574,0.061107,0.039047,4445234.30205818
4735,212758.7072631,0.18119,0.046958,4489421.521760547
4736,224310.9447632,0.25989,0.04613,4462909.189939127
4737,235563.1840862,0.29466,0.048128,4224298.2035463415
4738,245167.7411128,0.28369,0.052152,3711726.4549988783
4739,250410.7861788,0.32372,0.058723,2580533.630618267
4740,245080.0493379,0.3474,0.065051,2067961.8820708035
4741,236860.0992829,0.35406,0.070027,1650141.3207047498
4742,228289.3821284,0.3377,0.070731,1687140.0050254844
4743,222654.0317538,0.30593,0.066389,1753737.6368028058
4744,223858.6398192,0.26071,0.057697,1894332.6372215964
4745,225746.3206572,0.20054,0.043508,2382715.270255289
4746,224583.250801,0.1379,0.026953,3440877.64182829
4747,222261.7264452,0.078482,0.015968,4247448.960020298
4748,211581.7913372,0.049011,0.011748,4018057.117231745
4749,205097.2153534,0.0013989,0.0081451,3847863.169356368
4750,205651.058142,0.0,0.0060873,3633270.8002961087
4751,193161.9032578,0.0,0.0,3426078.168099996
4752,180345.0580569,0.0,0.0,3322481.852001941
4753,174091.2499016,0.0,0.0068011,3248484.483360472
4754,171105.1141995,0.0,0.010985,3285483.1676812065
4755,173431.2539118,0.0,0.018725,3352080.7994585275
4756,173089.7175255,0.0,0.030349,3477876.3261490245
4757,168654.3598596,0.0,0.036918,3581472.6422470803
4758,171354.3434544,0.058061,0.020334,3722067.6426658714
4759,178706.6064738,0.17895,0.018141,3759066.326986605
4760,184914.2610633,0.28232,0.016922,3736867.116394165
4761,189995.7686493,0.36053,0.015157,3537074.2210622
4762,197001.8799258,0.40876,0.014964,3107889.482941682
4763,205540.2895843,0.429,0.014705,2160723.1643308834
4764,201898.7732489,0.41991,0.012945,1731538.4262103653
4765,191675.7584415,0.38626,0.011083,1759525.281824877
4766,186012.7159275,0.37797,0.010405,1798976.5213276772
4767,182329.6613829,0.35142,0.011595,1869988.7524327168
4768,182209.6621121,0.30825,0.014638,2019903.4625433567
4769,190064.9989979,0.22385,0.016423,2540659.823980316
4770,197343.4163122,0.14284,0.015163,3668965.2737603937
4771,201677.2361334,0.073694,0.014466,4529002.294921433
4772,201644.9286374,0.046825,0.01835,4284404.610004073
4773,202729.5374319,0.0011232,0.030006,4102928.9082911927
4774,208184.8889001,0.0,0.064982,3874111.719174953
4775,194569.5870123,0.0,0.13442,3653184.777959274
4776,184138.8811592,0.0,0.22951,3542721.3073514346
4777,177003.5398987,0.0,0.35525,3463818.828345834
4778,177681.9973148,0.0,0.49758,3503270.067848634
4779,181568.1275485,0.0,0.59326,3574282.298953674
4780,186792.7111882,0.0,0.60627,3708416.513263194
4781,195086.5069484,0.0,0.5929,3818879.9838710334
4782,226729.3916071,0.04765,0.58881,3968794.693981673
4783,254859.9899143,0.13907,0.65788,4008245.933484473
4784,269047.5960171,0.21252,0.79919,3984575.1897827936
4785,273533.7226053,0.25857,0.82824,3771538.4964676737
4786,283613.6613588,0.27264,0.83227,3313904.1182351946
4787,290882.84796,0.32102,0.84669,2303952.386963516
4788,286682.8734793,0.35542,0.88476,1846318.008731037
4789,280996.7541824,0.37277,0.91023,1624979.5258335625
4790,275758.324473,0.36892,0.91337,1661414.0443500106
4791,271904.5017353,0.34676,0.89585,1726996.177679616
4792,270990.661134,0.30732,0.86838,1865447.348042117
4793,272610.6512908,0.23469,0.82911,2346382.9924592245
4794,270607.5865385,0.1598,0.75651,3388410.2220296264
4795,268378.3693142,0.08959,0.47864,4182682.725688184
4796,258372.2762657,0.051342,0.28262,3956788.710886209
4797,252090.775971,0.0011807,0.29349,3789189.9257105496
4798,246206.1963415,0.0,0.36668,3577869.718315154
4799,225497.0914023,0.0,0.52254,3373836.4146230468
4800,212094.0959168,0.0,0.7197,3271819.762776994
4801,206712.5901536,0.0,0.84209,3198950.725744099
4802,205803.3649089,0.0,0.8548,3235385.2442605463
4803,205438.7517397,0.0,0.83031,3300967.377590152
4804,209532.5730192,0.0,0.78035,3424844.740546074
4805,216944.8356741,0.0,0.70782,3526861.392392127
4806,243076.9845856,0.037428,0.65021,3665312.562754628
4807,266167.6135161,0.097507,0.73337,3701747.081271075
4808,278670.6144701,0.14695,0.87298,3679886.370161208
4809,283244.4328331,0.17321,0.93718,3483139.9701723903
4810,288450.5550465,0.17389,0.96815,3060499.555381598
4811,293375.140509,0.20406,0.97884,2127775.88136054
4812,290185.9291176,0.2248,0.98176,1705135.4665697475
4813,286636.7199136,0.23382,0.98711,1595262.9300213575
4814,282145.9779689,0.19239,0.99013,1631031.1571518814
4815,276829.0871978,0.1442,0.99001,1695413.965986824
4816,273404.4926212,0.095178,0.98757,1831333.2290828144
4817,276358.3208274,0.11652,0.98034,2303473.827205728
4818,276436.7818892,0.11358,0.96464,3326445.1231387057
4819,274747.5613837,0.086253,0.94649,4106192.474584122
4820,264695.3147696,0.019806,0.94279,3884429.466374876
4821,257947.6634611,0.0,0.92932,3719895.621574466
4822,251375.3957024,0.0,0.9103,3512439.9042174285
4823,230717.0596854,0.0,0.88092,3312137.832286496
4824,215214.0769595,0.0,0.87305,3211986.79632103
4825,209643.3415769,0.0,0.87078,3140450.342059982
4826,209158.7291369,0.0,0.88682,3176218.569190506
4827,208226.4271093,0.0,0.93714,3240601.3780254484
4828,213031.0133009,0.0,0.96085,3362213.350269229
4829,219543.2814242,0.0,0.96943,3462364.386234696
4830,246206.1963415,0.049862,0.97271,3598283.6493306854
4831,270639.8940345,0.16057,0.97618,3634051.876461209
4832,282418.2840067,0.20629,0.97859,3612590.940182896
4833,285704.417886,0.18723,0.98237,3419442.513678068
4834,292124.3788779,0.10385,0.98824,3004531.078963992
4835,297616.6531988,0.12113,0.99275,2088864.4644225847
4836,294455.1339468,0.13211,0.99548,1673953.02970851
4837,292470.5306208,0.136,0.99613,1678206.472856037
4838,288085.9418773,0.10788,0.99744,1715834.4206779213
4839,286498.2592164,0.076227,0.99614,1783564.726757313
4840,283964.4284583,0.045632,0.9916,1926550.928480473
4841,285141.3443842,0.060684,0.97949,2423239.839729345
4842,284642.8858744,0.061125,0.96171,3499399.1474352344
4843,279487.5325833,0.046695,0.95242,4319688.409952311
4844,266139.9213767,0.0093575,0.93176,4086395.133456629
4845,260841.4920318,0.0,0.89398,3913306.5734759606
4846,251998.4688396,0.0,0.86161,3695064.476109032
4847,232046.2823782,0.0,0.81599,3484347.9683064804
4848,219132.5146893,0.0,0.75396,3378989.7144052046
4849,212384.8633808,0.0,0.68895,3303733.8187614367
4850,213206.3968506,0.0,0.62714,3341361.7665833207
4851,214083.3145994,0.0,0.56961,3409092.0726627125
4852,218694.0558149,0.0,0.5311,3537027.095257119
4853,225834.0124321,0.0,0.496,3642385.349158394
4854,250826.1682703,0.022606,0.45306,3785371.550881555
4855,275384.4805907,0.04024,0.41636,3822999.498703439
4856,288229.017931,0.051967,0.41731,3800422.730010308
4857,291856.6881967,0.044211,0.51908,3597231.8117721337
4858,298382.8023897,0.018077,0.5594,3160747.617038276
4859,303842.7692146,0.070173,0.58257,2197472.1527980394
4860,301415.0916576,0.13146,0.64565,1760987.9580641824
4861,298728.9541327,0.19125,0.69041,1686108.6413857208
4862,294708.9785583,0.17309,0.7107,1723913.7678741897
4863,289881.3155838,0.14714,0.70626,1791962.995553434
4864,285939.8010712,0.1164,0.69809,1935622.4762096168
4865,284947.4994082,0.098897,0.65297,2434650.1458574086
4866,281998.2865586,0.074696,0.54431,3515876.763427624
4867,276261.3983394,0.046068,0.37712,4340028.52087625
4868,265359.926116,0.0090561,0.29855,4105636.736647741
4869,257453.8203079,0.0,0.27176,3931733.154800784
4870,246478.5023793,0.0,0.25457,3712463.421167663
4871,226314.0095156,0.0,0.25875,3500754.712832236
4872,213524.8564541,0.0,0.28334,3394900.358664523
4873,206569.5140999,0.0,0.31535,3319290.1056875843
4874,206791.0512153,0.0,0.35182,3357095.2321760543
4875,207787.9682349,0.0,0.36721,3425144.459855298
4876,211835.6359487,0.0,0.35825,3553681.889916093
4877,219317.1289522,0.0,0.34562,3659536.2440838064
4878,244641.5904636,0.034851,0.33072,3803195.724739989
4879,270284.5115785,0.10573,0.36149,3841000.851228458
4880,285981.3392804,0.16678,0.43153,3818317.7753353766
4881,291256.6918423,0.20483,0.44662,3614170.0922976434
4882,295068.9763709,0.21766,0.43707,3175630.625031403
4883,299675.1022299,0.22437,0.42737,2207819.3869265937
4884,294815.1317595,0.21367,0.42774,1769279.9196603529
4885,289152.0892454,0.18826,0.43933,1514976.6168367434
4886,281578.2891105,0.184,0.45634,1548944.7024160426
4887,276681.3957875,0.17066,0.46355,1610087.256458781
4888,274327.5639357,0.14868,0.431,1739165.981660118
4889,272292.1916874,0.11075,0.36315,2187544.711306867
4890,268442.9843062,0.072675,0.2531,3159031.958874824
4891,262313.7907784,0.038201,0.12866,3899536.2245035456
4892,249086.1788426,0.0069369,0.077752,3688934.093911891
4893,241092.3812596,0.0,0.061924,3532680.900247115
4894,231487.8242329,0.0,0.058436,3335666.00388718
4895,212961.7829523,0.0,0.05523,3145444.724643104
4896,198437.2558198,0.0,0.051243,3050334.0850210665
4897,192386.5233537,0.0,0.042364,2982397.913862468
4898,188505.0084765,0.0,0.031677,3016365.999441768
4899,188528.0852593,0.0,0.023267,3077508.553484505
4900,191357.2988381,0.0,0.015504,3193000.044454124
4901,194564.9716557,0.0,0.010113,3288110.6840761607
4902,203435.6869874,0.037187,0.0089552,3417189.4092774973
4903,215689.4586865,0.1219,0.011487,3451157.494856796
4904,230458.5997174,0.22116,0.014724,3430776.643509217
4905,245984.6592261,0.31717,0.016389,3247348.981381002
4906,256706.1325432,0.40162,0.015334,2853319.188661131
4907,261030.7216513,0.43801,0.013608,1983736.197831072
4908,254241.5321337,0.44705,0.010711,1589706.4051112018
4909,245610.8153437,0.43148,0.0075654,1288906.8310513576
4910,236250.8722154,0.36793,0.0060088,1335654.7472034795
4911,231266.2871175,0.28965,0.0060491,1409115.7582996706
4912,229110.9155983,0.20632,0.0071469,1629498.791588245
4913,228824.7634908,0.14203,0.0085396,2270613.070245915
4914,229512.4516201,0.084006,0.0089507,3339136.868008699
4915,225289.4003565,0.038163,0.0093217,4187277.632482908
4916,215915.6111585,0.0067647,0.019132,3840007.398210004
4917,211097.1788972,0.0,0.050835,3506093.711409133
4918,209514.1115929,0.0,0.088052,3232284.48823242
4919,195857.2714959,0.0,0.11537,2985188.3599997764
4920,188029.6267495,0.0,0.14105,2898370.80143155
4921,180626.5948078,0.0,0.15944,2838266.337807394
4922,174866.6298058,0.0,0.16519,2858301.159015445
4923,176477.3892494,0.0,0.17927,2958475.2650557067
4924,177206.6155878,0.0,0.23015,3118753.8347201245
4925,174289.7102342,0.0,0.22964,3245641.035704455
4926,175060.4747818,0.03388,0.20982,3432632.7003129423
4927,178365.0700875,0.11245,0.27915,3526128.5326171857
4928,187521.9375266,0.15865,0.26922,3512771.9851451507
4929,194966.5076775,0.1643,0.24865,3305745.4993286114
4930,204081.8369075,0.12903,0.19108,2811553.2428633235
4931,212403.3248071,0.15779,0.18211,1843203.5511408013
4932,206149.5166518,0.18008,0.21692,1422472.3057717057
4933,200315.7059446,0.19399,0.23595,1246221.9127449584
4934,197477.2616527,0.14518,0.21702,1291421.6712382988
4935,195746.5029382,0.091845,0.16717,1362449.8631564055
4936,195368.0436993,0.042719,0.10879,1575534.4389107246
4937,199120.3285924,0.066124,0.049933,2195416.841105108
4938,205401.8288871,0.070392,0.02257,3228554.178095747
4939,207464.8932749,0.054931,0.012872,4048606.939332067
4940,205387.9828174,0.010577,0.012628,3712837.3048101095
4941,206283.3619924,0.0,0.017798,3389981.887000534
4942,207432.5857789,0.0,0.018593,3125240.4443966835
4943,192404.9847799,0.0,0.012496,2886327.435217597
4944,183105.0412871,0.0,0.0066122,2802385.0265871086
4945,181037.3615427,0.0,0.0,2744271.051381385
4946,181009.6694033,0.0,0.0082843,2763642.376449959
4947,182818.8891796,0.0,0.02593,2860499.001792832
4948,188094.2417416,0.0,0.048533,3015469.6023414275
4949,197966.4894494,0.0,0.057176,3138154.661109066
4950,226364.7784379,0.026404,0.057508,3318953.695082428
4951,257181.5142701,0.083839,0.063349,3409353.212069109
4952,273944.4893402,0.13365,0.045842,3396438.995356725
4953,282279.8233095,0.16337,0.031701,3196268.6363147898
4954,289950.5459324,0.16919,0.024901,2718442.617956619
4955,297676.6528342,0.17816,0.028526,1782161.9063088524
4956,296638.1976055,0.1737,0.051361,1375364.079868788
4957,291547.4593064,0.15805,0.099532,1256125.6303662767
4958,286290.5681707,0.18485,0.15263,1301684.5910531364
4959,282164.4393952,0.19886,0.16349,1373277.2435610588
4960,275481.4030787,0.19704,0.1223,1588055.2010848264
4961,273847.5668522,0.15229,0.079476,2212863.804790332
4962,273206.0322886,0.1043,0.045616,3254211.477632841
4963,266310.6895698,0.057724,0.022645,4080781.1929515833
4964,252921.540154,0.011059,0.014177,3742343.199277768
4965,245984.6592261,0.0,0.0094984,3416922.051514483
4966,234930.8802358,0.0,0.0067106,3150076.71034859
4967,214429.4663423,0.0,0.0,2909265.0610037595
4968,201095.7012053,0.0,0.0,2824655.5625853064
4969,195548.0426056,0.0,0.0061639,2766079.7559879147
4970,194883.4312592,0.0,0.0082834,2785605.024853712
4971,194389.588106,0.0,0.011578,2883231.369182697
4972,198700.3311444,0.0,0.019986,3039433.5201090733
4973,207229.5100897,0.0,0.033689,3163093.5562591213
4974,233426.2739932,0.023436,0.034482,3345329.3990065604
4975,260638.4163427,0.071415,0.027244,3436447.32038028
4976,275061.4056306,0.10593,0.024649,3423430.474469749
4977,282930.5885862,0.11551,0.022496,3221669.3628565124
4978,289996.6994981,0.099172,0.016915,2740046.064166852
4979,295968.9709025,0.13386,0.01124,1796324.7356533282
4980,291699.7660733,0.16541,0.0079484,1386294.0894715902
4981,287633.6369332,0.19027,0.0070464,1221339.279059893
4982,281665.9808854,0.1964,0.0076145,1265636.558611288
4983,275947.5540925,0.19165,0.010494,1335246.5693349089
4984,268899.9046068,0.17523,0.012568,1544076.6015057713
4985,267639.9122626,0.10621,0.0094781,2151582.14963919
4986,267090.6848305,0.050627,0.0088264,3164091.3965282203
4987,265599.9246577,0.014227,0.021413,3967770.611246389
4988,256263.0583123,0.00090233,0.043445,3638705.1060074526
4989,251546.1638955,0.0,0.052823,3322295.966354631
4990,240990.843415,0.0,0.05001,3062840.471839317
4991,218887.900791,0.0,0.057409,2828697.7084962283
4992,204247.9897441,0.0,0.074593,2746431.332186495
4993,199692.6328074,0.0,0.087571,2689477.687048987
4994,199581.8642496,0.0,0.086705,2708462.235428156
4995,199988.015628,0.0,0.070793,2803384.9773240024
4996,205337.2138951,0.0,0.049474,2955261.3643573574
4997,212477.1705122,0.0,0.029873,3075496.8374254294
4998,239047.7782981,0.020797,0.012448,3252685.9556310102
4999,265683.001076,0.062868,0.0072896,3341280.5147338
5000,283447.5085223,0.14889,0.0069732,3328624.1491476875
5001,291233.6150595,0.25835,0.0086397,3132450.482562938
5002,298765.8769852,0.37931,0.012445,2664164.955876761
5003,306505.8299567,0.43089,0.020859,1746578.450883577
5004,303228.9267905,0.45922,0.029266,1347902.9349210218
5005,298216.6495531,0.4638,0.032253,1156842.804328676
5006,290832.0790377,0.41888,0.029164,1198800.8335012186
5007,282362.8997278,0.35503,0.021003,1264734.8793437856
5008,274964.4831426,0.27878,0.015423,1462537.016871487
5009,272610.6512908,0.20971,0.010145,2037961.416952072
5010,271867.5788827,0.13935,0.0062914,2997002.0837530466
5011,267699.9118981,0.074138,0.0,3758240.6130263214
5012,256267.6736688,0.014095,0.0,3446552.396316004
5013,247156.9597954,0.0,0.0,3146852.187940699
5014,236089.3347354,0.0,0.010671,2901098.017072949
5015,215527.9212064,0.0,0.019607,2679319.862875224
5016,204852.601455,0.0,0.030043,2601397.8086976446
5017,198631.1007958,0.0,0.040408,2547451.7711900896
5018,198774.1768495,0.0,0.050492,2565433.783692608
5019,198658.7929352,0.0,0.057325,2655343.8462052
5020,202651.0763701,0.0,0.079632,2799199.946225345
5021,210317.1836365,0.0,0.11187,2913086.025407961
5022,235747.798349,0.0282,0.10454,3080918.142098132
5023,261284.5662628,0.119,0.11357,3164834.200443217
5024,279898.2993183,0.21815,0.18735,3152846.192108205
5025,288339.7864887,0.30961,0.30379,2967032.062915516
5026,293033.6041226,0.38616,0.30566,2523475.7545200656
5027,296592.0440397,0.3721,0.21205,1654345.1502316815
5028,291205.92292,0.32235,0.12666,1276722.8876787978
5029,286369.0292324,0.24392,0.058835,1115167.0358872698
5030,280729.0635013,0.23503,0.023932,1155613.5086914713
5031,277447.5449785,0.21388,0.011159,1219172.251669502
5032,272462.9598805,0.18241,0.0073582,1409848.4806035948
5033,271789.117821,0.15374,0.0,1964542.964775501
5034,269126.0570789,0.11471,0.0,2889033.7717286786
5035,266236.8438647,0.068877,0.0072571,3622848.349747762
5036,256484.5954277,0.012589,0.015205,3322388.83748798
5037,251689.2399493,0.0,0.025322,3033485.460315112
5038,239527.7753816,0.0,0.036157,2796584.69103336
5039,219386.3593008,0.0,0.044658,2582796.1919254377
5040,202784.9217107,0.0,0.041831,2507681.3138604923
5041,198224.9494174,0.0,0.03033,2455678.7059693765
5042,196992.6492127,0.0,0.014834,2473012.908599748
5043,196895.7267247,0.0,0.0062417,2559683.921751609
5044,199508.0185445,0.0,0.0,2698357.542794585
5045,206227.9777135,0.0,0.022873,2808140.826120275
5046,230966.2889403,0.011594,0.094994,2969926.717337081
5047,256789.2089615,0.019966,0.20516,3050819.662945484
5048,272259.8841914,0.065833,0.25804,3039263.5278585693
5049,276672.1650743,0.13457,0.29167,2860143.434011392
5050,281527.5201882,0.21892,0.44834,2432566.4357955465
5051,287250.5623377,0.25896,0.62238,1594746.6419942302
5052,282745.9743233,0.28631,0.69997,1230728.3867564166
5053,273819.8747127,0.29861,0.72156,1092526.1946949493
5054,265766.0774943,0.2986,0.70506,1132151.4970932116
5055,260204.5728249,0.28242,0.64363,1194419.8294333385
5056,256410.7497226,0.25067,0.53677,1381224.826453718
5057,255123.0652389,0.19555,0.37681,1924657.54505846
5058,253023.0779986,0.13504,0.18239,2830378.742733029
5059,248943.1027888,0.074763,0.083653,3549294.943387219
5060,238844.702609,0.01321,0.066618,3254935.554142984
5061,235373.9544667,0.0,0.064778,2971897.67986968
5062,226129.3952527,0.0,0.083247,2739806.6229655724
5063,208701.8088362,0.0,0.12927,2530358.596003328
5064,194260.358122,0.0,0.20195,2456768.748692269
5065,186294.2526784,0.0,0.27437,2405821.9313230747
5066,182671.1977693,0.0,0.34448,2422804.2037794725
5067,180778.9015747,0.0,0.42169,2507715.566061464
5068,182629.6595601,0.0,0.4982,2643573.7457126486
5069,183898.8826175,0.0,0.59173,2751128.137936504
5070,190401.9200276,0.019999,0.6593,2909629.347529554
5071,200809.5490978,0.078003,0.76199,2988879.9523260784
5072,213363.3189741,0.12058,0.91425,2977558.4373551467
5073,225524.7835417,0.1356,0.96383,2802074.955305699
5074,232360.1266251,0.12118,0.95995,2383178.9013812104
5075,234437.0370826,0.15728,0.94185,1562369.065988632
5076,231100.1342809,0.18834,0.94621,1205741.3444042702
5077,223817.10161,0.21101,0.93734,1088200.5925719766
5078,218717.1325978,0.18429,0.93166,1127669.0078466078
5079,213307.9346952,0.14881,0.95253,1189690.8032781712
5080,212094.0959168,0.11012,0.963,1375756.1895728617
5081,216589.453218,0.096519,0.94932,1917037.3133392332
5082,220674.0437844,0.074055,0.9241,2819172.51961652
5083,219667.8960517,0.044758,0.90914,3535242.339599116
5084,210003.3393896,0.0066185,0.88868,3242048.3975589974
5085,207677.1996772,0.0,0.85947,2960131.1455973457
5086,203555.6862583,0.0,0.82098,2728958.998988791
5087,192709.5983137,0.0,0.79066,2520340.2325371685
5088,175628.1636402,0.0,0.74707,2447041.7470271387
5089,169978.9671959,0.0,0.68475,2396296.6416740413
5090,166471.296201,0.0,0.62619,2413211.6767917406
5091,167329.7525234,0.0,0.56145,2497786.852380236
5092,167800.5188938,0.0,0.50106,2633107.133321829
5093,167726.6731886,0.0,0.4432,2740235.689067257
5094,169388.2015546,0.022944,0.35474,2898109.350165782
5095,172674.335434,0.10149,0.39047,2977046.1807150445
5096,181305.0522239,0.17234,0.42468,2965769.4906365783
5097,190637.3032128,0.21989,0.34971,2790980.7944203545
5098,200740.3187493,0.24072,0.27971,2373743.2615171093
5099,209509.4962363,0.2842,0.25782,1556183.2308283187
5100,203961.8376366,0.31316,0.26678,1200967.4933566372
5101,196692.6510355,0.32628,0.2821,1081199.5758384988
5102,193438.8246521,0.34136,0.28301,1120414.068226423
5103,189866.5386653,0.33718,0.27733,1182036.8419788769
5104,190609.6110734,0.31143,0.29064,1366905.163236237
5105,196374.191432,0.25082,0.28096,1904703.91598492
5106,204151.0672561,0.17903,0.22036,2801035.1705660587
5107,206675.667301,0.10218,0.11669,3512498.103889838
5108,205286.4449728,0.018292,0.063474,3221190.446150967
5109,209241.8055552,0.0,0.04221,2941086.9290943616
5110,206500.2837513,0.0,0.031538,2711402.0451079444
5111,190383.4586013,0.0,0.025591,2504125.442486056
5112,181609.6657577,0.0,0.022177,2431298.5280513386
5113,179472.7556648,0.0,0.021577,2380879.89498115
5114,179431.2174556,0.0,0.02277,2397686.106004546
5115,179052.7582167,0.0,0.024816,2481717.161121528
5116,184125.0350895,0.0,0.023236,2616166.8493086984
5117,195631.1190239,0.0,0.018258,2722606.1857902086
5118,223180.1824031,0.027623,0.012656,2879464.1553419083
5119,253064.6162078,0.14678,0.012828,2957893.140117758
5120,270275.2808653,0.22853,0.01199,2946688.9994354937
5121,278716.7680358,0.26002,0.012353,2773024.818860398
5122,287956.7118932,0.23905,0.013597,2358471.6136166207
5123,296218.2001574,0.27355,0.01597,1546171.414152464
5124,293398.2172918,0.29259,0.017231,1193240.9826611408
5125,288044.4036681,0.32824,0.021385,1295884.6097703318
5126,279759.8386211,0.34151,0.030557,1342885.6059796182
5127,275684.4787679,0.3346,0.036827,1416744.3143084971
5128,268775.2899794,0.30741,0.0321,1638320.4392951345
5129,266453.7656236,0.24604,0.02457,2282905.530165351
5130,265816.8464166,0.17409,0.020883,3357214.0149490456
5131,262373.7904138,0.098004,0.021052,4209946.374746103
5132,250886.1679057,0.016342,0.023782,3860796.1171914022
5133,244706.2054556,0.0,0.01963,3525074.715696498
5134,230458.5997174,0.0,0.014239,3249783.166470676
5135,210451.0289771,0.0,0.0092976,3001349.3293644465
5136,197897.2591008,0.0,0.0,2914061.764975772
5137,195815.7332868,0.0,0.0,2853631.912706689
5138,192441.9076325,0.0,0.0,2873775.1967963832
5139,191943.4491227,0.0,0.0,2974491.617244854
5140,197537.2612882,0.0,0.0,3135637.8899624087
5141,204723.371471,0.0,0.01083,3263212.022530472
5142,229027.83918,0.029469,0.017512,3451216.00736762
5143,254352.3006914,0.16001,0.018786,3545217.999786192
5144,270413.7415625,0.27587,0.022111,3531789.143726396
5145,278758.3062449,0.35819,0.02819,3323641.874799555
5146,281504.4434054,0.4014,0.0367,2826774.200587096
5147,289059.782114,0.43999,0.049243,1853182.136251873
5148,287236.716268,0.45053,0.074387,1430173.1703682933
5149,280239.8357046,0.43532,0.12697,1704445.6561145394
5150,273593.7222407,0.32503,0.19519,1742661.9264310088
5151,269582.9773795,0.20336,0.22625,1811451.213000654
5152,264321.4708872,0.089378,0.2421,1956673.040203238
5153,263403.0149294,0.12336,0.2543,2461127.8083806355
5154,263121.4781785,0.12414,0.27433,3554113.1394316624
5155,258856.8887058,0.090883,0.23242,4387227.832330697
5156,250013.8655136,0.014523,0.20736,4150286.956368587
5157,247415.4197634,0.0,0.1864,3974492.112912827
5158,235161.6480644,0.0,0.15712,3752837.745077304
5159,213538.7025238,0.0,0.15295,3538826.631305075
5160,198741.8693535,0.0,0.17501,3431821.0744189606
5161,195732.6568685,0.0,0.24108,3355388.5337860216
5162,192501.907268,0.0,0.34755,3393604.804102491
5163,192123.448029,0.0,0.41619,3462394.090672136
5164,196992.6492127,0.0,0.39143,3592329.409748132
5165,205549.5202974,0.0,0.33475,3699334.966634247
5166,229678.6044567,0.027736,0.22416,3844556.793836831
5167,256064.5979797,0.15718,0.21184,3882773.0641533
5168,270026.0516104,0.27536,0.40761,3859843.301963419
5169,272984.4951732,0.36209,0.54243,3653475.442254484
5170,278342.9241534,0.41056,0.62946,3210166.706583437
5171,285210.5747328,0.43507,0.6831,2231830.186481818
5172,283572.1231497,0.42736,0.69078,1788521.450810772
5173,282630.590409,0.39182,0.69331,1865757.4601711363
5174,277115.2393053,0.38166,0.69738,1907590.5870808032
5175,273695.2600853,0.35187,0.67229,1982890.215518203
5176,267635.2969061,0.30389,0.61331,2141856.0977749373
5177,264164.5487638,0.2642,0.53392,2694053.3729825374
5178,264067.6262758,0.20192,0.38934,3890480.8025990063
5179,261773.7940594,0.12195,0.16875,4802442.969229741
5180,253023.0779986,0.019923,0.093955,4543077.582389807
5181,250526.1700931,0.0,0.065372,4350645.19860534
5182,235535.4919467,0.0,0.051727,4108013.062529273
5183,214000.2381811,0.0,0.047327,3873747.55183514
5184,199443.4035525,0.0,0.055688,3756614.7964880727
5185,196711.1124618,0.0,0.086574,3672948.5426687393
5186,193775.7456819,0.0,0.15125,3714781.6695784074
5187,193424.9785824,0.0,0.25172,3790081.298015806
5188,196992.6492127,0.0,0.30443,3932313.929508673
5189,205475.6745923,0.0,0.3055,4049446.68485574
5190,231192.4414123,0.016155,0.23501,4208412.567112473
5191,256706.1325432,0.084251,0.26718,4250245.6940221405
5192,272370.6527491,0.16726,0.48355,4225145.817876341
5193,279459.8404439,0.24632,0.68535,3999246.93256414
5194,286064.4156987,0.31462,0.79626,3513982.6604120056
5195,291408.9986092,0.29153,0.85931,2443054.611524537
5196,287070.5634314,0.23516,0.87622,1957790.3393724032
5197,282270.5925964,0.15418,0.87133,1958792.2910369416
5198,274936.7910032,0.13721,0.82302,2002711.400701447
5199,270667.586174,0.11361,0.71595,2081765.7980975565
5200,267150.684466,0.08629,0.52603,2248658.414822677
5201,268101.4479198,0.096533,0.24671,2828390.6623941483
5202,267344.529442,0.086897,0.11863,4084477.1987990034
5203,263730.705246,0.058113,0.10512,5041913.789485221
5204,255432.2941293,0.0072931,0.18959,4769615.309565288
5205,250766.1686348,0.0,0.46472,4567587.405108563
5206,235203.1862735,0.0,0.62202,4312856.569054431
5207,212564.8622871,0.0,0.54767,4066909.5549332015
5208,200126.4763252,0.0,0.47423,3943936.047872586
5209,196891.1113681,0.0,0.45538,3856097.828543576
5210,193803.4378213,0.0,0.45292,3900016.938208081
5211,193637.2849847,0.0,0.44113,3979071.335604191
5212,197841.8748219,0.0,0.39397,4128396.3084635087
5213,206814.1279982,0.0,0.35022,4251369.815524124
5214,230537.0607791,0.023183,0.28945,4418262.432249243
5215,255081.5270298,0.15121,0.24503,4462181.541913751
5216,270455.2797716,0.24463,0.35713,4435830.076115048
5217,275864.4776742,0.28257,0.43785,4198666.883926718
5218,283835.1984743,0.26244,0.42996,3689205.2118184553
5219,290499.7733645,0.25592,0.37197,2564876.004407116
5220,287513.6376623,0.2226,0.33672,2055414.3322988532
5221,278361.3855797,0.16921,0.29373,2030372.723458771
5222,271581.4267752,0.16629,0.25308,2075896.775554259
5223,265729.1546418,0.15396,0.21981,2157840.069326137
5224,263352.2460071,0.13299,0.19578,2330831.4672889924
5225,264639.9304907,0.14163,0.17178,2931748.954949436
5226,262590.7121727,0.12406,0.11477,4233736.8448803965
5227,257767.6645548,0.081752,0.08795,5226161.180562037
5228,248006.1854047,0.011028,0.085854,4943912.057570011
5229,241438.5330025,0.0,0.076919,4734501.417930765
5230,229457.0673412,0.0,0.079844,4470461.915776935
5231,210931.0260606,0.0,0.094387,4215527.2240422005
5232,198423.40975,0.0,0.1071,4088059.8781748335
5233,190904.993894,0.0,0.12563,3997011.773983858
5234,184932.7224896,0.0,0.1449,4042535.826079346
5235,185703.4870372,0.0,0.15993,4124479.119851225
5236,186737.3269093,0.0,0.13848,4279260.896975885
5237,190074.229711,0.0,0.10332,4406728.242843251
5238,194320.3577574,0.021887,0.070959,4579719.640806105
5239,204538.7572081,0.14909,0.049173,4625243.692901594
5240,217623.2930902,0.27025,0.066465,4597929.261644302
5241,225944.7809898,0.35972,0.079739,4352099.3803286655
5242,231381.6710318,0.41011,0.11219,3824020.3760210034
5243,234935.4955923,0.4557,0.17703,2658604.6423765067
5244,230213.985819,0.47193,0.23897,2130525.638068845
5245,219912.50995,0.45969,0.29927,2423783.652237786
5246,213769.4703524,0.45224,0.38528,2481492.786814876
5247,209911.0322581,0.42105,0.47244,2587292.866872875
5248,208221.8117527,0.36713,0.53197,2741183.892411782
5249,213464.8568187,0.24523,0.46974,3299038.8599903192
5250,218334.0580023,0.13676,0.3472,4299330.525993216
5251,217738.6770045,0.054494,0.31117,5184203.922841932
5252,211609.4834767,0.0061208,0.32881,4895658.249956481
5253,212241.7873271,0.0,0.3424,4886040.060860299
5254,204215.6822481,0.0,0.30974,4712912.657129028
5255,188772.6991577,0.0,0.27486,4501312.497013032
5256,176463.5431797,0.0,0.26117,4328185.093281761
5257,171506.6502212,0.0,0.27494,4260857.769608488
5258,169840.5064987,0.0,0.26676,4260857.769608488
5259,170643.5785422,0.0,0.21586,4385894.227858851
5260,170689.732108,0.0,0.15796,4501312.497013032
5261,170971.2688589,0.0,0.11383,4674439.9007443
5262,169277.4329969,0.015289,0.082081,4722530.8462252095
5263,174382.0173657,0.099587,0.082361,4732149.035321391
5264,186423.4826624,0.19511,0.095658,4645585.333455757
5265,197717.2601945,0.2777,0.10333,4414748.795147396
5266,209177.1905632,0.33938,0.13978,3885748.3948574034
5267,218269.4430103,0.36487,0.1761,2895074.9179506884
5268,213109.4743626,0.36286,0.21404,2471874.5977186947
5269,207506.431484,0.33737,0.27664,2431061.726487671
5270,202614.1535176,0.353,0.36038,2488944.148546901
5271,199374.1732039,0.34704,0.4281,2595061.9223221564
5272,198644.9468655,0.31797,0.48702,2749415.0478134374
5273,202028.0032329,0.21287,0.51133,3308945.127719329
5274,207732.5839561,0.11942,0.42874,4312240.443412654
5275,208554.1174259,0.04785,0.35406,5199770.914987519
5276,208277.1960316,0.0045077,0.34619,4910358.804691367
5277,211780.2516698,0.0,0.33989,4900711.734348161
5278,206786.4358588,0.0,0.32038,4727064.468170472
5279,191352.6834815,0.0,0.31948,4514828.92061996
5280,181549.6661222,0.0,0.35276,4341181.654442269
5281,179195.8342704,0.0,0.39013,4273652.162039833
5282,180128.136298,0.0,0.39863,4273652.162039833
5283,181235.8218753,0.0,0.40975,4399064.0765015
5284,186423.4826624,0.0,0.40731,4514828.92061996
5285,199014.1753913,0.0,0.38128,4688476.186797651
5286,229646.2969607,0.012681,0.32973,4736711.538513676
5287,256964.5925112,0.092999,0.32594,4746358.608856881
5288,272139.8849205,0.16254,0.46208,4659534.975768036
5289,277904.4652791,0.19929,0.51857,4428005.287531116
5290,283258.2789028,0.19941,0.53896,3897416.4186548367
5291,290310.543745,0.2427,0.59007,2903768.173304717
5292,289069.0128271,0.27449,0.65806,2479297.0782036963
5293,287093.6402143,0.29186,0.71285,2419842.8241212554
5294,278993.6894301,0.28754,0.7512,2477458.129457476
5295,270178.3583773,0.26709,0.76883,2583086.1892405464
5296,264339.9323135,0.23206,0.77928,2736727.0034704674
5297,264473.7776541,0.16342,0.75073,3293674.95505393
5298,265041.4665125,0.098323,0.6554,4292340.247548416
5299,263619.9366883,0.043562,0.42142,5175774.929370463
5300,256447.6725752,0.0036532,0.32601,4887698.402689361
5301,255395.3712767,0.0,0.2847,4878095.851799991
5302,239707.774288,0.0,0.29195,4705249.93579133
5303,216635.6067838,0.0,0.33154,4493993.816225189
5304,200029.5538371,0.0,0.37597,4321147.900216527
5305,195764.9643645,0.0,0.42305,4253930.043990937
5306,195834.1947131,0.0,0.45372,4253930.043990937
5307,196697.266392,0.0,0.46649,4378763.205552748
5308,201201.8544065,0.0,0.46748,4493993.816225189
5309,210649.4893097,0.0,0.4557,4666839.732233849
5310,236084.7193788,0.010359,0.4185,4714852.4866807
5311,257938.432748,0.076572,0.38384,4724455.037570071
5312,268401.446097,0.14685,0.48833,4638032.079565739
5313,273210.6476452,0.19947,0.5824,4407570.8582208585
5314,280272.1432006,0.22972,0.61169,3879430.559305504
5315,286262.8760313,0.27117,0.61831,2890367.817700388
5316,285976.7239238,0.29757,0.6464,2467855.5785681056
5317,284790.5772847,0.307,0.68375,2079774.9857919845
5318,277646.0053111,0.31829,0.71293,2126406.7119308184
5319,272739.8812749,0.30989,0.73965,2210343.818980719
5320,268521.4453679,0.28166,0.76264,2387544.378308288
5321,269813.7452081,0.19202,0.76134,3003083.1633408926
5322,269993.7441144,0.11037,0.67379,4336750.530911537
5323,266366.0738487,0.045486,0.5439,5353322.160738112
5324,258681.5051561,0.0036741,0.5409,5064205.458677344
5325,259309.1936499,0.0,0.53333,4849699.518438708
5326,243372.3674062,0.0,0.52211,4579235.506833473
5327,220770.9662724,0.0,0.4962,4318097.840456003
5328,206181.8241478,0.0,0.47653,4187529.00726727
5329,201589.5443585,0.0,0.48225,4094265.5549896015
5330,199549.5567536,0.0,0.50821,4140897.281128436
5331,200509.5509206,0.0,0.556,4224834.388178336
5332,204658.756479,0.0,0.58959,4383382.257050371
5333,215347.9223001,0.0,0.59323,4513951.090239105
5334,241913.9147294,0.010331,0.55914,4691151.649566673
5335,267012.2237688,0.084843,0.56331,4737783.375705507
5336,280073.682868,0.15893,0.65035,4709804.340022207
5337,286775.1806108,0.20751,0.64772,4457993.018872505
5338,293347.4483695,0.22574,0.6447,3917064.9956620336
5339,299061.2598058,0.24096,0.6316,2723292.80650789
5340,295992.0476854,0.23647,0.63196,2182364.7832974186
5341,289941.3152193,0.21541,0.63983,2042805.287753584
5342,281038.2923916,0.24514,0.65487,2088608.0968960405
5343,274346.025362,0.2578,0.62268,2171053.153352463
5344,269993.7441144,0.2495,0.56884,2345103.8280938
5345,271429.1200084,0.16479,0.46872,2949700.9087742325
5346,271253.7364586,0.09024,0.31006,4259661.250248504
5347,268826.0589017,0.034123,0.15193,5258162.489554067
5348,263361.4767202,0.0017478,0.11833,4974185.072870833
5349,259507.6539825,0.0,0.11084,4763492.150815532
5350,242980.0620976,0.0,0.10027,4497835.857789281
5351,219386.3593008,0.0,0.087803,4241340.126591521
5352,204944.9085865,0.0,0.073944,4113092.260992642
5353,201081.8551356,0.0,0.056191,4021486.642707728
5354,198617.2547261,0.0,0.038995,4067289.4518501847
5355,199424.9421262,0.0,0.026234,4149734.508306608
5356,205009.5235785,0.0,0.017972,4305464.059390961
5357,214775.6180852,0.0,0.015084,4433711.924989841
5358,242767.7556953,0.0055436,0.014392,4607762.599731177
5359,268115.2939896,0.044533,0.014231,4653565.4088736335
5360,284476.7330378,0.09192,0.014574,4626083.7233881615
5361,288275.1714967,0.13051,0.016438,4378748.554018892
5362,294704.3632017,0.15635,0.0093673,3847435.967966391
5363,301105.8627673,0.17449,0.0064883,2674884.053919491
5364,296222.815514,0.17988,0.007493,2143571.4678669893
5365,290181.313761,0.1741,0.0094975,1981625.8073095628
5366,284213.6577132,0.16473,0.016283,2026056.8792223327
5367,278347.53951,0.14605,0.032873,2106032.80866532
5368,273672.1833024,0.12014,0.060884,2274870.881933848
5369,274784.4842363,0.086536,0.10695,2861361.0311824176
5370,273746.0290076,0.053064,0.1422,4132089.6878876537
5371,270326.0497876,0.023257,0.16568,5100687.055586049
5372,262055.3308103,0.00027438,0.19111,4825214.409726873
5373,255538.4473304,0.0,0.20393,4620831.478928128
5374,238701.6265552,0.0,0.18772,4363131.26183406
5375,217272.5259907,0.0,0.17396,4114317.259122546
5376,201631.0825677,0.0,0.17879,3989910.257766789
5377,196157.2696731,0.0,0.20399,3901048.113941247
5378,194800.3548409,0.0,0.24124,3945479.185854017
5379,194943.4308946,0.0,0.26592,4025455.115297004
5380,199628.0178154,0.0,0.24489,4176520.759800424
5381,211978.7120025,0.0,0.2098,4300927.761156181
5382,235683.183357,0.011452,0.15214,4469765.834424708
5383,260726.1081175,0.12938,0.10702,4514196.906337479
5384,276266.013696,0.25035,0.17272,4487538.263189818
5385,280276.7585572,0.3378,0.20021,4247610.474860857
5386,284389.041263,0.38485,0.20015,3732210.04067272
5387,289078.2435403,0.42438,0.18201,2594774.599705795
5388,284965.9608345,0.43443,0.17026,2079374.1655176585
5389,271733.7335421,0.41727,0.17029,2026930.4814381755
5390,264778.3911879,0.36379,0.17348,2072377.353219301
5391,260689.185265,0.29435,0.15906,2154181.7224253253
5392,258981.5033333,0.21634,0.14942,2326879.8351936005
5393,263287.6310151,0.1417,0.1058,2926778.5427044504
5394,264367.624453,0.076485,0.053895,4226559.075644626
5395,259521.5000522,0.027765,0.045626,5217300.880473152
5396,252510.7734191,0.00062978,0.05726,4935530.275430176
5397,248444.644279,0.0,0.086717,4726474.665237
5398,235133.9559249,0.0,0.11823,4462882.808906475
5399,216026.3797162,0.0,0.15612,4208380.326932176
5400,200071.0920463,0.0,0.19178,4081129.0859450265
5401,192104.9866028,0.0,0.21891,3990235.342382776
5402,186225.0223298,0.0,0.24725,4035682.214163901
5403,187092.7093654,0.0,0.32428,4117486.583369926
5404,189672.6936892,0.0,0.40756,4272005.947425751
5405,192123.448029,0.0,0.43267,4399257.188412901
5406,196471.11392,0.0043753,0.38623,4571955.301181176
5407,204395.6811544,0.042701,0.25988,4617402.1729623005
5408,219930.9713763,0.099465,0.11217,4590134.049893626
5409,233181.6600949,0.15639,0.031045,4344720.942275551
5410,240312.3859989,0.20646,0.015585,3817537.229614501
5411,243123.1381513,0.2672,0.023491,2654097.312017701
5412,237547.7874122,0.31942,0.046201,2126913.5993566504
5413,227961.6918118,0.35648,0.085818,2451349.9779819744
5414,219289.4368127,0.3329,0.11587,2509715.4536482124
5415,215061.7701926,0.29176,0.11827,2616718.8257029806
5416,216990.9892398,0.23742,0.091146,2772360.094146281
5417,223877.1012455,0.15184,0.057364,3336559.6922532427
5418,228058.6142998,0.078841,0.042202,4348227.937134693
5419,225612.4753166,0.026548,0.063035,5243165.2306836685
5420,221066.349093,0.00019786,0.1194,4951337.85235248
5421,217918.6759108,0.0,0.17578,4941610.273074774
5422,203611.0705371,0.0,0.19515,4766513.846076063
5423,188071.1649587,0.0,0.18225,4552507.1019665245
5424,177732.7662371,0.0,0.18097,4377410.674967811
5425,171640.4955618,0.0,0.2065,4309317.620023869
5426,169535.8929649,0.0,0.23531,4309317.620023869
5427,169365.1247718,0.0,0.22585,4435776.15063405
5428,169720.5072278,0.0,0.20773,4552507.1019665245
5429,172162.0308545,0.0,0.19172,4727603.528965238
5430,173805.0977942,0.0047802,0.16745,4776241.425353768
5431,181332.7443633,0.070253,0.15809,4785969.004631475
5432,191841.9112781,0.14448,0.18802,4698420.79113212
5433,203214.1498719,0.20009,0.21989,4464958.888467168
5434,214775.6180852,0.23181,0.22854,3929942.028193324
5435,224481.7129564,0.25335,0.21351,2928001.362589581
5436,221329.4244176,0.25518,0.19728,2499987.8743705056
5437,214600.2345354,0.23935,0.19677,2560715.553258388
5438,209163.3444934,0.22113,0.2071,2621684.9711931115
5439,207847.9678704,0.19138,0.23005,2733462.237406771
5440,207584.8925458,0.15333,0.2483,2896047.3518993678
5441,211895.6355842,0.15185,0.22447,3485418.391935028
5442,216104.840778,0.12392,0.16034,4542221.636136902
5443,216617.1453575,0.071695,0.1411,5477086.0444693295
5444,216372.5314591,0.00463,0.13497,5172238.954795712
5445,215098.6930452,0.0,0.11291,5162077.385139924
5446,207418.7397092,0.0,0.071051,4979169.131335754
5447,189123.4662571,0.0,0.043893,4755614.598908436
5448,183077.3491476,0.0,0.031363,4572706.345104263
5449,179311.2181847,0.0,0.022911,4501575.357513754
5450,178725.0679001,0.0,0.018003,4501575.357513754
5451,180778.9015747,0.0,0.01541,4633675.763038987
5452,185685.0256109,0.0,0.016124,4755614.598908436
5453,198764.9461364,0.0,0.014442,4938522.852712604
5454,232387.8187645,0.0071493,0.0090691,4989330.70099154
5455,261529.1801611,0.11843,0.0062165,4999492.270647329
5456,278287.5398746,0.2326,0.0060911,4908038.143745244
5457,286756.7191845,0.30623,0.0068184,4664160.472006349
5458,295765.8952133,0.33331,0.0072666,4105274.1409380496
5459,306330.446407,0.39123,0.0077289,3058632.466391963
5460,302725.8529241,0.42668,0.0084526,2611523.401537324
5461,298793.5691247,0.43805,0.0088095,2510247.02549468
5462,292258.2242185,0.41312,0.0086923,2570014.811815981
5463,284329.0416275,0.36669,0.0081856,2679589.086738368
5464,277595.2363888,0.30273,0.0075022,2838969.85026184
5465,276418.3204629,0.21422,0.0074272,3416725.118034424
5466,274913.7142203,0.12815,0.0082184,4452700.08093699
5467,272532.1902291,0.053977,0.011411,5369139.471196952
5468,266162.9981595,0.0021818,0.015176,5070300.539590443
5469,259438.4236339,0.0,0.016463,5060339.241870226
5470,237727.7863185,0.0,0.01671,4881035.8829063205
5471,213211.0122072,0.0,0.017217,4661887.333061547
5472,204432.604007,0.0,0.017342,4482583.974097641
5473,201368.0072431,0.0,0.016739,4412854.890056123
5474,197468.0309396,0.0,0.015919,4412854.890056123
5475,198404.9483237,0.0,0.015223,4542351.760418943
5476,202618.7688741,0.0,0.014029,4661887.333061547
5477,215897.1497322,0.0,0.014448,4841190.692025452
5478,242850.8321136,0.0062716,0.014771,4890997.180626537
5479,268493.7532285,0.11439,0.015414,4900958.478346755
5480,287933.6351104,0.26124,0.030562,4811306.798864802
5481,293735.1383216,0.40146,0.035129,4572235.653579595
5482,299744.3325785,0.51961,0.030096,4024364.27896766
5483,307830.4372929,0.59269,0.024285,2998350.613785311
5484,302268.9326235,0.62976,0.021623,2560053.514095764
5485,299139.7208676,0.63141,0.02232,1910192.3901068468
5486,296375.1222809,0.60957,0.02735,1953021.815893996
5487,292867.451286,0.55605,0.036436,2030114.782310864
5488,289092.08961,0.47351,0.050007,2192866.600302031
5489,286682.8734793,0.32993,0.064667,2758215.0206923974
5490,284504.4251773,0.19261,0.077445,3983136.59820486
5491,282745.9743233,0.07784,0.14609,4916818.080364709
5492,277955.2342014,0.0039962,0.23965,4651275.640484385
5493,268276.8314696,0.0,0.29641,4454260.2818634985
5494,248795.4113785,0.0,0.334,4205849.612298035
5495,226775.5451728,0.0,0.34366,3966004.82789
5496,217854.0609188,0.0,0.32466,3846082.435685983
5497,212463.3244425,0.0,0.30576,3760423.584111685
5498,207021.819044,0.0,0.28598,3803253.009898834
5499,207206.4333068,0.0,0.26363,3880345.976315702
5500,209924.8783278,0.0,0.22881,4025966.023992009
5501,220974.0419616,0.0,0.20014,4145888.416196026
5502,246556.963441,0.0016016,0.1376,4308640.234187192
5503,271309.1207375,0.11041,0.072612,4351469.659974341
5504,289022.8592614,0.25593,0.062435,4325772.004502052
5505,297067.4257667,0.3929,0.10485,4094493.105251448
5506,304267.3820192,0.50903,0.13694,3597671.766120519
5507,310696.5737242,0.59623,0.19545,2501238.4659695034
5508,306201.216423,0.65047,0.26858,2004417.126838575
5509,302536.6233047,0.67015,0.33135,1897453.838036894
5510,294704.3632017,0.62663,0.37451,1939997.6460646272
5511,286378.2599456,0.55175,0.39104,2016576.5005145464
5512,280862.9088418,0.45141,0.35205,2178242.971019932
5513,279870.6071788,0.31688,0.27305,2739821.2369860085
5514,276713.7032835,0.18659,0.33521,3956574.146579173
5515,272107.5774245,0.075477,0.49679,4884029.161583754
5516,268678.3674914,0.0034013,0.60896,4620257.55181181
5517,264653.7765604,0.0,0.63758,4424556.034884238
5518,246653.885929,0.0,0.63727,4177801.948323385
5519,225349.399992,0.0,0.61955,3939556.62336808
5520,211563.329911,0.0,0.57687,3820433.960890428
5521,206971.0501217,0.0,0.52103,3735346.3448349615
5522,202203.3867826,0.0,0.45832,3777890.152862695
5523,203163.3809496,0.0,0.40625,3854469.007312614
5524,207474.123988,0.0,0.38371,3999117.954606906
5525,218292.5197932,0.0,0.36845,4118240.617084559
5526,247267.7283531,0.0011365,0.28781,4279907.087589944
5527,269181.4413577,0.10503,0.17323,4322450.895617678
5528,281250.5987939,0.24812,0.14728,4296924.610801038
5529,284610.5783784,0.38313,0.18058,4067188.047451279
5530,287398.253748,0.49694,0.1811,3573679.874329576
5531,295341.2824087,0.50547,0.15655,2484558.3888196102
5532,291247.4611292,0.46782,0.13173,1991050.215697907
5533,286885.9491685,0.39067,0.10986,1974980.1891442952
5534,278892.1515855,0.29187,0.091148,2019262.2561654677
5535,270515.2794071,0.18299,0.084204,2098969.976803578
5536,267215.299458,0.082151,0.076467,2267241.831484034
5537,268793.7514057,0.052849,0.052997,2851765.116163511
5538,268779.9053359,0.027199,0.039322,4118232.232969045
5539,268724.5210571,0.0080148,0.042279,5083581.294030607
5540,266236.8438647,0.0,0.050392,4809032.478499337
5541,264081.4723455,0.0,0.053974,4605334.970201943
5542,245269.2789574,0.0,0.046125,4348498.981479143
5543,223720.179122,0.0,0.032655,4100519.406160576
5544,209431.0351746,0.0,0.021628,3976529.6185012935
5545,205447.9824529,0.0,0.01504,3887965.484458949
5546,201889.5425357,0.0,0.011083,3932247.5514801214
5547,201026.4708567,0.0,0.0085965,4011955.272118232
5548,205032.6003614,0.0,0.0086759,4162514.299990218
5549,216469.4539472,0.0,0.011322,4286504.087649501
5550,241143.1501819,0.0,0.013494,4454775.942329957
5551,265258.3882714,0.060619,0.01465,4499058.009351129
5552,279039.8429958,0.14294,0.013691,4472488.7691384265
5553,281961.363706,0.21459,0.011038,4233365.607224095
5554,285612.1107546,0.26778,0.0097215,3719693.629778493
5555,291404.3832526,0.28305,0.0088602,2586072.714036476
5556,289096.7049666,0.27269,0.0072812,2072400.7365908744
5557,282958.2807256,0.24123,0.0,2013408.3817634536
5558,267353.7601552,0.21664,0.0,2058552.0674532168
5559,263712.2438197,0.1811,0.0,2139810.701694792
5560,262230.7143601,0.13883,0.0,2311356.7073158934
5561,264829.1601102,0.08884,0.0,2907253.358420771
5562,265701.4625023,0.045527,0.0,4198362.769148009
5563,263666.090254,0.013885,0.0063218,5182495.117184854
5564,258118.4316543,0.0,0.0086617,4902604.26590832
5565,255972.2908482,0.0,0.010718,4694943.311735407
5566,240801.6137956,0.0,0.011374,4433109.934734779
5567,221094.0412325,0.0,0.010925,4180305.2948721033
5568,202124.9257209,0.0,0.011331,4053902.9749407656
5569,193300.3639549,0.0,0.011881,3963615.6035612384
5570,192621.9065388,0.0,0.010965,4008759.289251002
5571,196060.3471851,0.0,0.01025,4090017.923492577
5572,195617.2729542,0.0,0.009798,4243506.454837772
5573,197195.7249018,0.0,0.012179,4369908.77476911
5574,199097.2518096,0.0,0.015968,4541454.780390211
5575,210451.0289771,0.074723,0.022045,4586598.466079975
5576,224029.4080123,0.16043,0.030036,4559512.254666118
5577,235401.6466061,0.2125,0.034922,4315736.351941395
5578,240053.9260309,0.22662,0.034886,3792069.597940137
5579,244336.9769298,0.28821,0.034718,2636391.2442821907
5580,241433.9176459,0.33718,0.03833,2112724.490280933
5581,232646.2787326,0.36858,0.049274,2111476.8095949194
5582,221592.4997422,0.353,0.069845,2158819.338958034
5583,218647.9022492,0.31762,0.098042,2244035.891811641
5584,217664.8312993,0.2651,0.12866,2423937.503391477
5585,220877.1194736,0.19284,0.14873,3048858.890984592
5586,223738.6405483,0.11771,0.13887,4402855.230769674
5587,223147.8749071,0.048038,0.11114,5434922.370885577
5588,219201.7450379,0.0,0.10306,5141398.688834265
5589,219483.2817888,0.0,0.068888,4923623.053763936
5590,208881.8077425,0.0,0.046556,4649036.383457871
5591,194163.4356339,0.0,0.037915,4383918.219024428
5592,183852.7290517,0.0,0.035187,4251359.136807708
5593,177215.846301,0.0,0.036464,4156674.078081478
5594,176985.0784724,0.0,0.040542,4204016.607444593
5595,177774.3044462,0.0,0.04512,4289233.160298199
5596,176726.6185043,0.0,0.053581,4450197.760132789
5597,177405.0759204,0.0,0.058013,4582756.842349511
5598,177451.2294862,0.0,0.048961,4762658.453929347
5599,181060.4383256,0.082382,0.0458,4810000.983292461
5600,191578.8359535,0.18212,0.042262,4781595.465674592
5601,198788.0229192,0.2482,0.037129,4525945.807113772
5602,207566.4311195,0.27409,0.031957,3976772.4665016416
5603,218467.9033429,0.28549,0.027528,2764803.7148059034
5604,219243.283247,0.26951,0.025632,2215630.374193772
5605,212251.0180402,0.23146,0.025963,2471216.9364806893
5606,207926.4289321,0.23689,0.028135,2530055.434968325
5607,207511.0468406,0.22678,0.033123,2637926.01552899
5608,210178.7229393,0.20064,0.03586,2794828.678162684
5609,215800.2272442,0.15331,0.037244,3363600.830209826
5610,219792.5106791,0.098224,0.037875,4383468.137328842
5611,220974.0419616,0.041446,0.036583,5285658.447472585
5612,222630.954971,0.0,0.037244,4991465.955034408
5613,222081.7275389,0.0,0.031923,4981659.538619801
5614,213164.8586415,0.0,0.027487,4805144.043156896
5615,197131.1099098,0.0,0.021858,4589402.882035566
5616,197038.8027784,0.0,0.015701,4412887.386572658
5617,198012.6430151,0.0,0.011434,4344242.471670417
5618,188241.9331519,0.0,0.0079469,4344242.471670417
5619,186663.4812042,0.0,0.0,4471725.885060295
5620,193498.8242875,0.0,0.0,4589402.882035566
5621,209158.7291369,0.0,0.0,4765918.377498472
5622,244567.7447584,0.0,0.0067708,4814950.4595715
5623,271309.1207375,0.072453,0.011733,4824756.875986108
5624,289590.5481198,0.17617,0.024026,4736499.128254654
5625,300981.2481399,0.26289,0.036315,4501145.134304113
5626,309053.5067846,0.32338,0.038857,3961792.231500787
5627,317601.1471562,0.33111,0.041134,2951731.3407963784
5628,312861.1759566,0.30576,0.053112,2520249.0185537185
5629,307544.2851855,0.25442,0.08299,2594137.4623407493
5630,304096.6138261,0.21912,0.1343,2655902.640015529
5631,302735.0836373,0.17351,0.18487,2769138.7990859584
5632,295179.7449287,0.12363,0.25508,2933845.939552037
5633,292862.8359294,0.096572,0.32437,3530909.323741575
5634,289978.2380718,0.062607,0.28458,4601505.736771091
5635,287089.0248577,0.025799,0.19217,5548571.794451047
5636,283405.9703131,0.0,0.15288,5239745.906077148
5637,275232.1738238,0.0,0.12077,5229451.7097980175
5638,255099.9884561,0.0,0.085775,5044156.176773679
5639,231450.9013804,0.0,0.042584,4817683.858632821
5640,221546.3461765,0.0,0.017638,4632388.32560848
5641,215615.6129813,0.0,0.0075751,4560328.95165457
5642,210031.031529,0.0,0.0060852,4560328.95165457
5643,210667.950736,0.0,0.009181,4694153.50328326
5644,216686.375706,0.0,0.016235,4817683.858632821
5645,227135.5429854,0.0,0.023806,5002979.391657159
5646,253816.919329,0.0,0.028971,5054450.373052808
5647,274613.7160431,0.090204,0.030024,5064744.569331938
5648,290107.4680559,0.23652,0.056154,4972096.80281977
5649,297990.4970811,0.37735,0.092845,4725036.09212065
5650,304428.9194993,0.49668,0.14821,4158855.296768503
5651,311218.1090169,0.53534,0.22431,3098553.0800181166
5652,307622.7462472,0.53067,0.27586,2645608.443736399
5653,300427.4053512,0.4886,0.32188,2648147.797213934
5654,294588.9792874,0.42327,0.38649,2711198.9352428373
5655,288995.167122,0.3378,0.4007,2826792.688295827
5656,282316.7461621,0.24303,0.39588,2994929.056372902
5657,281107.5227402,0.15403,0.32079,3604423.390652299
5658,280105.990364,0.077261,0.27402,4697309.783153288
5659,276524.473664,0.022203,0.32051,5664093.89959647
5660,272393.7295319,0.0,0.40032,5348838.209451955
5661,266019.9221058,0.0,0.47097,5338329.686447137
5662,248767.7192391,0.0,0.51895,5149176.272360427
5663,234626.266702,0.0,0.56838,4917988.766254449
5664,223466.3345105,0.0,0.62457,4728835.35216774
5665,218500.2108389,0.0,0.71479,4655275.691134019
5666,213031.0133009,0.0,0.79955,4655275.691134019
5667,211346.4081521,0.0,0.86088,4791886.4901966425
5668,216990.9892398,0.0,0.88256,4917988.766254449
5669,230287.8315242,0.0,0.89331,5107142.180341158
5670,256950.7464415,0.0,0.89894,5159684.795365245
5671,278578.3073386,0.025297,0.89185,5170193.318370062
5672,291072.0775794,0.068195,0.86807,5075616.611326708
5673,294884.362108,0.10417,0.81476,4823412.059211095
5674,300196.6375226,0.12812,0.7233,4245443.293946149
5675,305495.0668674,0.1917,0.63853,3163065.424449977
5676,301050.4784884,0.25285,0.61154,2700690.41223802
5677,296439.7372729,0.30364,0.53277,2612165.5567447706
5678,290467.4658685,0.2932,0.42056,2674359.9747625035
5679,282349.0536581,0.26533,0.39382,2788383.07446168
5680,276538.3197337,0.2224,0.35732,2954234.8558423007
5681,277747.5431556,0.13686,0.18717,3555447.5633470486
5682,277133.7007315,0.065476,0.12779,4633484.142321081
5683,275144.4820489,0.016751,0.15313,5587131.885259649
5684,272762.9580577,0.0,0.182,5276159.795170985
5685,264736.8529787,0.0,0.21161,5265794.058834696
5686,244272.3619378,0.0,0.28683,5079210.804781499
5687,223826.3323232,0.0,0.38417,4851164.605383146
5688,210520.2593257,0.0,0.4725,4664581.351329947
5689,205678.7502815,0.0,0.55235,4592021.196975927
5690,201538.7754362,0.0,0.58541,4592021.196975927
5691,202540.3078124,0.0,0.58555,4726775.769347681
5692,207007.9729742,0.0,0.56454,4851164.605383146
5693,218850.9779384,0.0,0.55942,5037747.859436343
5694,248629.2585419,0.0,0.56024,5089576.541117787
5695,273099.8790875,0.057584,0.56543,5099942.277454076
5696,285229.0361591,0.15185,0.68391,5006650.650427477
5697,288884.3985642,0.23229,0.83505,4757872.978356547
5698,294995.1306658,0.28973,0.91102,4187757.479860664
5699,300902.7870781,0.35627,0.93505,3120086.63722292
5700,298124.3424217,0.40369,0.93882,2663994.2384262145
5701,297773.5753222,0.42778,0.90922,2866616.6665447224
5702,293236.6798118,0.42375,0.87445,2934869.444319597
5703,290379.7740936,0.39357,0.82615,3059999.5369068664
5704,284430.5794721,0.33829,0.76762,3242006.944306532
5705,285109.0368882,0.21391,0.56557,3901783.796130316
5706,283336.7399645,0.10651,0.28245,5084831.944228138
5707,282469.052929,0.029699,0.19917,6131374.536776212
5708,278998.3047867,0.0,0.17229,5790110.64790184
5709,266989.146986,0.0,0.17112,5778735.184939361
5710,247586.1879566,0.0,0.20255,5573976.851614739
5711,225003.2482491,0.0,0.2697,5323716.666440199
5712,213201.7814941,0.0,0.3301,5118958.333115576
5713,208955.6534477,0.0,0.38432,5039330.092378222
5714,206107.9784427,0.0,0.42016,5039330.092378222
5715,206343.3616279,0.0,0.43228,5187211.11089045
5716,210737.1810845,0.0,0.41157,5323716.666440199
5717,225289.4003565,0.0,0.38395,5528474.9997648215
5718,256101.5208322,0.0,0.32299,5585352.314577217
5719,281435.2130568,0.072971,0.22915,5596727.777539696
5720,297833.5749577,0.19292,0.28463,5494348.610877385
5721,303644.308882,0.29283,0.36545,5221337.499777887
5722,310576.5744534,0.36168,0.36714,4595687.03684154
5723,316853.4593915,0.35823,0.31902,3424014.351706196
5724,308536.5868485,0.3137,0.26424,2923493.9813571176
5725,297515.1153542,0.23866,0.20765,3427553.2180382377
5726,282565.975417,0.25109,0.14709,3465357.1138254246
5727,275089.0977701,0.24579,0.093316,3603971.3983784416
5728,271470.6582175,0.22106,0.068634,3654376.592761357
5729,275232.1738238,0.13926,0.046219,3893801.266080205
5730,276999.855391,0.068784,0.026929,4775892.167781223
5731,273893.7204179,0.018202,0.022105,7573380.456033019
5732,268558.3682205,0.0,0.02158,6741694.748714916
5733,257149.2067741,0.0,0.0174,6514871.373991799
5734,241096.9966162,0.0,0.012329,6162035.013311391
5735,222261.7264452,0.0,0.01208,5973015.534375459
5736,208812.577394,0.0,0.01368,5544571.382120679
5737,203878.7612183,0.0,0.015699,5380754.500376204
5738,200394.1670063,0.0,0.017962,5355551.903184747
5739,197237.263111,0.0,0.022141,5368153.201780476
5740,196060.3471851,0.0,0.028706,5695786.965269424
5741,198312.6411923,0.0,0.033217,5985616.832971187
5742,203878.7612183,0.0,0.039887,6136832.416119933
5743,213612.548229,0.075007,0.040592,6010819.430162645
5744,228630.9185148,0.22201,0.042591,5985616.832971187
5745,239781.6199931,0.36362,0.064365,5859603.847013899
5746,248472.3364185,0.48379,0.073656,5305146.708801831
5747,253060.0008512,0.52388,0.079195,4158428.536590509
5748,245638.5074832,0.52126,0.086072,3440154.516633967
5749,235032.4180804,0.48103,0.090327,3579077.3303298936
5750,227933.9996724,0.43877,0.085791,3618552.447943826
5751,223927.8701678,0.37221,0.074491,3763294.54586158
5752,223314.0277437,0.28912,0.079742,3815928.03601349
5753,225774.0127966,0.18216,0.075327,4065937.114235063
5754,229803.2190841,0.089936,0.054758,4987023.191893493
5755,230186.2936796,0.023599,0.048165,7908181.895324509
5756,227610.9247123,0.0,0.047391,7039729.30781799
5757,221638.653308,0.0,0.056874,6802878.6021343935
5758,211443.3306401,0.0,0.072109,6434444.171071023
5759,196461.8832069,0.0,0.10429,6237068.583001359
5760,182158.8931898,0.0,0.1589,5789683.9167101225
5761,176112.7760802,0.0,0.22472,5618625.073716413
5762,172272.7994122,0.0,0.27919,5592308.32864046
5763,170038.9668313,0.0,0.32485,5605466.701178437
5764,175586.625431,0.0,0.35365,5947584.387165853
5765,175909.7003911,0.0,0.36998,6250226.955539336
5766,178434.300436,0.0,0.33831,6408127.425995067
5767,184318.8800655,0.071625,0.21015,6276543.700615292
5768,192764.9825926,0.21748,0.16002,6250226.955539336
5769,202004.92645,0.35716,0.26191,6118643.23015956
5770,211004.8717657,0.47592,0.31827,5539674.838488549
5771,223110.9520545,0.55407,0.28004,4342262.937532592
5772,223586.3337814,0.5963,0.21999,3592235.702867872
5773,217969.4448331,0.60247,0.15826,3573748.318580116
5774,212306.4023191,0.56873,0.11582,3613164.660329162
5775,208291.0421013,0.50333,0.088533,3757691.246742328
5776,212246.4026836,0.41118,0.075736,3810246.369074389
5777,214992.5398441,0.26908,0.052741,4059883.200151677
5778,222695.569963,0.1394,0.041544,4979597.840962736
5779,225206.3239382,0.039445,0.048868,7896407.130392095
5780,228095.5371524,0.0,0.055009,7029247.611913097
5781,221814.0368577,0.0,0.047541,6792749.561418825
5782,213635.6250119,0.0,0.029191,6424863.7050944
5783,197504.9537922,0.0,0.024755,6227781.996349173
5784,187231.1700626,0.0,0.018471,5781063.4565266585
5785,183395.8087511,0.0,0.01155,5610259.308947464
5786,183954.2668963,0.0,0.0086388,5583981.747781432
5787,187365.0154032,0.0,0.008115,5597120.528364447
5788,188638.8538171,0.0,0.0077722,5938728.82352284
5789,203227.9959416,0.0,0.0092818,6240920.776932188
5790,241775.4540323,0.0,0.013217,6398586.1439283695
5791,268572.2142902,0.068348,0.013132,6267198.338098219
5792,285178.2672368,0.21421,0.01229,6240920.776932188
5793,291155.1539977,0.35355,0.01643,6109532.971102037
5794,296130.5083825,0.47144,0.014056,5531426.625449372
5795,301165.8624028,0.54151,0.010518,4335797.592394995
5796,297833.5749577,0.57433,0.0075679,3586887.099163132
5797,293296.6794472,0.57114,0.0061995,3446327.8512107795
5798,287892.0969012,0.52852,0.0060343,3484338.8201579573
5799,282644.4364787,0.45708,0.0065784,3623712.372964276
5800,276889.0868332,0.3635,0.010883,3674393.664893846
5801,277355.237847,0.24075,0.023192,3915129.801559305
5802,277719.8510162,0.12638,0.066229,4802052.4103267845
5803,277632.1592413,0.035523,0.17974,7614864.112417936
5804,274835.2531586,0.0,0.29143,6778622.795580026
5805,263107.6321088,0.0,0.34544,6550556.981896961
5806,242800.0631913,0.0,0.36487,6195787.938389967
5807,220577.1212964,0.0,0.38228,6005733.093654079
5808,207566.4311195,0.0,0.38565,5574942.112252731
5809,204843.3707419,0.0,0.37067,5410227.9134816285
5810,204012.6065589,0.0,0.34616,5384887.267516844
5811,206094.132373,0.0,0.31396,5397557.590499235
5812,211992.5580722,0.0,0.25296,5726985.988041443
5813,224107.8690741,0.0,0.20472,6018403.416636472
5814,252492.3119928,0.0,0.21147,6170447.292425184
5815,275366.0191644,0.063679,0.21783,6043744.062601258
5816,286207.4917524,0.20959,0.25717,6018403.416636472
5817,289724.3934604,0.34871,0.34758,5891700.186812546
5818,296753.5815198,0.46558,0.4383,5334205.975587272
5819,300035.1000426,0.54225,0.48185,4181206.584189549
5820,293296.6794472,0.58387,0.45466,3458998.174193172
5821,287389.0230349,0.59012,0.41935,2979098.1940280315
5822,280152.1439297,0.55754,0.37734,3050029.103409651
5823,274018.3350453,0.49346,0.32612,3180069.103942621
5824,268115.2939896,0.40252,0.2432,3369218.195626941
5825,269564.5159532,0.2672,0.24457,4054883.652982599
5826,270690.6629568,0.13992,0.34279,5284352.748930675
5827,271212.1982495,0.037507,0.46306,6371960.026115512
5828,274239.8721608,0.0,0.51441,6017305.479207413
5829,263744.5513157,0.0,0.49763,6005483.660977143
5830,241761.6079626,0.0,0.49872,5792690.932832285
5831,219626.3578425,0.0,0.50025,5532610.931766345
5832,213561.7793067,0.0,0.49613,5319818.203621485
5833,211627.944903,0.0,0.50492,5237065.476009595
5834,210054.1083119,0.0,0.52644,5237065.476009595
5835,210487.9518296,0.0,0.53979,5390749.113003105
5836,215975.6107939,0.0,0.48846,5532610.931766345
5837,227837.0771844,0.0,0.44034,5745403.659911204
5838,257610.7424313,0.0,0.397,5804512.751062553
5839,279736.7618382,0.060435,0.25949,5816334.569292823
5840,289549.0099106,0.20576,0.16812,5709938.205220394
5841,290476.6965816,0.34493,0.18063,5426214.567693914
5842,292696.6830928,0.46216,0.21966,4776014.565029066
5843,297778.1906788,0.46685,0.23509,3558367.28731126
5844,294861.2853252,0.42194,0.25476,3038207.2851793817
5845,294002.8290028,0.33775,0.29239,2599526.0675120046
5846,289775.1623827,0.2895,0.30375,2661419.5453099096
5847,282999.8189348,0.22676,0.28127,2774890.921272735
5848,274452.1785631,0.1584,0.27208,2939940.195400482
5849,273916.7972008,0.099404,0.22454,3538243.814113561
5850,275712.1709073,0.047583,0.15368,4611064.095943914
5851,278624.4609044,0.0097814,0.10776,5560097.422178456
5852,281052.1384613,0.0,0.067236,5250630.033188931
5853,268184.5243381,0.0,0.037451,5240314.453555946
5854,247512.3422515,0.0,0.018927,5054634.020162231
5855,226494.0084219,0.0,0.010173,4827691.26823658
5856,213280.2425558,0.0,0.0060006,4642010.834842865
5857,209181.8059197,0.0,0.0,4569801.777411976
5858,208000.2746373,0.0,0.0,4569801.777411976
5859,208217.1963961,0.0,0.0,4703904.31264077
5860,214747.9259457,0.0,0.0,4827691.26823658
5861,226443.2394996,0.0,0.0061932,5013371.701630294
5862,255510.755191,0.0,0.010342,5064949.599795216
5863,277544.4674665,0.07037,0.012016,5075265.1794282
5864,286710.5656188,0.22309,0.012898,4982424.962731343
5865,287527.483732,0.34407,0.012661,4734851.051539724
5866,290975.1550914,0.42052,0.011891,4167494.1717255954
5867,297099.7332627,0.47928,0.013364,3104989.469528228
5868,294455.1339468,0.50141,0.015035,2651103.965676925
5869,294205.9046919,0.48931,0.015897,1850601.701645907
5870,288155.1722258,0.45093,0.016202,1892095.013342004
5871,283881.35204,0.38709,0.015202,1966782.974394977
5872,277595.2363888,0.30403,0.015566,2124457.5588401444
5873,277484.467831,0.19327,0.020566,2672169.273228619
5874,279432.1483045,0.094363,0.03713,3858877.987736981
5875,281421.3669871,0.020516,0.079228,4763432.182711885
5876,283419.8163828,0.0,0.11988,4506173.650196087
5877,269596.8234492,0.0,0.12334,4315304.416394043
5878,249026.1792071,0.0,0.11733,4074643.208556683
5879,228220.1517799,0.0,0.11826,3842280.6630585417
5880,216658.6835666,0.0,0.12573,3726099.390309472
5881,212149.4801956,0.0,0.1297,3643112.766917279
5882,211180.2553155,0.0,0.12032,3684606.0786133753
5883,212477.1705122,0.0,0.10855,3759294.039666349
5884,219566.3582071,0.0,0.11637,3900371.299433077
5885,231118.5957072,0.0,0.13181,4016552.572182148
5886,260435.3406535,0.0,0.1335,4174227.1566273146
5887,282067.5169072,0.067717,0.09112,4215720.468323411
5888,293070.5269752,0.22878,0.1027,4190824.481305754
5889,293818.2147399,0.36829,0.10336,3966760.598146832
5890,297228.9632467,0.46966,0.084981,3485438.182472112
5891,299185.8744333,0.56201,0.073534,2423209.40305204
5892,293310.5255169,0.61917,0.080953,1941886.9873773195
5893,287721.3287081,0.63904,0.10593,1288536.337969622
5894,281965.9790626,0.61691,0.14694,1335270.8165488308
5895,276224.4754868,0.55813,0.19261,1408710.711459017
5896,270270.6655088,0.46498,0.23507,1629030.3961895737
5897,272287.5763308,0.30707,0.23435,2269960.3881330127
5898,272227.5766953,0.15721,0.26636,3338177.041372077
5899,273330.6469161,0.036905,0.36587,4186074.0098805847
5900,276173.7065645,0.0,0.39462,3838903.597577889
5901,262286.0986389,0.0,0.3806,3505085.8934406806
5902,244581.5908281,0.0,0.38641,3231355.3760481705
5903,223660.1794866,0.0,0.38855,2984330.274986637
5904,207469.5086315,0.0,0.37133,2897537.671910963
5905,199558.7874668,0.0,0.33042,2837450.4851662656
5906,198677.2543615,0.0,0.28714,2857479.547414497
5907,196346.4992926,0.0,0.26551,2957624.8586556604
5908,197712.6448379,0.0,0.24049,3117857.35664152
5909,200901.8562293,0.0,0.2231,3244708.0842136587
5910,206227.9777135,0.0,0.20153,3431645.998530495
5911,217014.0660227,0.062476,0.11047,3525114.9556889134
5912,234409.3449431,0.23628,0.071147,3511762.247523425
5913,243810.8262806,0.4024,0.096717,3304795.270958357
5914,248952.333502,0.5419,0.11696,2810745.0688352888
5915,252321.5437996,0.62119,0.14263,1842673.7268373864
5916,244013.9019698,0.6558,0.16046,1422063.4196245049
5917,236541.6396795,0.64827,0.16505,1289616.945640518
5918,228926.3013354,0.59649,0.15188,1336390.6172440597
5919,223401.7195185,0.51146,0.13415,1409892.101192483
5920,221541.73082,0.40101,0.11848,1630396.5530377529
5921,225930.9349201,0.27053,0.10455,2271864.049314901
5922,232106.2820136,0.14186,0.19181,3340976.543110149
5923,235590.8762256,0.032258,0.34274,4189584.585060127
5924,237727.7863185,0.0,0.42015,3842123.024576672
5925,227661.6936346,0.0,0.42814,3508025.370265657
5926,217590.9855942,0.0,0.42011,3234065.2937306245
5927,199401.8653433,0.0,0.40578,2986833.029540473
5928,185435.796356,0.0,0.39256,2899967.639419609
5929,180520.4416067,0.0,0.38558,2839830.061643627
5930,179205.0649836,0.0,0.37697,2859875.920902288
5931,178572.7611332,0.0,0.36041,2960105.217195592
5932,180035.8291666,0.0,0.34669,3120472.091264879
5933,181268.1293713,0.0,0.34401,3247429.199903065
5934,177261.9998667,0.0,0.32826,3434523.886317233
5935,182611.1981338,0.058439,0.22178,3528071.2295243177
5936,191251.1456369,0.22881,0.16591,3514707.323351877
5937,201054.1629962,0.39365,0.25438,3307566.777679048
5938,206869.5122771,0.53206,0.40788,2813102.2492987453
5939,211203.3320983,0.62729,0.41204,1844219.0517968023
5940,207418.7397092,0.6807,0.3695,1423256.0073649236
5941,199748.0170862,0.69192,0.29907,1284152.2583662374
5942,194283.4349048,0.64587,0.21377,1330727.7288769295
5943,190720.3796311,0.56297,0.14113,1403917.753965161
5944,192991.1350646,0.4498,0.087758,1623487.8292298545
5945,203264.9187942,0.29796,0.064172,2262237.1390907806
5946,217747.9077176,0.15153,0.081744,3326819.322192325
5947,226484.7777087,0.032066,0.13174,4171831.430029176
5948,234326.2685248,0.0,0.18456,3825842.220521173
5949,229770.9115881,0.0,0.21118,3493160.2883019405
5950,220715.5819935,0.0,0.203,3220361.10388217
5951,202849.5367027,0.0,0.19358,2974176.474039938
5952,190300.382183,0.0,0.1893,2887679.171662938
5953,187775.7821381,0.0,0.18712,2827796.423863476
5954,187226.554706,0.0,0.18471,2847757.3397966297
5955,188878.8523588,0.0,0.18001,2947561.919462399
5956,196623.4206869,0.0,0.17412,3107249.246927631
5957,213395.6264701,0.0,0.17617,3233668.381170939
5958,251033.859316,0.0,0.17575,3419970.263213709
5959,274964.4831426,0.055131,0.10042,3513121.204235095
5960,286313.6449536,0.2239,0.044535,3499813.926946325
5961,286276.722101,0.38883,0.040992,3293551.1289704014
5962,287550.5605149,0.52648,0.03805,2801181.869285937
5963,291155.1539977,0.61782,0.029449,1836404.265850163
5964,286609.0277742,0.66762,0.021452,1417225.0312539302
5965,280825.9859893,0.67697,0.018704,1196547.7617744713
5966,276838.3179109,0.60274,0.018231,1239945.8671238043
5967,273141.4172966,0.49562,0.017231,1308142.8898156136
5968,268456.8303759,0.36748,0.014438,1512733.9578910412
5969,270667.586174,0.23478,0.0093788,2107907.974110468
5970,275241.404537,0.11303,0.0068752,3099864.6678095106
5971,280327.5274795,0.02088,0.0,3887230.293433127
5972,283756.7374126,0.0,0.0,3564844.367980937
5973,269061.4420868,0.0,0.0,3254857.9011999858
5974,248740.0270997,0.0,0.0091078,3000668.998439606
5975,228570.9188793,0.0,0.015519,2771279.0130217024
5976,211526.4070584,0.0,0.023499,2690682.531658655
5977,206947.9733388,0.0,0.030967,2634884.967638084
5978,202969.5359736,0.0,0.03705,2653484.155644941
5979,203892.607288,0.0,0.04183,2746480.0956792263
5980,210040.2622421,0.0,0.042771,2895273.5997340824
5981,225538.6296114,0.0,0.042879,3013068.457110844
5982,257799.9720508,0.0,0.046642,3186660.878508177
5983,281172.1377322,0.049507,0.04011,3273457.089206843
5984,295964.3555459,0.21617,0.02753,3261057.630535605
5985,303122.7735893,0.37926,0.054264,3068866.0211314154
5986,306671.9827933,0.5167,0.075664,2610086.050295608
5987,318348.8349209,0.60782,0.092999,1711125.2966308498
5988,312505.7935005,0.65692,0.11318,1320542.3484868514
5989,309921.1938201,0.66467,0.12525,996116.6275614968
5990,306916.5966917,0.55548,0.12002,1032245.2099082868
5991,304433.5348558,0.41806,0.092095,1089018.6964532428
5992,296804.3504421,0.27184,0.060397,1259339.15608811
5993,296402.8144203,0.17772,0.034928,1754816.8568440876
5994,294076.6747079,0.087438,0.021059,2580613.024770717
5995,295378.2052613,0.015138,0.014603,3236088.73306248
5996,295424.358827,0.0,0.010742,2967704.9784863247
5997,278522.9230598,0.0,0.011254,2709643.6760092527
5998,258104.5855846,0.0,0.018469,2498033.407978054
5999,236860.0992829,0.0,0.03448,2307068.044145021
6000,224504.7897393,0.0,0.060449,2239972.105500982
6001,218352.5194286,0.0,0.095597,2193521.0710551096
6002,212527.9394345,0.0,0.13396,2209004.7492037336
6003,213640.2403684,0.0,0.1701,2286423.139946856
6004,220637.1209318,0.0,0.19319,2410292.56513585
6005,233606.2728996,0.0,0.23247,2508355.860077137
6006,266781.4559402,0.0,0.26322,2652870.189464297
6007,292664.3755968,0.046706,0.20128,2725127.354157877
6008,305527.3743634,0.2112,0.16335,2714804.9020587946
6009,310595.0358797,0.37445,0.2518,2554806.89452301
6010,318556.5259666,0.51187,0.32197,2172876.166856944
6011,325742.6361495,0.59813,0.27061,1424498.3896734358
6012,323379.5735845,0.64141,0.19319,1099341.148552325
6013,322451.8869135,0.64304,0.12269,961583.9271388304
6014,315621.1591867,0.58641,0.07098,996460.0281231402
6015,310493.4980351,0.49656,0.038543,1051265.329669913
6016,304835.0708776,0.38174,0.02119,1215681.234310231
6017,300718.1728153,0.24438,0.0084926,1693982.0478093384
6018,297270.5014559,0.1165,0.0,2491150.0703078504
6019,297201.2711073,0.019068,0.0,3123902.1881660447
6020,293393.6019352,0.0,0.0076164,2864822.5808540285
6021,277987.5416974,0.0,0.022801,2615707.5738232424
6022,257093.8224953,0.0,0.047932,2411433.268057999
6023,234044.7317739,0.0,0.075454,2227088.162855218
6024,221846.3443537,0.0,0.096934,2162318.261027214
6025,217549.447385,0.0,0.10439,2117477.559761673
6026,212943.321526,0.0,0.10283,2132424.46018352
6027,212897.1679603,0.0,0.099213,2207158.9622927555
6028,218449.4419166,0.0,0.087823,2326734.165667532
6029,232950.8922663,0.0,0.081943,2421397.868339231
6030,266536.8420419,0.0,0.073089,2560902.2722764704
6031,291616.689655,0.044165,0.037506,2630654.47424509
6032,304461.2269953,0.19177,0.019539,2620689.873963859
6033,305938.1410984,0.31695,0.018605,2466238.569604772
6034,309298.1206829,0.39966,0.018075,2097548.3591992096
6035,318718.0634467,0.44568,0.017987,1375114.8388099335
6036,313396.557319,0.45231,0.019358,1061229.929951144
6037,306044.2942995,0.42392,0.021269,1037254.9622468724
6038,303635.0781689,0.36836,0.023886,1074875.6085459818
6039,296785.8890158,0.29282,0.02706,1133993.7670160106
6040,290425.9276593,0.20702,0.027747,1311348.2424260976
6041,289041.3206877,0.13362,0.027665,1827288.5345281688
6042,289719.7781038,0.063436,0.034717,2687189.0213649543
6043,292336.6852802,0.0085925,0.040757,3369735.0327916527
6044,292479.761334,0.0,0.036475,3090267.3745696973
6045,276076.7840765,0.0,0.02864,2821548.472433201
6046,255552.2934002,0.0,0.02627,2601198.972681276
6047,234653.9588414,0.0,0.027468,2402346.985100269
6048,219464.8203625,0.0,0.029341,2332480.0705447807
6049,214946.3862783,0.0,0.0306,2284110.6681602118
6050,210377.1832719,0.0,0.027411,2300233.8022884005
6051,210755.6425108,0.0,0.028729,2380849.472929349
6052,215472.5369276,0.0,0.029972,2509834.545954867
6053,228063.2296564,0.0,0.029324,2611947.728766735
6054,263223.0160231,0.0,0.027401,2762430.313963173
6055,287689.0212121,0.040031,0.026647,2837671.606561392
6056,298101.2656388,0.18024,0.024524,2826922.8504759315
6057,299924.3314848,0.2857,0.021074,2660317.1311513046
6058,305291.9911783,0.3363,0.014113,2262613.155989291
6059,307539.6698289,0.4319,0.0092677,1483328.3397934546
6060,300921.2485044,0.50469,0.0073494,1144742.5231014704
6061,293435.1401444,0.54765,0.0,1003262.08478801
6062,285649.0336072,0.50719,0.0,1039649.8287958652
6063,281393.6748476,0.43585,0.0075066,1096830.569379638
6064,277646.0053111,0.34,0.013338,1268372.7911309558
6065,278887.536229,0.2155,0.019117,1767404.708952971
6066,279049.073709,0.099602,0.033835,2599124.5719896634
6067,281139.8302362,0.013436,0.071038,3259302.213275038
6068,283032.1264308,0.0,0.12312,2988993.257788113
6069,265346.0800463,0.0,0.16169,2729080.800589146
6070,248721.5656734,0.0,0.16556,2515952.585685993
6071,227578.6172163,0.0,0.15292,2323617.3673587586
6072,206703.3594405,0.0,0.12556,2256040.128487028
6073,197195.7249018,0.0,0.099619,2209255.886191214
6074,194551.125586,0.0,0.077838,2224850.633623152
6075,195151.1219404,0.0,0.052738,2302824.370782841
6076,196092.6546811,0.0,0.046571,2427582.3502383456
6077,198769.5614929,0.0,0.053251,2526349.0839739526
6078,205572.5970803,0.0,0.061428,2671900.060005374
6079,216160.2250568,0.024767,0.068805,2744675.548021084
6080,233961.6553556,0.11247,0.062795,2734279.0497331256
6081,245130.8182602,0.16373,0.051817,2573133.326269767
6082,247604.6493829,0.16466,0.044765,2188462.8896152964
6083,246326.1956124,0.19424,0.040574,1434716.763738294
6084,240695.4605944,0.20815,0.044066,1107227.0676675965
6085,232157.0509359,0.20639,0.054259,1067946.547282174
6086,224384.7904684,0.17373,0.06935,1106680.3598779005
6087,218260.2122972,0.13225,0.092446,1167547.779671185
6088,218463.2879863,0.088127,0.11413,1350150.0390510384
6089,224850.9414822,0.091963,0.12012,1881356.6117924305
6090,231690.8999221,0.062693,0.094691,2766700.899694751
6091,235720.1062096,0.01076,0.11823,3469442.928217218
6092,240160.079232,0.0,0.12764,3181706.034648964
6093,225755.5513703,0.0,0.12253,2905035.9446794884
6094,214526.3888303,0.0,0.12896,2678166.470904519
6095,198206.4879911,0.0,0.13913,2473430.604327107
6096,189146.54304,0.0,0.16149,2401496.380935044
6097,179071.219643,0.0,0.18626,2351695.764740538
6098,175406.6265247,0.0,0.20232,2368295.9701387067
6099,177548.1519742,0.0,0.21354,2451296.9971295493
6100,177511.2291216,0.0,0.2362,2584098.640314897
6101,179698.9081368,0.0,0.27051,2689233.2745032976
6102,182851.1966756,0.0,0.3062,2844168.5248862035
6103,186215.7916167,0.035675,0.33994,2921636.1500776564
6104,196258.8075177,0.16461,0.37547,2910569.346478878
6105,203569.532328,0.24696,0.40798,2739033.890697804
6106,212195.6337613,0.26227,0.42848,2329562.15754298
6107,221140.1947982,0.32911,0.43671,1527218.8966315023
6108,219617.1271294,0.37567,0.42366,1178614.5832699635
6109,211831.0205921,0.3979,0.445,1031303.7426892977
6110,205004.9082219,0.39586,0.5163,1068708.5416469406
6111,200744.9341058,0.36519,0.57445,1127487.5114375225
6112,202627.9995873,0.306,0.59046,1303824.4208092676
6113,210631.0278834,0.21325,0.5636,1816804.5207997991
6114,219570.9735636,0.10813,0.40741,2671771.354117352
6115,230449.3690042,0.014599,0.27623,3350401.278063159
6116,239610.8517999,0.0,0.18156,3072537.057234954
6117,229877.0647893,0.0,0.10882,2805359.921823219
6118,222414.0332121,0.0,0.07209,2586274.670785596
6119,206043.3634507,0.0,0.056277,2388563.5905809123
6120,194371.1266797,0.0,0.046982,2319097.535373861
6121,191477.2981089,0.0,0.040856,2271005.650999749
6122,189072.6973349,0.0,0.035258,2287036.2791244523
6123,189815.769743,0.0,0.027483,2367189.4197479733
6124,197223.4170413,0.0,0.019348,2495434.4447456063
6125,211904.8662973,0.0,0.014085,2596961.7562020654
6126,257647.6652839,0.0,0.010087,2746580.952032637
6127,286493.6438599,0.032202,0.0059495,2821390.5499479235
6128,299785.8707877,0.1881,0.0,2810703.464531454
6129,303048.9278842,0.33927,0.0,2645053.640576178
6130,307913.5137112,0.45581,0.0,2249631.4801668096
6131,313544.2487293,0.53996,0.0,1474817.787472778
6132,308624.2786234,0.58322,0.0,1138174.5968539915
6133,305375.0675966,0.58641,0.0,1106249.7680689692
6134,297658.1914079,0.57579,0.0,1146372.8166517816
6135,293887.4450885,0.52539,0.0,1209423.3215676297
6136,286724.4116885,0.43652,0.0,1398574.8363151734
6137,286447.4902942,0.29882,0.0,1948833.7883080288
6138,286710.5656188,0.14781,0.0,2865932.041629454
6139,291935.1492584,0.017792,0.0,3593878.780203335
6140,293287.4487341,0.0,0.0069945,3295821.847873872
6141,274198.3339517,0.0,0.021374,3009228.643710926
6142,251047.7053857,0.0,0.073837,2774222.2162973112
6143,225986.3191989,0.0,0.18213,2562143.2452167314
6144,214032.5456771,0.0,0.30909,2487629.0121343657
6145,208009.5053504,0.0,0.44751,2436042.235385036
6146,207289.5097251,0.0,0.57045,2453237.8276348123
6147,210400.2600548,0.0,0.65239,2539215.788883696
6148,216658.6835666,0.0,0.70401,2676780.52688191
6149,232295.5116331,0.0,0.76715,2785685.944463829
6150,269426.055256,0.0,0.81315,2946178.1387950787
6151,294524.3642954,0.029791,0.81627,3026424.235960703
6152,307895.052285,0.14788,0.84912,3014960.507794185
6153,310419.6523299,0.20546,0.94378,2837272.72121316
6154,307147.3645203,0.18286,0.96705,2413114.779052
6155,321611.8920174,0.18872,0.95325,1581994.4869794585
6156,312524.2549268,0.17093,0.89137,1220887.0497341473
6157,309967.3473858,0.13399,0.77763,1101001.5575766764
6158,303888.9227803,0.14638,0.68527,1140934.256556141
6159,298488.9555909,0.14475,0.61811,1203685.6406667288
6160,292821.2977203,0.12744,0.55669,1391939.7929984925
6161,291824.3807007,0.10544,0.51205,1939588.23614544
6162,292964.373774,0.059697,0.4608,2852335.641390353
6163,298207.41884,0.0063655,0.40058,3576828.8943035025
6164,295239.7445641,0.0,0.34321,3280185.987598906
6165,276095.2455028,0.0,0.32999,2994952.4234598703
6166,255404.6019898,0.0,0.28835,2761060.900865861
6167,234907.8034529,0.0,0.22965,2549988.063402975
6168,223941.7162375,0.0,0.1967,2475827.3367268266
6169,222012.4971903,0.0,0.17011,2424485.2951818
6170,219483.2817888,0.0,0.15466,2441599.3090301417
6171,221920.1900589,0.0,0.15849,2527169.378271852
6172,227740.1546964,0.0,0.15013,2664081.4890585896
6173,242024.6832872,0.0,0.13555,2772470.243431423
6174,277369.0839167,0.0,0.10929,2932201.0393492826
6175,297330.5010913,0.027845,0.086448,3012066.4373082123
6176,305564.297216,0.1564,0.099709,3000657.094742651
6177,306344.2924767,0.24499,0.22294,2823812.2849764493
6178,311707.3368135,0.26826,0.35988,2401666.610050677
6179,317919.6067597,0.28073,0.43597,1574489.2740474748
6180,314264.2443545,0.25841,0.45944,1215094.9832322905
6181,310368.8834076,0.2109,0.39934,1288104.097380523
6182,304973.5315748,0.15155,0.25996,1334822.8988399203
6183,299038.183023,0.088283,0.09851,1408238.1582761162
6184,293176.6801764,0.033599,0.028487,1628483.9365847034
6185,291815.1499876,0.024291,0.0087332,2269198.928027865
6186,290905.9247429,0.011113,0.0,3337057.247099802
6187,294699.7478452,0.0,0.0,4184669.787863151
6188,296961.2725655,0.0,0.012257,3837615.834164772
6189,281384.4441345,0.0,0.030569,3503910.1094547915
6190,262004.561888,0.0,0.074378,3230271.415192608
6191,238918.5483141,0.0,0.15945,2983329.178907222
6192,223955.5623072,0.0,0.30519,2896565.690482628
6193,220290.9691889,0.0,0.51739,2836498.660034832
6194,215343.3069436,0.0,0.72571,2856521.00351743
6195,216358.6853894,0.0,0.86704,2956632.720930424
6196,222898.6456522,0.0,0.87456,3116811.4687912143
6197,237552.4027688,0.0,0.8008,3243619.644181007
6198,272513.7288028,0.0,0.59844,3430494.850018596
6199,294972.0538829,0.024281,0.30867,3523932.45293739
6200,302264.3172669,0.16363,0.16085,3510584.2239489914
6201,300741.2495981,0.28203,0.23418,3303686.674628804
6202,303528.9249677,0.34914,0.37838,2809802.202058033
6203,312625.7927714,0.40664,0.52286,1842055.6003990904
6204,314402.7050517,0.42823,0.64299,1421586.3872645155
6205,311928.873929,0.41637,0.71812,1886801.5097539031
6206,306861.2124128,0.39509,0.76647,1929106.4763403137
6207,302735.0836373,0.34637,0.81418,2005255.416195852
6208,294436.6725205,0.27375,0.86185,2166014.289224212
6209,291893.6110493,0.21573,0.84196,2724439.848164829
6210,290712.0797668,0.11589,0.82967,3934361.892536166
6211,296605.8901095,0.011071,0.8242,4856610.164119912
6212,295733.5877173,0.0,0.75779,4594319.371284167
6213,277609.0824585,0.0,0.65269,4399716.524986681
6214,257772.2799114,0.0,0.53041,4154347.7187855
6215,235493.9537376,0.0,0.41318,3917439.905901602
6216,217189.4495724,0.0,0.32855,3798985.999459653
6217,213557.1639501,0.0,0.27534,3714376.066286832
6218,209260.2669815,0.0,0.25343,3756681.0328732426
6219,210612.5664571,0.0,0.24198,3832829.972728781
6220,217189.4495724,0.0,0.21444,3976666.8591225767
6221,231044.750002,0.0,0.17844,4095120.7655645255
6222,266066.0756715,0.0,0.14367,4255879.638592885
6223,289032.0899746,0.022441,0.10041,4298184.605179296
6224,297524.3460673,0.17802,0.084437,4272801.625227449
6225,297145.8868284,0.35015,0.10751,4044354.805660833
6226,301179.7084725,0.49677,0.10255,3553617.193258473
6227,307313.5173569,0.51109,0.10193,2470610.0486463667
6228,302952.0053962,0.46076,0.096288,1979872.4362440065
6229,297238.1939598,0.36167,0.080605,2101787.494758571
6230,290029.0069941,0.35623,0.066174,2148912.7749101087
6231,287282.8698337,0.32355,0.059226,2233738.2791828755
6232,284790.5772847,0.26462,0.07059,2412814.343758718
6233,284089.0430858,0.22667,0.073918,3034868.0417590123
6234,284564.4248127,0.12797,0.071868,4382651.054092984
6235,288644.4000225,0.010542,0.090991,5409982.161396501
6236,289276.7038729,0.0,0.087296,5117805.424456969
6237,270639.8940345,0.0,0.062466,4901029.135759897
6238,256161.5204677,0.0,0.026996,4627702.510880979
6239,236841.6378566,0.0,0.0096035,4363800.942032369
6240,220014.0477946,0.0,0.0,4231850.157608065
6241,211738.7134607,0.0,0.0,4137599.5973049896
6242,208097.1971253,0.0,0.0,4184724.877456527
6243,209984.8779633,0.0,0.0068541,4269550.381729294
6244,211572.5606241,0.0,0.011663,4429776.334244521
6245,211406.4077875,0.0,0.018544,4561727.118668826
6246,214812.5409378,0.0,0.027899,4740803.183244669
6247,224241.7144147,0.020838,0.034246,4787928.463396207
6248,239232.392561,0.17339,0.02203,4759653.295305284
6249,250964.6289674,0.34136,0.020861,4505176.782486982
6250,255127.6805955,0.48278,0.017414,3958523.532729147
6251,255113.8345258,0.53627,0.013668,2752116.360849788
6252,250632.3232942,0.53693,0.010147,2205463.111091953
6253,242753.9096256,0.49269,0.0077382,2478786.5629015923
6254,237838.5548762,0.47282,0.0064247,2537805.2905897256
6255,235212.4169867,0.41992,0.0057029,2646006.291351303
6256,232595.5098103,0.33579,0.0057703,2803389.5651863245
6257,235101.6484289,0.25452,0.0061171,3373903.932838278
6258,239287.7768399,0.12872,0.0068361,4396895.212765919
6259,246164.6581324,0.0087115,0.0066328,5301849.037317296
6260,245393.8935848,0.0,0.0064147,5006755.398876629
6261,231298.5946135,0.0,0.005888,4996918.94426194
6262,222654.0317538,0.0,0.0057166,4819862.761197541
6263,206786.4358588,0.0,0.0068634,4603460.759674385
6264,193803.4378213,0.0,0.0088761,4426404.576609985
6265,185832.7170212,0.0,0.011484,4357549.3943071645
6266,183654.2687191,0.0,0.013413,4357549.3943071645
6267,181955.8175006,0.0,0.013464,4485423.30429812
6268,183589.6537271,0.0,0.012018,4603460.759674385
6269,182080.432128,0.0,0.010387,4780516.942738785
6270,182791.1970402,0.0,0.0091855,4829699.21581223
6271,186409.6365927,0.017001,0.007858,4839535.670426918
6272,195261.8904981,0.16777,0.0,4751007.578894719
6273,204367.989015,0.33762,0.0059751,4514932.6681421865
6274,213183.3200678,0.48132,0.011657,3973927.6643342986
6275,220909.4269696,0.56805,0.013755,2960772.839021346
6276,217494.0631062,0.6078,0.012958,2527968.8359750365
6277,208014.120707,0.60265,0.011617,2427721.1649169107
6278,202060.3107289,0.55902,0.01064,2485524.0497958846
6279,198248.0262003,0.47857,0.0097714,2591496.005407337
6280,197135.7252664,0.36777,0.0098359,2745637.031751268
6281,206324.9002016,0.26698,0.0099898,3304398.252248017
6282,219164.8221853,0.12774,0.011668,4306314.923483567
6283,231533.9777987,0.0056812,0.014515,5192625.824961171
6284,236061.6425959,0.0,0.016377,4903611.400566299
6285,225506.3221154,0.0,0.017317,4893977.586419804
6286,220134.0470654,0.0,0.019121,4720568.931782882
6287,204792.6018196,0.0,0.021996,4508625.020559977
6288,196148.03896,0.0,0.022965,4335216.365923055
6289,193383.4403732,0.0,0.022302,4267779.666897585
6290,190877.3017546,0.0,0.021826,4267779.666897585
6291,192958.8275686,0.0,0.021969,4393019.250802029
6292,198981.8678953,0.0,0.022654,4508625.020559977
6293,213358.7036175,0.0,0.02333,4682033.675196899
6294,257523.0506565,0.0,0.022848,4730202.745929377
6295,284070.5816595,0.01553,0.020147,4739836.5600758735
6296,294893.5928212,0.1625,0.011223,4653132.232757413
6297,295295.128843,0.33117,0.0069507,4421920.693241516
6298,298562.8012961,0.47095,0.0,3892060.915184254
6299,301858.1658886,0.53521,0.0,2899778.058095199
6300,297704.3449736,0.54924,0.0,2475890.235649389
6301,294727.4399846,0.51871,0.0,2104543.837361535
6302,289299.7806557,0.47833,0.0,2151730.918916727
6303,286124.4153341,0.40605,0.0,2236667.665716071
6304,281361.3673516,0.30836,0.0,2415978.575625798
6305,282699.8207576,0.23628,0.0068602,3038848.052154324
6306,287218.2548417,0.11566,0.013065,4388398.584632797
6307,296684.3511712,0.0045248,0.019435,5417076.962535969
6308,294704.3632017,0.0,0.02061,5124517.056893783
6309,275864.4776742,0.0,0.016634,4907456.481739902
6310,257310.7442541,0.0,0.011568,4633771.408719793
6311,234626.266702,0.0,0.0085704,4369523.752010721
6312,218809.4397292,0.0,0.0077139,4237399.923656185
6313,215777.1504613,0.0,0.0076149,4143025.760545803
6314,212467.9397991,0.0,0.0083645,4190212.8421009937
6315,212707.9383409,0.0,0.0098646,4275149.588900338
6316,220623.2748621,0.0,0.010799,4435585.666187989
6317,233989.3474951,0.0,0.0099045,4567709.494542524
6318,273178.3401492,0.0,0.0080245,4747020.404452251
6319,293365.9097958,0.013972,0.0068208,4794207.486007444
6320,301410.4763011,0.15725,0.0,4765895.237074329
6321,300436.6360643,0.32613,0.0,4511084.996676295
6322,303348.9260614,0.46777,0.0060088,3963714.8506360753
6323,305836.6032538,0.55301,0.0066342,2755725.562823176
6324,301258.1695342,0.59167,0.0082007,2208355.416782956
6325,297441.269649,0.5857,0.01074,1885693.7680412687
6326,293388.9865787,0.538,0.014247,1927973.8973695484
6327,289032.0899746,0.45456,0.01844,2004078.1301604516
6328,283059.8185702,0.34292,0.023201,2164742.6216079136
6329,283927.5056058,0.24795,0.026334,2722840.328741204
6330,286881.3338119,0.11305,0.045338,3932052.02753
6331,296836.6579381,0.0034013,0.080864,4853758.846886494
6332,295392.051331,0.0,0.11074,4591622.045051161
6333,275726.016977,0.0,0.12092,4397133.450141075
6334,255321.5255715,0.0,0.1222,4151908.700037054
6335,231653.9770695,0.0,0.1207,3915139.975798688
6336,220166.3545615,0.0,0.12593,3796755.6136795054
6337,213598.7021593,0.0,0.13666,3712195.355022946
6338,208715.6549059,0.0,0.14943,3754475.4843512257
6339,210312.5682799,0.0,0.15532,3830579.717142129
6340,218726.3633109,0.0,0.13935,3974332.15685828
6341,230481.6765002,0.0,0.11201,4092716.5189774623
6342,271253.7364586,0.0,0.087684,4253381.010424924
6343,292507.4534734,0.01085,0.059645,4295661.139753204
6344,298996.6448138,0.15245,0.023007,4270293.062156237
6345,297150.502185,0.32095,0.017919,4041980.363783527
6346,299144.3362241,0.46233,0.034877,3551530.863575484
6347,302218.1637012,0.54727,0.031533,2469159.552771527
6348,298493.5709475,0.58559,0.029532,1978710.052563484
6349,295724.3570042,0.57931,0.029178,1674271.392185841
6350,291575.1514458,0.53128,0.029763,1711811.109499425
6351,288418.2475505,0.44779,0.032336,1779382.6006638757
6352,281596.7505368,0.33614,0.030772,1922033.5264554943
6353,283119.8182056,0.24129,0.033969,2417557.7949948017
6354,285219.805446,0.10658,0.056177,3491193.710163301
6355,296578.19797,0.0011586,0.0909,4309559.547599428
6356,295918.2019802,0.0,0.12458,4076813.300255209
6357,276533.7043772,0.0,0.15093,3904130.600612723
6358,255529.2166173,0.0,0.17642,3686400.240193937
6359,234718.5738335,0.0,0.1758,3476177.823237868
6360,218827.9011555,0.0,0.15556,3371066.614759832
6361,215698.6893996,0.0,0.1313,3295987.1801326643
6362,211531.022415,0.0,0.11125,3333526.8974462487
6363,212329.4791019,0.0,0.10235,3401098.388610699
6364,219012.5154184,0.0,0.093693,3528733.4274768843
6365,233352.4282881,0.0,0.097086,3633844.6359549193
6366,270713.7397397,0.0,0.10942,3776495.561746538
6367,291076.692936,0.0097739,0.10405,3814035.279060122
6368,297279.732169,0.14801,0.051408,3791511.448671973
6369,296121.2776694,0.31612,0.042073,3588796.9751786184
6370,298668.9544972,0.45633,0.10744,3153336.254341046
6371,300953.5560004,0.52661,0.18621,2192319.4911132986
6372,296208.9694443,0.54745,0.21399,1756858.7702757258
6373,293121.2958975,0.52366,0.20755,1251744.1870850923
6374,290633.6187051,0.48166,0.1802,1297144.2353213397
6375,276067.5533634,0.40666,0.1373,1368487.168264013
6376,275938.3233794,0.30529,0.077252,1582515.967092034
6377,281605.98125,0.22416,0.037553,2205145.200046277
6378,286752.1038279,0.098228,0.030473,3242860.5883033485
6379,299942.7929111,0.00051143,0.031038,4066547.177732399
6380,298373.5716766,0.0,0.034867,3729289.6765488503
6381,278855.228733,0.0,0.04091,3405003.617718515
6382,256572.2872026,0.0,0.056409,3139089.049477641
6383,234460.1138654,0.0,0.08032,2899117.365943193
6384,220037.1245774,0.0,0.10313,2814802.990647306
6385,214507.927404,0.0,0.11878,2756431.5000578463
6386,207741.8146692,0.0,0.12205,2775888.6635876657
6387,210063.339025,0.0,0.11357,2873174.4812367666
6388,218661.7483189,0.0,0.09043,3028831.789475328
6389,232073.9745176,0.0,0.069492,3152060.4918308547
6390,270016.8208973,0.0,0.055509,3333660.6847758424
6391,292572.0684654,0.0086488,0.042777,3424460.7812483357
6392,300072.0228951,0.12159,0.023185,3411489.338895122
6393,298313.5720412,0.22187,0.022814,3210431.982420315
6394,301595.090564,0.26057,0.024471,2730488.615351419
6395,303432.0024797,0.2984,0.02625,1790059.0447434485
6396,297316.6550216,0.30391,0.022012,1381458.6106172265
6397,291150.5386412,0.28227,0.017045,1129477.8535334545
6398,286770.5652542,0.28598,0.014121,1170443.3715372584
6399,284749.0390756,0.26424,0.012213,1234817.7569718077
6400,282662.897905,0.21619,0.0093277,1427940.9132754551
6401,286544.4127822,0.18311,0.0059143,1989753.7316133392
6402,289825.931305,0.085889,0.0,2926108.4288431457
6403,296596.6593963,0.0,0.0,3669339.9697693046
6404,285889.0321489,0.0,0.0,3365024.6931696176
6405,266998.3776991,0.0,0.0,3072413.8502853024
6406,248707.7196037,0.0,0.01055,2832472.959120165
6407,226055.5495475,0.0,0.017673,2615940.935385772
6408,208434.118155,0.0,0.027679,2539862.1162358504
6409,199120.3285924,0.0,0.044505,2487192.164516674
6410,193568.0546361,0.0,0.071767,2504748.8150897324
6411,196946.4956469,0.0,0.099305,2592532.067955027
6412,198308.0258357,0.0,0.11027,2732985.2725394983
6413,202563.3845953,0.0,0.096903,2844177.392835537
6414,208618.7324179,0.0,0.088902,3008039.464850753
6415,220221.7388403,0.0057034,0.08751,3089970.5008583614
6416,238946.2404535,0.10866,0.084408,3078266.067142989
6417,251606.163531,0.18507,0.102,2896847.3445547144
6418,256073.8286928,0.18814,0.16677,2463783.2970859283
6419,258810.7351401,0.25068,0.30885,1615211.8527214164
6420,252995.3858592,0.29835,0.37966,1246522.19068718
6421,241124.6887556,0.32522,0.38235,1135171.5640450176
6422,234307.8070985,0.29374,0.32106,1176343.5896839558
6423,231630.9002867,0.24134,0.23745,1241042.4871165734
6424,231760.1302707,0.17415,0.15258,1435139.179414426
6425,237704.7095356,0.15974,0.079589,1999784.102462725
6426,244983.1268499,0.075647,0.064441,2940858.97420989
6427,251924.6231344,0.0,0.064396,3687837.1536592017
6428,242486.2189444,0.0,0.060266,3381987.8203413733
6429,228506.3038873,0.0,0.061738,3087901.9229203835
6430,218901.7468607,0.0,0.068811,2846751.487035173
6431,200781.8569584,0.0,0.074389,2629127.922943641
6432,189368.0801555,0.0,0.074239,2552665.589614184
6433,183635.8072929,0.0,0.07978,2499730.1280784057
6434,181014.2847599,0.0,0.09011,2517375.281923665
6435,180455.8266146,0.0,0.091649,2605601.051149962
6436,180912.7469153,0.0,0.10267,2746762.2819120367
6437,179869.67633,0.0,0.13521,2858514.922932013
6438,181286.5907976,0.0,0.16968,3023203.025487766
6439,186035.7927104,0.0049599,0.167,3105547.0767656434
6440,199600.3256759,0.10268,0.12732,3093783.640868804
6441,207751.0453824,0.17157,0.21906,2911450.384467791
6442,218144.8283828,0.16268,0.42605,2476203.2562847272
6443,227066.3126368,0.22105,0.49288,1623354.1537638588
6444,222824.799947,0.26618,0.49471,1252805.9230134129
6445,213644.855725,0.29206,0.46882,997226.8355222048
6446,207991.0439241,0.28184,0.43127,1033395.6844789686
6447,206269.5159227,0.24815,0.39216,1090232.447125312
6448,208327.9649539,0.19273,0.25798,1260742.7350643417
6449,215223.3076727,0.16494,0.1177,1756772.6636142468
6450,227606.3093558,0.071214,0.088558,2583489.2111974214
6451,240870.8441441,0.0,0.10767,3239695.470841567
6452,239435.4682502,0.0,0.16116,2971012.592877035
6453,229184.7613034,0.0,0.23145,2712663.671757293
6454,222824.799947,0.0,0.28936,2500817.556439104
6455,206089.5170164,0.0,0.35196,2309639.354810495
6456,196840.3424458,0.0,0.39056,2242468.635319362
6457,195580.3501016,0.0,0.40847,2195965.8295178083
6458,196332.6532228,0.0,0.43067,2211466.7647849927
6459,199521.8646142,0.0,0.44382,2288971.441120915
6460,208900.2691688,0.0,0.45087,2412978.923258392
6461,223798.6401837,0.0,0.4831,2511151.513283893
6462,267570.681914,0.0,0.54621,2655826.9091109494
6463,295885.8944842,0.0041371,0.58394,2728164.607024477
6464,305753.5268355,0.10159,0.57104,2717830.6501796874
6465,303995.0759815,0.182,0.65897,2557654.319085447
6466,307073.5188151,0.19143,0.8385,2175297.915828229
6467,311711.9521701,0.19835,0.88966,1426086.0445809767
6468,309584.2727904,0.17488,0.8963,1100566.4039701016
6469,308610.4325536,0.13001,0.87473,1069343.629705678
6470,305688.9118435,0.12795,0.82479,1108128.1136846405
6471,305375.0675966,0.11424,0.72795,1169075.1599372956
6472,302430.4701035,0.089416,0.57923,1351916.2986952616
6473,305559.6818594,0.11855,0.46694,1883817.7932638887
6474,309699.6567047,0.058985,0.40122,2770320.284211601
6475,317984.2217517,0.0,0.40728,3473981.6364013483
6476,305430.4518754,0.0,0.40492,3185868.3268433413
6477,287162.8705628,0.0,0.37625,2908836.298422181
6478,268673.7521348,0.0,0.26436,2681670.0351168304
6479,247563.1111738,0.0,0.16716,2476666.334085172
6480,231732.4381313,0.0,0.14884,2404638.00669567
6481,226687.8533979,0.0,0.18295,2354772.2415798614
6482,222538.6478395,0.0,0.25722,2371394.16328513
6483,223120.1827676,0.0,0.34742,2454503.771811479
6484,231067.8267849,0.0,0.41645,2587479.145453636
6485,243196.9838565,0.0,0.45122,2692751.316253676
6486,278315.232014,0.0,0.44188,2847889.252169526
6487,304345.843081,0.0018356,0.41802,2925458.2201274512
6488,313701.1708527,0.1119,0.43724,2914376.938990604
6489,315441.1602804,0.24395,0.54516,2742617.081369485
6490,320568.8214321,0.33418,0.67303,2332609.679306168
6491,324948.7948191,0.38029,0.71046,1529216.7968848038
6492,321768.8141408,0.38257,0.68015,1180156.441074142
6493,318708.8327335,0.34757,0.60521,1087439.2961213577
6494,315611.9284736,0.34926,0.49442,1126880.0996076243
6495,310073.500587,0.31944,0.38352,1188858.5050860438
6496,305093.5308457,0.25693,0.27562,1374793.7215213017
6497,305818.1418275,0.1857,0.15411,1915696.1693329616
6498,307576.5926815,0.065195,0.10496,2817200.2490190607
6499,314675.0110894,0.0,0.090989,3532769.1122699026
6500,300524.3278392,0.0,0.13573,3239780.28637192
6501,282016.7479849,0.0,0.22283,2958060.2614700133
6502,263670.7056106,0.0,0.34959,2727049.8410504507
6503,240635.460959,0.0,0.51944,2518577.02262304
6504,224934.0179005,0.0,0.66827,2445329.816148545
6505,221472.5004714,0.0,0.7785,2394620.211666202
6506,218403.2883509,0.0,0.85097,2411523.413160316
6507,221786.3447183,0.0,0.89782,2496039.420630888
6508,227929.3843158,0.0,0.92135,2631265.0325838025
6509,239486.2371725,0.0,0.93346,2738318.6420465265
6510,276930.6250424,0.0,0.93673,2896081.8559915945
6511,299485.8726105,0.0014379,0.88759,2974963.462964128
6512,304359.6891507,0.11559,0.70021,2963694.6619680515
6513,302707.3914978,0.27296,0.59551,2789028.24652887
6514,303625.8474557,0.39896,0.79406,2372082.609674049
6515,305882.7568195,0.40999,0.8809,1555094.5374585215
6516,300127.407174,0.35776,0.90488,1200127.30608212
6517,296282.8151494,0.26063,0.91897,1191563.0342039731
6518,290347.4665976,0.26701,0.92066,1234780.3463253607
6519,286885.9491685,0.2471,0.91226,1302693.2653732556
6520,282482.8989987,0.19974,0.87827,1506432.0225169405
6521,285159.8058105,0.15949,0.81069,2099126.588753113
6522,291621.3050115,0.057589,0.76546,3086950.8658134025
6523,305010.4544274,0.0,0.72082,3871036.3857300063
6524,296047.4319642,0.0,0.66287,3549993.495685412
6525,277327.5457076,0.0,0.60086,3241298.409104072
6526,259503.0386259,0.0,0.47881,2988168.4381073727
6527,237243.1738784,0.0,0.35652,2759734.074037181
6528,223443.2577277,0.0,0.245,2679473.3515260327
6529,219095.5918367,0.0,0.19535,2623908.2359413914
6530,216174.0711265,0.0,0.15739,2642429.941136272
6531,218670.9790321,0.0,0.14858,2735038.467110674
6532,225201.7085817,0.0,0.15477,2883212.1086697173
6533,238863.1640352,0.0,0.14946,3000516.241570627
6534,273182.9555058,0.0,0.13687,3173385.490056177
6535,294505.9028691,0.001015,0.1268,3259820.1142989523
6536,299965.869694,0.093526,0.094844,3247472.3108356986
6537,299730.4865088,0.18231,0.1364,3056081.357155268
6538,300201.2528792,0.20182,0.26745,2599212.6290148846
6539,303288.9264259,0.20771,0.31407,1703996.8779289976
6540,299495.1033236,0.18005,0.30421,1315041.068836509
6541,297542.8074936,0.12854,0.33427,1209077.8564783763
6542,296088.9701734,0.13161,0.37178,1252930.4212211154
6543,294879.7467515,0.12107,0.36025,1321841.5943882768
6544,291948.9953282,0.096378,0.43095,1528575.1138897608
6545,294256.6736142,0.11492,0.56559,2129981.7160758963
6546,298992.0294573,0.046174,0.66984,3132326.0530527886
6547,309228.8903343,0.0,0.72344,3927936.870528197
6548,296421.2758466,0.0,0.74207,3602174.9610107066
6549,278038.3106197,0.0,0.75048,3288942.355705428
6550,260444.5713666,0.0,0.75453,3032091.6193550997
6551,238853.9333221,0.0,0.74142,2800299.4914291925
6552,222958.6452876,0.0,0.72981,2718859.0140498206
6553,215855.6115231,0.0,0.71671,2662477.14509487
6554,214604.849892,0.0,0.68416,2681271.101413187
6555,217046.3735187,0.0,0.63605,2775240.8830047706
6556,223881.716602,0.0,0.55647,2925592.533551304
6557,236237.0261457,0.0,0.45627,3044620.9235673104
6558,270492.2026242,0.0,0.35729,3220031.1825382668
6559,293804.3686702,0.0,0.27252,3307736.3120237445
6560,303367.3874877,0.085441,0.18535,3295207.0078115333
6561,304631.9951884,0.15252,0.11131,3101002.792522261
6562,309095.0449937,0.13552,0.087669,2637418.536670448
6563,312210.4106799,0.21227,0.1441,1729043.9812851392
6564,306690.4442196,0.2832,0.2562,1334370.898600488
6565,297192.0403941,0.3365,0.28313,1133854.9799379555
6566,287047.4866485,0.31393,0.25849,1174979.2538217157
6567,281735.211234,0.26573,0.22083,1239603.1127819102
6568,276044.4765805,0.19599,0.1668,1433474.689662493
6569,279792.1461171,0.15371,0.13845,1997464.7314969169
6570,284578.2708824,0.04991,0.16649,2937448.1345542893
6571,298447.4173818,0.0,0.19291,3683559.9607310793
6572,288141.3261561,0.0,0.20461,3378065.3547374327
6573,269656.8230847,0.0,0.21601,3084320.541282004
6574,254213.8399942,0.0,0.23122,2843449.794248552
6575,232812.4315692,0.0,0.22651,2626078.6322915344
6576,215227.9230292,0.0,0.20396,2549704.980793123
6577,206767.9744325,0.0,0.17399,2496830.914371146
6578,202480.308177,0.0,0.13977,2514455.603178472
6579,202554.1538821,0.0,0.11256,2602579.0472151004
6580,206140.2859387,0.0,0.091624,2743576.5576737057
6581,205637.2120723,0.0,0.09604,2855199.586786769
6582,212971.0136655,0.0,0.10425,3019696.6823218097
6583,224638.6350799,0.0,0.10369,3101945.2300893296
6584,240607.7688195,0.09933,0.074426,3090195.4375511124
6585,255049.2195338,0.23803,0.068279,2908073.653208746
6586,262683.0193041,0.33609,0.070599,2473331.329294712
6587,267261.4530237,0.35877,0.048797,1621471.3702739675
6588,263481.4759911,0.33017,0.0344,1251352.9053201273
6589,253775.3811199,0.32861,0.028325,593118.0661297704
6590,245089.2800511,0.3376,0.024163,601079.3824536599
6591,239629.3132262,0.313,0.018674,632924.647749218
6592,238360.0901689,0.25209,0.016717,760305.7089314506
6593,243303.1370577,0.19083,0.019728,1241965.3465267674
6594,251361.5496326,0.056845,0.034828,2233149.2288510143
6595,261879.9472606,0.0,0.053753,2826267.294980785
6596,248740.0270997,0.0,0.070286,2591408.463426044
6597,235184.7248472,0.0,0.078733,2268975.1523085176
6598,227144.7736985,0.0,0.069508,2058000.269725445
6599,208346.4263802,0.0,0.055573,1827122.0963326483
6600,193748.0535424,0.0,0.041294,1703721.6933123602
6601,185218.8745971,0.0,0.034778,1663915.1116929126
6602,179597.3702922,0.0,0.034896,1580321.2902920726
6603,182620.428847,0.0,0.043141,1580321.2902920726
6604,187369.6307597,0.0,0.040322,1671876.4280168023
6605,189252.6962412,0.0,0.030914,1779354.1983893109
6606,190789.6099797,0.0,0.024366,1958483.8156768256
6607,193872.6681699,0.0,0.020329,2133632.774802396
6608,201797.2354043,0.12702,0.015092,2241110.545174904
6609,209587.9572981,0.33222,0.014324,2149555.4074501744
6610,216155.6097002,0.50791,0.017594,1847025.387142372
6611,224860.1721953,0.54472,0.015954,1130506.917992314
6612,223069.4138453,0.50595,0.015054,724479.7854739476
6613,213977.1613982,0.41,0.014723,559081.3330728177
6614,208194.1196133,0.3674,0.014946,566585.7804966139
6615,204607.9875567,0.29738,0.016528,596603.5701917986
6616,206089.5170164,0.20805,0.022645,716674.728972538
6617,214314.082428,0.16702,0.033508,1170693.7981122087
6618,229161.6845206,0.049017,0.063824,2104997.5023748367
6619,248920.026006,0.0,0.097136,2664078.8354476546
6620,244369.2844258,0.0,0.11515,2442697.636445666
6621,232955.5076229,0.0,0.13264,2138767.51578192
6622,224163.2533529,0.0,0.16124,1939899.6590513205
6623,206287.977349,0.0,0.19452,1722270.6837612302
6624,193812.6685345,0.0,0.20347,1605951.7486923889
6625,193720.361403,0.0,0.19862,1568429.5115734078
6626,192635.7526086,0.0,0.19529,1489632.8136235476
6627,195160.3526535,0.0,0.17812,1489632.8136235476
6628,199323.4042816,0.0,0.12488,1575933.9589972042
6629,214577.1577526,0.0,0.10739,1677243.9992184527
6630,257103.0532084,0.0,0.12202,1846094.066253868
6631,283553.6617234,0.0,0.15237,2011191.909577384
6632,295798.2027093,0.10441,0.17686,2112501.9497986333
6633,297007.4261312,0.24464,0.25897,2026200.8044249765
6634,300468.9435604,0.31171,0.44286,1741031.8023207206
6635,305287.3758217,0.36569,0.53231,1065631.534179062
6636,301576.6291377,0.37779,0.57935,682904.7155654551
6637,298802.7998378,0.35369,0.58201,788974.5630931241
6638,295092.0531538,0.31723,0.59207,817590.2208218902
6639,291884.3803361,0.25652,0.60165,862557.6829670941
6640,284315.1955578,0.17881,0.59526,997460.069402706
6641,285067.4986791,0.15259,0.58143,1389903.3753972135
6642,292576.683822,0.042261,0.64713,2043975.5520547256
6643,309007.3532188,0.0,0.64388,2563145.3422766263
6644,296536.6597609,0.0,0.59867,2350571.8848629342
6645,277724.4663728,0.0,0.53956,2146174.329657462
6646,257195.3603398,0.0,0.49774,1978568.3343889744
6647,235221.6476998,0.0,0.47088,1827314.1435369249
6648,220766.3509158,0.0,0.46446,1774170.7791835018
6649,216709.4524889,0.0,0.46582,1737379.219246517
6650,212398.7094505,0.0,0.4707,1749643.072558845
6651,213760.2396393,0.0,0.4246,1810962.3391204868
6652,217521.7552456,0.0,0.33363,1909073.1656191132
6653,228520.149957,0.0,0.31709,1986744.236597193
6654,266536.8420419,0.0,0.31822,2101206.867512258
6655,294912.0542475,0.0,0.33081,2158438.18296979
6656,301853.550532,0.10759,0.3472,2150262.280761571
6657,302453.5468864,0.29095,0.3599,2023535.796534178
6658,308490.4332828,0.42973,0.39125,1721027.4148300788
6659,313401.1726755,0.52107,0.40343,1128274.5047342083
6660,309519.6577983,0.56157,0.38289,870733.585175313
6661,307904.2829981,0.55319,0.36344,772554.5527341203
6662,302873.5443344,0.49051,0.33383,800574.6660457203
6663,298373.5716766,0.39239,0.33045,844606.2726782351
6664,292068.994599,0.26993,0.30237,976701.092575779
6665,292285.9163579,0.18184,0.31542,1360976.9322777246
6666,296241.2769403,0.04166,0.41056,2001436.6651143013
6667,310008.885595,0.0,0.41649,2509801.578053334
6668,294958.2078132,0.0,0.36129,2301652.1648814464
6669,275324.4809553,0.0,0.28552,2101508.4983700165
6670,257223.0524793,0.0,0.25289,1937390.691830644
6671,233440.120063,0.0,0.23088,1789284.3786121851
6672,220826.3505513,0.0,0.19214,1737247.0253192135
6673,216630.9914272,0.0,0.12856,1701221.165347156
6674,209689.4951427,0.0,0.069616,1713229.7853378416
6675,212011.0194985,0.0,0.06014,1773272.885291271
6676,216192.5325528,0.0,0.056543,1869341.8452167567
6677,229138.6077377,0.0,0.053378,1945396.4384911004
6678,268378.3693142,0.0,0.053463,2057476.8917375016
6679,296227.4308705,0.0,0.055683,2113517.118360702
6680,302181.2408486,0.085514,0.054006,2105511.371700245
6681,300635.096397,0.18962,0.060357,1981422.2984631583
6682,303648.9242386,0.20224,0.057896,1685209.6720262414
6683,308351.9725856,0.32404,0.064543,1104793.039143094
6684,304105.8445392,0.43394,0.074819,852612.0193386922
6685,302430.4701035,0.51345,0.081127,492668.7414499869
6686,297335.1164479,0.46512,0.10997,499281.7446909264
6687,293841.2915227,0.38124,0.14578,525733.757654684
6688,286899.7952382,0.26937,0.17871,631541.8095097146
6689,288238.2486441,0.17802,0.29849,1031628.5055865496
6690,295424.358827,0.036199,0.48199,1854947.409083508
6691,310050.4238041,0.0,0.55863,2347616.150533495
6692,294473.5953731,0.0,0.52715,2152532.5549257817
6693,274498.3321288,0.0,0.44831,1884705.9236677352
6694,255123.0652389,0.0,0.37548,1709461.3377828407
6695,233430.8893498,0.0,0.31626,1517684.2437955972
6696,220383.2763203,0.0,0.26722,1415182.693561036
6697,216741.7599849,0.0,0.19308,1382117.677356339
6698,212597.1697831,0.0,0.15975,1312681.1433264753
6699,213238.7043466,0.0,0.15942,1312681.1433264753
6700,217563.2934548,0.0,0.14823,1388730.6805972783
6701,230287.8315242,0.0,0.15162,1478006.2243499607
6702,267626.0661929,0.0,0.16065,1626798.7972710975
6703,297279.732169,0.0,0.1772,1772284.8685717653
6704,304276.6127324,0.094206,0.18091,1861560.4123244472
6705,304581.2262661,0.27016,0.2036,1785510.8750536437
6706,308402.7415079,0.39322,0.28573,1534216.7518979458
6707,313770.4012013,0.50715,0.3658,939046.460213398
6708,309755.0409835,0.57922,0.43842,601783.2949254875
6709,303939.6917026,0.60438,0.47861,355749.41911567654
6710,298747.4155589,0.52208,0.46351,360524.5791038065
6711,295622.8191596,0.40345,0.37783,379625.219056326
6712,289129.0124626,0.26436,0.27998,456027.7788664042
6713,291805.9192744,0.17225,0.29526,744924.9581482623
6714,297847.4210274,0.032954,0.36977,1339432.3766704332
6715,308753.5086074,0.0,0.39812,1695181.79578611
6716,292521.2995431,0.0,0.38107,1554314.5761362785
6717,273224.4937149,0.0,0.33391,1360920.596617018
6718,255256.9105795,0.0,0.29022,1234378.8569315758
6719,231801.6684799,0.0,0.23964,1095899.2172758093
6720,219834.0488883,0.0,0.18743,1021884.2374597958
6721,216469.4539472,0.0,0.14945,998008.4375191464
6722,213626.3942987,0.0,0.13399,947869.2576437824
6723,215435.614075,0.0,0.13506,947869.2576437824
6724,220987.8880313,0.0,0.12466,1002783.5975072765
6725,234875.4959569,0.0,0.1123,1067248.2573470296
6726,271230.6596758,0.0,0.093195,1174689.3570799525
6727,299028.9523098,0.0,0.057214,1279742.8768188097
6728,306731.9824288,0.082238,0.035107,1344207.5366585634
6729,307936.5904941,0.21827,0.027094,1289293.1967950694
6730,312104.2574788,0.27865,0.030625,1107837.1172461335
6731,317061.1504372,0.3473,0.056428,678072.7183144441
6732,312002.7196342,0.38164,0.082387,434539.5589198197
6733,304235.0745232,0.38165,0.088764,346543.4948717366
6734,293135.1419672,0.34863,0.072622,351195.0854069278
6735,285625.9568243,0.2865,0.064994,369801.4475476921
6736,278767.5369581,0.20121,0.056078,444226.8961107496
6737,280198.2974955,0.14583,0.05214,725648.1234898111
6738,286502.874573,0.026145,0.06952,1304771.1451211022
6739,302688.9300716,0.0,0.11191,1651314.6399928392
6740,288676.7075185,0.0,0.18243,1514092.719204702
6741,271249.121102,0.0,0.27173,1325703.3025294624
6742,256890.7468061,0.0,0.33292,1202436.1533468985
6743,235355.4930404,0.0,0.3752,1067540.0278263567
6744,217429.4481142,0.0,0.39043,995440.3745308944
6745,207963.3517847,0.0,0.38559,972182.421854939
6746,201520.31401,0.0,0.3867,923340.7212354324
6747,203541.8401886,0.0,0.41027,923340.7212354324
6748,205618.750646,0.0,0.41912,976834.0123901304
6749,209504.8808798,0.0,0.39262,1039630.48461521
6750,213963.3153285,0.0,0.30746,1144291.2716570096
6751,225570.9371074,0.0,0.16666,1246626.2634312138
6752,237820.0934499,0.065649,0.078835,1309422.7356562938
6753,248380.029287,0.14214,0.041336,1255929.444501596
6754,254486.146032,0.1073,0.022854,1079169.0041643342
6755,256581.5179157,0.12736,0.013435,660525.8559971357
6756,250881.5525491,0.13034,0.0098931,423294.73870238976
6757,240464.6927658,0.11898,0.0095925,382078.3675815663
6758,234815.4963215,0.12704,0.0096207,387206.9362739363
6759,231524.7470855,0.11937,0.0080965,407721.2110434164
6760,229189.37666,0.094001,0.0,489778.3101213366
6761,234367.806734,0.10315,0.0,800056.7160097226
6762,245236.9714614,0.020524,0.0,1438563.5182097896
6763,261921.4854697,0.0,0.0,1820641.885791356
6764,249543.0991432,0.0,0.01446,1669349.109366441
6765,233573.9654036,0.0,0.03302,1461642.077325455
6766,223650.9487734,0.0,0.057574,1325735.0069776496
6767,205503.3667317,0.0,0.081196,1177006.514898919
6768,190572.6882208,0.0,0.09731,1097513.7001671835
6769,183848.1136952,0.0,0.1118,1071870.8567053336
6770,183363.5012551,0.0,0.1224,1018020.8854354484
6771,187415.7843254,0.0,0.13445,1018020.8854354484
6772,188578.8541816,0.0,0.13781,1076999.425397704
6773,189428.0797909,0.0,0.105,1146235.102744699
6774,188463.4702673,0.0,0.094316,1261627.8983230244
6775,189792.6929601,0.0,0.084275,1374456.4095551649
6776,198432.6404632,0.079688,0.068359,1443692.08690216
6777,206920.2811994,0.26644,0.060376,1384713.5469399046
6778,215532.536563,0.40932,0.063859,1189827.936629844
6779,224749.4036376,0.50756,0.069743,728256.7543165425
6780,219792.5106791,0.55377,0.080836,466699.7510056716
6781,208489.5024339,0.55014,0.10833,413218.02500876586
6782,199235.7125067,0.47019,0.12559,418764.5756800245
6783,195621.8883107,0.35702,0.11173,440950.7783650589
6784,196701.8817486,0.22689,0.10141,529695.5891051965
6785,208083.3510556,0.14532,0.16335,865261.9047163419
6786,225520.1681851,0.021188,0.27851,1555807.4632880378
6787,245393.8935848,0.0,0.38845,1969025.488296804
6788,236223.180076,0.0,0.46369,1805402.243494675
6789,227324.7726049,0.0,0.50601,1580766.9413087016
6790,222441.7253515,0.0,0.53994,1433783.3485203488
6791,205549.5202974,0.0,0.56022,1272933.3790538493
6792,195229.5830021,0.0,0.56081,1186961.8436493408
6793,192834.2129412,0.0,0.55842,1159229.090293048
6794,194869.5851895,0.0,0.55932,1100990.3082448326
6795,196932.6495772,0.0,0.56394,1100990.3082448326
6796,205203.3685545,0.0,0.54921,1164775.640964307
6797,217143.2960067,0.0,0.52673,1239654.0750262977
6798,256009.2137008,0.0,0.50898,1364451.465129616
6799,285570.5725454,0.0,0.48879,1486475.5798973057
6800,295396.6666876,0.076862,0.36194,1561354.0139592967
6801,296028.9705379,0.26907,0.26326,1497568.6812398226
6802,297565.8842765,0.42434,0.36451,1286799.7557319957
6803,300090.4843214,0.52328,0.44018,787610.1953187216
6804,296222.815514,0.56674,0.43409,504736.1110845328
6805,291067.4622229,0.55778,0.4223,348651.98394699383
6806,285021.3451134,0.4812,0.39933,353331.87634896697
6807,282469.052929,0.36931,0.31499,372051.4459568593
6808,277516.775327,0.23724,0.30896,446929.7243884283
6809,281319.8291425,0.14521,0.45422,730063.2147077991
6810,290989.0011612,0.01741,0.61138,1312709.8187534465
6811,307668.8998129,0.0,0.67448,1661361.8027004402
6812,291865.9189099,0.0,0.67509,1523304.9768422353
6813,274244.4875174,0.0,0.64781,1333769.3345623254
6814,257043.053573,0.0,0.60824,1209752.185910039
6815,235567.7994427,0.0,0.57783,1074035.30625282
6816,220794.0430553,0.0,0.55678,1001496.9740222372
6817,216455.6078774,0.0,0.55534,978097.512012372
6818,214632.5420314,0.0,0.55106,928958.6417916548
6819,217267.9106341,0.0,0.54617,928958.6417916548
6820,224869.4029085,0.0,0.50777,982777.4044143452
6821,236712.4078726,0.0,0.46077,1045955.9518409816
6822,265955.3071138,0.0,0.4357,1151253.5308853758
6823,293573.6008416,0.0,0.38394,1254211.1637287834
6824,300367.4057158,0.070777,0.26865,1317389.7111554197
6825,301890.4733846,0.25584,0.25782,1263570.9485327292
6826,304858.1476605,0.40528,0.2961,1085735.0372577526
6827,309131.9678463,0.5079,0.33045,664544.7210801763
6828,304424.3041427,0.55782,0.333,425870.2085795495
6829,299693.5636562,0.55671,0.32793,374360.4789922793
6830,293892.060445,0.46912,0.31717,379385.451864659
6831,289087.4742534,0.34868,0.2727,399485.34335417737
6832,284915.1919122,0.21396,0.24927,479884.90931225073
6833,287670.5597858,0.13181,0.35321,783895.7680912159
6834,297353.5778742,0.014572,0.4741,1409504.8907024746
6835,311338.1082878,0.0,0.51165,1783865.3696947538
6836,294861.2853252,0.0,0.49887,1635628.6699595563
6837,278112.1563248,0.0,0.46518,1432117.2686281828
6838,261653.7947885,0.0,0.40964,1298955.4875101238
6839,238793.9336867,0.0,0.3596,1153231.2742111157
6840,227666.3089912,0.0,0.31156,1075344.194689232
6841,221587.8843857,0.0,0.27758,1050219.330327334
6842,218814.0550858,0.0,0.25142,997457.1151673484
6843,222981.7220705,0.0,0.23447,997457.1151673484
6844,229793.988371,0.0,0.21192,1055244.3031997138
6845,241692.377614,0.0,0.19718,1123081.436976838
6846,272518.3441594,0.0,0.18998,1236143.3266053789
6847,294981.2845961,0.0,0.17995,1346692.72979773
6848,302725.8529241,0.064268,0.10193,1414529.8635748543
6849,304133.5366786,0.2512,0.046347,1356742.675542489
6850,307747.3608746,0.40373,0.027216,1165793.7063920645
6851,311642.7218215,0.49931,0.02946,713546.1478779016
6852,306579.6756619,0.54144,0.019655,457272.5313865426
6853,301036.6324187,0.53276,0.009793,375351.3684657887
6854,294298.2118234,0.45396,0.0,380389.64186801406
6855,288436.7089767,0.34191,0.0,400542.7354769155
6856,283475.2006617,0.21299,0.012513,481155.1099125211
6857,286285.9528141,0.12748,0.032377,785970.6507471548
6858,296402.8144203,0.010938,0.058297,1413235.689324211
6859,311721.1828833,0.0,0.073822,1788587.0577899995
6860,294755.132124,0.0,0.068231,1639957.992424352
6861,278693.6912529,0.0,0.041682,1435907.9196342253
6862,264030.7034232,0.0,0.018653,1302393.6744752536
6863,241563.14763,0.0,0.0097017,1156283.7458107185
6864,227933.9996724,0.0,0.0061181,1078190.5080762252
6865,224320.1754764,0.0,0.0,1052999.1410650983
6866,221297.1169216,0.0,0.0,1000097.2703417324
6867,223295.5663174,0.0,0.0,1000097.2703417324
6868,230066.2944087,0.0,0.0,1058037.414467324
6869,239260.0847005,0.0,0.0,1126054.1053973662
6870,269772.206999,0.0,0.0,1239415.2569474366
6871,295964.3555459,0.0,0.0,1350257.271796394
6872,305102.7615588,0.053564,0.0,1418273.9627264366
6873,307442.7473409,0.197,0.0,1360333.818600845
6874,312067.3346262,0.28293,0.0,1168879.429316281
6875,316631.922276,0.34796,0.0,715434.823116
6876,313119.6359246,0.37139,0.0,458482.879602507
6877,308111.9740438,0.35688,0.0,376514.7007398176
6878,301779.7048268,0.32036,0.0,381568.5893403521
6879,297441.269649,0.25565,0.0073387,401784.1437424899
6880,291219.7689898,0.17,0.014895,482646.3613510413
6881,294344.3653891,0.049461,0.040414,788406.6216833764
6882,304595.0723359,0.0,0.088589,1417615.7524499171
6883,312256.5642456,0.0,0.11987,1794130.4531897346
6884,295359.743835,0.0,0.12376,1645040.7394739685
6885,279044.4583524,0.0,0.11739,1440358.2511523224
6886,265203.0039925,0.0,0.09297,1306430.203238159
6887,243044.6770896,0.0,0.067216,1159867.4338226598
6888,228612.4570885,0.0,0.047195,1081532.1605143754
6889,221601.7304554,0.0,0.037719,1056262.717511703
6890,220304.8152586,0.0,0.036383,1003196.8872060912
6891,222607.8781881,0.0,0.040654,1003196.8872060912
6892,229277.0684349,0.0,0.043513,1061316.606112237
6893,240090.8488834,0.0,0.04491,1129544.1022194526
6894,268793.7514057,0.0,0.052181,1243256.5957314782
6895,296679.7358146,0.0,0.05645,1354442.1449432366
6896,306575.0603053,0.052628,0.049957,1422669.6410504517
6897,310221.1919973,0.23309,0.047867,1364549.9221443054
6898,315510.390629,0.38163,0.067984,1172502.1553239955
6899,319687.2883268,0.48658,0.12035,717652.181275894
6900,316530.3844314,0.54063,0.14833,459903.8626486363
6901,309616.5802864,0.5441,0.17179,399839.2844119967
6902,300768.9417375,0.46224,0.20168,405206.2546725605
6903,295941.2787631,0.34573,0.24188,426674.1357148153
6904,290698.2336971,0.21174,0.25334,512545.6598838348
6905,291713.612143,0.061068,0.36785,837247.3606479395
6906,300247.4064449,0.0,0.51788,1505435.1580881218
6907,303607.3860294,0.0,0.57056,1905274.4425001184
6908,281190.5991585,0.0,0.59214,1746948.819813489
6909,265383.0028988,0.0,0.59805,1529586.5242606588
6910,256041.5211968,0.0,0.60618,1387361.8123557202
6911,236841.6378566,0.0,0.5942,1231719.674799373
6912,219506.3585716,0.0,0.56225,1148531.635760635
6913,208651.0399139,0.0,0.53627,1121696.7844578165
6914,203846.4537223,0.0,0.51525,1065343.5967218974
6915,204760.2943236,0.0,0.49728,1065343.5967218974
6916,208872.5770294,0.0,0.45587,1127063.75471838
6917,208475.6563642,0.0,0.43565,1199517.85323599
6918,210880.2571383,0.0,0.4458,1320274.6840986738
6919,225432.4764103,0.0,0.47777,1438348.029831075
6920,242998.5235239,0.050307,0.4313,1510802.1283486858
6921,258939.9651241,0.23329,0.40066,1449081.970352203
6922,269998.359471,0.38952,0.5434,1245137.1004507816
6923,275624.4791325,0.48822,0.61903,762109.7770000475
6924,270866.0465066,0.5305,0.64674,488394.293711298
6925,261598.4105097,0.51987,0.67054,311906.11910916003
6926,254246.1474902,0.43186,0.68833,316092.7784260616
6927,251084.6282383,0.31304,0.71551,332839.4156936675
6928,248098.4925361,0.18309,0.75589,399825.9647640911
6929,253364.614385,0.0507,0.84923,653118.8534366303
6930,265304.5418371,0.0,0.89151,1174357.938390864
6931,267344.529442,0.0,0.89029,1486264.057500024
6932,249667.7137707,0.0,0.87042,1362757.607651431
6933,235793.9519148,0.0,0.83708,1193197.9053169212
6934,230892.4432351,0.0,0.79674,1082251.4334190318
6935,218454.0572732,0.0,0.75362,960838.3132288893
6936,203144.9195233,0.0,0.71602,895945.093816916
6937,194292.665618,0.0,0.68548,875011.7972324087
6938,189492.6947829,0.0,0.65915,831051.8744049432
6939,191731.1427204,0.0,0.64127,831051.8744049432
6940,194112.6667116,0.0,0.63516,879198.4565493104
6941,193208.0568235,0.0,0.65479,935718.35732748
6942,190138.844703,0.0,0.67411,1029918.1919577634
6943,192686.5215308,0.0,0.68409,1122024.696929596
6944,202420.3085415,0.047389,0.61787,1178544.597707766
6945,217900.2144845,0.2288,0.57229,1130398.0155633988
6946,232000.1288125,0.38539,0.71051,971304.9615211426
6947,245153.8950431,0.48686,0.76669,594505.6230000098
6948,243510.8281034,0.53218,0.76886,380985.9978380344
6949,233361.6590012,0.52407,0.73408,146768.7170760023
6950,226503.239135,0.43446,0.71168,143862.40584677455
6951,220784.8123421,0.31347,0.70729,158393.9619929134
6952,217327.9102696,0.18151,0.67781,223785.96465053817
6953,223249.4127517,0.048817,0.73733,450478.24053030415
6954,240695.4605944,0.0,0.82764,1007036.8409274218
6955,251223.0889355,0.0,0.84998,1291855.3413917434
6956,240538.5384709,0.0,0.84442,1049178.3537512245
6957,234977.0338015,0.0,0.83715,868987.0575391029
6958,235226.2630564,0.0,0.82352,868987.0575391029
6959,220337.1227546,0.0,0.80675,693155.2281708228
6960,208757.1931151,0.0,0.76942,690248.9169415951
6961,201866.4657529,0.0,0.7222,640841.6260447231
6962,203274.1495074,0.0,0.67556,558011.7560117316
6963,205807.9802655,0.0,0.61774,527495.4881048399
6964,212380.2480242,0.0,0.54099,508604.4651148596
6965,224874.018265,0.0,0.47954,563824.3784701871
6966,258496.8908932,0.0,0.49238,604512.7356793758
6967,289147.4738889,0.0,0.53453,691702.072556209
6968,300815.0953033,0.040724,0.52418,765813.0089015169
6969,304802.7633816,0.21492,0.56416,770172.4757453587
6970,309413.5045972,0.36065,0.75439,645201.0928885647
6971,313848.862263,0.46435,0.87218,425774.5950818681
6972,310701.1890808,0.51557,0.912,232504.8983382215
6973,307119.6723808,0.51512,0.91859,129740.6244135372
6974,300404.3285683,0.42095,0.91829,127171.50313802162
6975,296610.505466,0.29731,0.90512,140017.10951559956
6976,288565.9389608,0.16636,0.86698,197822.33821470028
6977,289424.3952832,0.043053,0.88991,398213.79770491616
6978,302218.1637012,0.0,0.90203,890200.5219661513
6979,310996.5719014,0.0,0.89168,1141974.406966679
6980,293822.8300965,0.0,0.86823,927452.7804611272
6981,278435.2312849,0.0,0.84183,768167.2613791608
6982,265830.6924863,0.0,0.82357,768167.2613791608
6983,244710.8208122,0.0,0.79637,612735.4242104677
6984,231764.7456273,0.0,0.76208,610166.3029349522
6985,228875.5324131,0.0,0.74045,566491.2412511872
6986,224763.2497073,0.0,0.73054,493271.28489899286
6987,226844.7755214,0.0,0.72091,466295.5115060792
6988,233597.0421864,0.0,0.71974,449596.223215228
6989,244563.1294019,0.0,0.71714,498409.52745002415
6990,272056.8085022,0.0,0.70856,534377.2253072422
6991,300335.0982198,0.0,0.6883,611450.86357271
6992,310982.7258317,0.032261,0.61242,676963.4560983574
6993,312722.7152594,0.14905,0.52648,680817.1380116307
6994,318233.4510066,0.19638,0.48129,570344.9231644606
6995,321625.7380871,0.20431,0.48558,376376.2668630336
6996,318953.4466318,0.1677,0.46797,205529.70204124704
6997,316682.6911983,0.10352,0.40404,122334.14327794054
6998,311296.5700786,0.083725,0.34841,119911.68499520904
6999,307068.9034585,0.057937,0.32179,132023.9764088665
7000,299582.7950985,0.031061,0.34517,186529.2877703252
7001,298650.4930709,0.0056685,0.38914,375481.0338233818
7002,307562.7466118,0.0,0.44319,839381.7949664633
7003,312635.0234846,0.0,0.51667,1076782.70667415
7004,294247.4429011,0.0,0.53375,874507.4400660698
7005,279445.9943742,0.0,0.5218,724315.0265367173
7006,265886.0767652,0.0,0.54226,724315.0265367173
7007,247096.96016,0.0,0.60313,577756.3004314617
7008,231967.8213164,0.0,0.67462,575333.8421487303
7009,228044.7682301,0.0,0.72577,534152.0513422948
7010,226692.4687545,0.0,0.72629,465111.9902844472
7011,224975.5561096,0.0,0.67278,439676.1783157665
7012,229669.3737435,0.0,0.69555,423930.1994780118
7013,240372.3856343,0.0,0.75888,469956.90684991016
7014,268249.1393301,0.0,0.80581,503871.3228081511
7015,298082.8042126,0.0,0.86903,576545.0712900959
7016,308439.6643605,0.031253,0.89147,638317.7574997491
7017,311079.6483197,0.16999,0.88945,641951.4449238463
7018,316585.7687103,0.26683,0.89482,537785.7387663921
7019,321178.0484996,0.32424,0.92029,354890.1384201641
7020,318542.6798969,0.33414,0.9412,193796.66261851965
7021,316438.0773,0.30389,0.93182,116122.52124497973
7022,311688.8753873,0.26081,0.90884,113823.06537874248
7023,304322.7662981,0.19496,0.86756,125320.34470992858
7024,297279.732169,0.11662,0.79832,177058.1017002661
7025,299435.1036882,0.027164,0.68058,356415.6592667694
7026,313770.4012013,0.0,0.54636,796761.4576511973
7027,320633.4364241,0.0,0.40324,1022108.1325424452
7028,308836.5850257,0.0,0.28038,830103.5677116372
7029,297404.3467964,0.0,0.18314,687537.3040049293
7030,287255.1776943,0.0,0.12555,687537.3040049293
7031,267815.2958124,0.0,0.10221,548420.2240975774
7032,255699.9848105,0.0,0.083891,546120.7682313402
7033,249658.4830575,0.0,0.074721,507030.0185053074
7034,245606.1999872,0.0,0.074909,441495.5263175466
7035,244664.6672464,0.0,0.087219,417351.2397220558
7036,243349.2906234,0.0,0.13177,402404.7765915139
7037,246298.503473,0.0,0.18975,446094.43805002107
7038,275361.4038078,0.0,0.2166,478286.8201773421
7039,303999.6913381,0.0,0.23684,547270.4961644589
7040,310719.6505071,0.021284,0.22376,605906.620753508
7041,311481.1843415,0.10387,0.18925,609355.8045528638
7042,316811.9211824,0.10203,0.21613,510479.2023046633
7043,322156.5040929,0.12882,0.33789,336870.284403753
7044,320042.6707829,0.13677,0.52625,183956.46929897772
7045,315178.0849558,0.1277,0.65426,107572.22834799236
7046,306127.3707178,0.10259,0.7274,105442.08521238856
7047,301055.093845,0.069835,0.78448,116092.8008904076
7048,294995.1306658,0.036243,0.86506,164021.02144149333
7049,297422.8082227,0.0062841,0.92658,330172.1860185904
7050,312376.5635165,0.0,0.95636,738094.59648672
7051,327261.0884617,0.0,0.96632,946848.6237758932
7052,313835.0161933,0.0,0.9682,768981.6719529751
7053,301862.7812451,0.0,0.96474,636912.797545539
7054,289429.0106398,0.0,0.94825,636912.797545539
7055,270482.9719111,0.0,0.91485,508039.13784150855
7056,258178.4312897,0.0,0.8854,505908.9947059048
7057,254153.8403588,0.0,0.88008,469696.56140064
7058,250286.1715513,0.0,0.92499,408987.4820359313
7059,250092.3265753,0.0,0.95913,386620.9791120914
7060,251800.008507,0.0,0.97648,372775.0487306667
7061,260961.4913027,0.0,0.98323,413247.7683071391
7062,285330.5740037,0.0,0.98503,443069.7722055923
7063,309898.1170373,0.0,0.98357,506974.0662737066
7064,316931.9204532,0.021937,0.97809,561292.7162316038
7065,317134.9961424,0.13598,0.97009,564487.9309350095
7066,319779.5954582,0.20003,0.95004,472891.77610404574
7067,322313.4262164,0.22992,0.934,312065.96936595807
7068,319133.4455381,0.21643,0.92406,170411.45084830475
7069,312408.8710125,0.17148,0.90994,112972.02708679478
7070,305379.6829531,0.13729,0.84064,110734.95724349194
7071,299181.2590767,0.093302,0.71319,121920.30646000624
7072,292701.2984494,0.048161,0.57892,172254.37793432077
7073,293472.062997,0.0085037,0.45708,346745.82571194443
7074,304461.2269953,0.0,0.3693,775144.7007044434
7075,306990.4423968,0.0,0.27628,994377.5453481243
7076,289618.2402592,0.0,0.19609,807582.2134323351
7077,274858.3299415,0.0,0.12715,668883.8831475573
7078,266042.9988887,0.0,0.084561,668883.8831475573
7079,247696.9565143,0.0,0.063294,533541.1576277337
7080,231026.2885757,0.0,0.049407,531304.087784431
7081,223244.7973951,0.0,0.043722,493273.9004482821
7082,217415.6020444,0.0,0.041414,429517.4099141504
7083,214655.6188143,0.0,0.04348,406028.1765594703
7084,214558.6963263,0.0,0.052251,391487.2225780017
7085,215435.614075,0.0,0.082537,433991.54960075615
7086,216884.8360387,0.0,0.13013,465310.5274069963
7087,228866.3017,0.0,0.16024,532422.6227060824
7088,245223.1253917,0.016198,0.13846,589467.9037103055
7089,256341.519374,0.10334,0.11416,592823.5084752596
7090,263924.550222,0.11549,0.099847,496629.5052132365
7091,268281.4468262,0.15908,0.077521,327730.73204387
7092,264003.0112838,0.18414,0.060355,178965.58746422935
7093,255090.7577429,0.18872,0.047923,119544.61935569045
7094,248587.7203328,0.15104,0.035468,117177.39917042926
7095,245583.1232043,0.10229,0.028099,129013.5000967352
7096,244960.0500671,0.052369,0.02135,182275.95426511212
7097,253641.5357793,0.0090764,0.015636,366919.1287154855
7098,271572.1960621,0.0,0.009547,820241.7941930047
7099,272006.0395799,0.0,0.0,1052229.3723486022
7100,254476.9153188,0.0,0.0,854566.486879292
7101,245647.7381963,0.0,0.0,707798.8353930977
7102,239818.5428457,0.0,0.0068729,707798.8353930977
7103,224130.9458569,0.0,0.018643,564582.0141847954
7104,209878.7247621,0.0,0.037662,562214.7939995342
7105,202480.308177,0.0,0.054826,521972.0508500939
7106,203527.9941188,0.0,0.06437,454506.27557014977
7107,202780.3063541,0.0,0.073152,429650.46362490713
7108,205807.9802655,0.0,0.073121,414263.53242070944
7109,206241.8237833,0.0,0.060952,459240.7159406722
7110,206149.5166518,0.0,0.051714,492381.7985343289
7111,213017.1672312,0.0,0.04588,563398.4040921648
7112,223346.3352397,0.013749,0.049556,623762.5188163252
7113,235729.3369228,0.080727,0.068476,627313.3490942171
7114,250853.8604097,0.054839,0.093262,525522.8811279857
7115,263283.0156585,0.06994,0.15739,346797.75714076526
7116,264616.8537079,0.073423,0.33927,189377.61482089572
7117,255201.5263007,0.066859,0.57692,118668.2772948496
7118,245172.3564694,0.053736,0.74446,116318.41041772388
7119,239615.4671565,0.036191,0.83005,128067.74480335256
7120,237349.3270796,0.017839,0.88662,180939.7495386816
7121,240053.9260309,0.0012759,0.94484,364229.3659544889
7122,255949.2140654,0.0,0.96551,814228.8729240672
7123,262004.561888,0.0,0.96892,1044515.8268823894
7124,250415.4015353,0.0,0.97119,848301.9426423905
7125,242956.9853147,0.0,0.97435,702610.1962605948
7126,241373.9180105,0.0,0.97635,702610.1962605948
7127,225160.1703725,0.0,0.97786,560443.2501944877
7128,215818.6886705,0.0,0.98032,558093.3833173622
7129,209800.2637004,0.0,0.98282,518145.64640622464
7130,211309.4852995,0.0,0.98313,451174.4404081411
7131,215744.8429653,0.0,0.97726,426500.83819832094
7132,219455.5896493,0.0,0.97796,411226.7034970037
7133,229475.5287675,0.0,0.98196,455874.1741623926
7134,267492.2208523,0.0,0.98587,488772.3104421529
7135,299675.1022299,0.0,0.99084,559268.3167559251
7136,308582.7404142,0.011964,0.99574,619189.9221226312
7137,310461.1905391,0.080457,0.99746,622714.7224383198
7138,312085.7960525,0.068294,0.99782,521670.4467219132
7139,314951.9324838,0.088798,0.99795,344255.4974989202
7140,311845.7975107,0.095057,0.99769,187989.35017005884
7141,311135.0325986,0.088457,0.99681,257662.4469808799
7142,307036.5959625,0.093263,0.99606,261121.0033161937
7143,302453.5468864,0.083188,0.99565,274955.22865744896
7144,294182.8279091,0.057018,0.99532,330292.1300224702
7145,295281.2827733,0.0088505,0.99459,539534.7883089565
7146,310571.9590968,0.0,0.99481,970125.0520555276
7147,317633.4546522,0.0,0.99422,1227787.499036407
7148,301899.7040977,0.0,0.99383,1125760.0871446498
7149,287762.8669172,0.0,0.99364,985688.5555644396
7150,275130.6359792,0.0,0.99444,894036.8126786235
7151,255478.447695,0.0,0.99531,793738.6789545226
7152,242278.5278986,0.0,0.99526,740131.0557571583
7153,238323.1673163,0.0,0.99451,722838.2740805892
7154,234340.1145945,0.0,0.99369,686523.432559794
7155,236029.3350999,0.0,0.99241,686523.432559794
7156,239375.4686148,0.0,0.98865,726296.830415903
7157,248652.3353248,0.0,0.98148,772987.3409426395
7158,280618.2949435,0.0,0.96811,850804.8584872007
7159,311795.0285884,0.0,0.94915,926893.0978641048
7160,315501.1599159,0.012184,0.91408,973583.6083908416
7161,309353.5049618,0.13838,0.85164,933810.2105347326
7162,308135.0508267,0.24381,0.79916,802385.069792807
7163,311822.7207279,0.30261,0.81527,491114.999614563
7164,308702.7396851,0.31155,0.82429,314728.626513558
7165,306796.5974208,0.279,0.75646,274056.1351782005
7166,301521.2448588,0.2179,0.64668,277734.74101951864
7167,297852.0363839,0.14216,0.44081,292449.1643847912
7168,293005.9119832,0.068135,0.24227,351306.8578458812
7169,294575.1332177,0.010206,0.16728,573862.511245628
7170,313738.0937053,0.0,0.1491,1031848.9384897348
7171,316470.384796,0.0,0.16312,1305905.073667935
7172,300427.4053512,0.0,0.19415,1197386.2013490507
7173,285685.9564597,0.0,0.21046,1048402.6647756664
7174,272352.1913228,0.0,0.22398,950919.6099807362
7175,251620.0096007,0.0,0.22893,844240.0405825104
7176,237349.3270796,0.0,0.22702,787221.6500420794
7177,232000.1288125,0.0,0.22676,768828.6208354887
7178,229447.8366281,0.0,0.23153,730203.2595016484
7179,231843.206689,0.0,0.2039,730203.2595016484
7180,236781.6382212,0.0,0.14012,772507.2266768069
7181,246940.0380365,0.0,0.11688,822168.4055346015
7182,280313.6814098,0.0,0.11419,904937.0369642596
7183,307927.359781,0.0,0.12375,985866.3654732584
7184,315099.6238941,0.011461,0.14265,1035527.5443310532
7185,313198.0969864,0.15145,0.16399,993223.5771558944
7186,315764.2352405,0.29585,0.1848,853436.5551858057
7187,318358.065634,0.38806,0.25728,522362.0294671743
7188,314670.3957329,0.42602,0.32003,334753.13155994966
7189,311873.4896501,0.41423,0.41281,141767.421317036
7190,307147.3645203,0.32684,0.45757,138960.14564739174
7191,303044.3125276,0.21631,0.48839,152996.5239956131
7192,297233.5786033,0.10557,0.60998,216160.2265626093
7193,301027.4017056,0.016667,0.74115,435127.72879486287
7194,316982.6893755,0.0,0.80358,972721.019531742
7195,317702.6850008,0.0,0.83099,1247834.0351568812
7196,299744.3325785,0.0,0.84062,1013426.516741584
7197,284273.6573487,0.0,0.83959,839375.4252236388
7198,270058.3591064,0.0,0.83286,839375.4252236388
7199,249806.1744678,0.0,0.82102,669535.24721016
7200,235863.1822633,0.0,0.80059,666727.9715405157
7201,230121.6786876,0.0,0.77611,619004.285156563
7202,226143.2413224,0.0,0.75761,538996.9285717012
7203,226461.7009259,0.0,0.74613,509520.53404043627
7204,231007.8271494,0.0,0.71976,491273.2421877485
7205,240704.6913075,0.0,0.69943,544611.4799109898
7206,275398.3266604,0.0,0.68771,583913.3392860095
7207,306141.2167875,0.0,0.71259,668131.609375338
7208,314393.4743385,0.010401,0.73416,739717.1389512669
7209,311836.5667976,0.14999,0.70836,743928.0524557333
7210,314587.3193146,0.30023,0.71218,623215.1986610295
7211,318182.6820843,0.3919,0.78333,411265.88560288656
7212,313899.6311853,0.42629,0.77757,224582.0535715421
7213,310031.9623779,0.40868,0.76386,117832.10372018508
7214,304193.5363141,0.30822,0.67707,115498.79473562696
7215,300916.6331479,0.18991,0.5777,127165.33965841756
7216,295493.5891756,0.081605,0.48498,179664.7918109753
7217,298627.4162881,0.011649,0.47116,361662.8926065086
7218,314619.6268106,0.0,0.47277,808491.5631493888
7219,315556.5441947,0.0,0.4511,1037155.8436360848
7220,300468.9435604,0.0,0.40223,842324.5434254813
7221,284947.4994082,0.0,0.33944,697659.386382878
7222,271050.6607694,0.0,0.28492,697659.386382878
7223,248827.7188745,0.0,0.25022,556494.1928171116
7224,235978.5661777,0.0,0.24762,554160.8838325535
7225,230273.9854545,0.0,0.29959,514494.6310950655
7226,227472.4640152,0.0,0.39053,447995.3250351591
7227,228455.534965,0.0,0.47957,423495.58069729886
7228,235018.5720106,0.0,0.55662,408329.0722976711
7229,244613.8983241,0.0,0.61189,452661.9430042753
7230,275518.3259313,0.0,0.64128,485328.268788089
7231,306953.5195442,0.0,0.63951,555327.5383248327
7232,312090.411409,0.0059154,0.57045,614826.9174310646
7233,306611.9831579,0.11404,0.42699,618326.8809079018
7234,305979.6793075,0.20594,0.32844,517994.5945719028
7235,306256.6007018,0.29168,0.32122,341829.7662377646
7236,300653.5578232,0.34211,0.26717,186664.7187646496
7237,294782.8242635,0.35329,0.2066,144238.38983142498
7238,288870.5524945,0.27259,0.15471,141382.1840921889
7239,283055.2032136,0.1738,0.11371,155663.2127883695
7240,280092.1442943,0.079063,0.14903,219927.84192118264
7241,285736.725382,0.01015,0.26283,442711.8895816014
7242,306939.6734745,0.0,0.37948,989675.288645322
7243,308928.8921571,0.0,0.45848,1269583.4510904634
7244,289996.6994981,0.0,0.51634,1031090.271864246
7245,273386.031195,0.0,0.56583,854005.5160316053
7246,263490.7067043,0.0,0.60558,854005.5160316053
7247,244189.2855195,0.0,0.59621,681205.0688078188
7248,227647.8475649,0.0,0.56047,678348.8630685828
7249,222755.5695984,0.0,0.53018,629793.3655015684
7250,219146.360759,0.0,0.50524,548391.5019333385
7251,217701.7541519,0.0,0.48082,518401.3416713591
7252,218744.8247372,0.0,0.47759,499836.0043663242
7253,217023.2967358,0.0,0.48927,554103.9134118109
7254,217872.5223451,0.0,0.50928,594090.7937611167
7255,232415.5109039,0.0,0.54108,679776.9659382009
7256,245278.5096705,0.0059004,0.53828,752610.2122887223
7257,255003.0659681,0.13796,0.46221,756894.5208975765
7258,261492.2573085,0.29188,0.41674,634077.6741104227
7259,263550.7063397,0.39148,0.46655,418434.1407980942
7260,259719.9603848,0.43494,0.53796,228496.45913889105
7261,252003.0841962,0.4255,0.57899,360886.24656738114
7262,245453.8932203,0.33403,0.58495,365730.3572595608
7263,242084.6829226,0.21808,0.59628,385106.8000282793
7264,241452.3790722,0.10247,0.67771,462612.571103153
7265,249824.6358941,0.013377,0.76477,755681.2679800196
7266,267986.0640055,0.0,0.81096,1358773.0491563813
7267,266832.2248625,0.0,0.82265,1719659.2957237624
7268,249616.9448484,0.0,0.81247,1576758.030304464
7269,236546.255036,0.0,0.79174,1380571.5472711895
7270,232840.1237086,0.0,0.7562,1252202.61392843
7271,215463.3062144,0.0,0.69494,1111723.403855221
7272,201543.3907928,0.0,0.61145,1036639.688126437
7273,193508.0550007,0.0,0.52489,1012419.1346655388
7274,189363.4647989,0.0,0.42537,961555.9723976532
7275,187761.9360684,0.0,0.31047,961555.9723976532
7276,192451.1383457,0.0,0.25913,1017263.2453577188
7277,192681.9061743,0.0,0.26283,1082658.7397021432
7278,190900.3785374,0.0,0.30566,1191651.2302761846
7279,190268.074687,0.0,0.37298,1298221.665504136
7280,200218.7834566,0.0021919,0.4316,1363617.1598485613
7281,212675.6308448,0.098098,0.44427,1307909.8868884954
7282,222127.8811046,0.17641,0.52716,1123833.6805856703
7283,229973.9872773,0.24976,0.67849,687863.718289505
7284,239232.392561,0.29027,0.80463,440814.0729883448
7285,234123.1928356,0.29592,0.84677,381427.1235406146
7286,223235.5666819,0.22124,0.86428,386546.9507022337
7287,217443.2941839,0.13366,0.87289,407026.2593487096
7288,217180.2188593,0.054507,0.85137,488943.49393461336
7289,220803.2737684,0.00506,0.85187,798693.037212562
7290,244267.7465812,0.0,0.8629,1436111.5188341262
7291,249501.5609341,0.0,0.85301,1817538.642374741
7292,241724.68511,0.0,0.81962,1666503.7411069807
7293,229064.7620326,0.0,0.76546,1459150.7410614118
7294,222889.414939,0.0,0.69591,1323475.3212785083
7295,220092.5088563,0.0,0.58252,1175000.3335915578
7296,202503.3849598,0.0,0.46016,1095643.0125864632
7297,192958.8275686,0.0,0.40488,1070043.8767783684
7298,189391.1569383,0.0,0.3564,1016285.6915813691
7299,191684.9891547,0.0,0.22273,1016285.6915813691
7300,194814.2009106,0.0,0.13838,1075163.7039399876
7301,200426.4745023,0.0,0.22368,1144281.370621844
7302,201404.9300956,0.0,0.39867,1259477.481758271
7303,213178.7047112,0.0,0.49438,1372113.679313889
7304,226281.7020196,0.0017129,0.51451,1441231.3459957454
7305,235263.185909,0.094172,0.57167,1382353.333637127
7306,240497.0002618,0.17384,0.71348,1187799.9014956052
7307,243349.2906234,0.25796,0.83602,727015.4569498965
7308,249953.8658781,0.31249,0.88783,465904.271707328
7309,247198.4980046,0.33084,0.91102,340665.80552759283
7310,243016.9849502,0.26416,0.9044,345238.50090380217
7311,239749.3124971,0.17565,0.86364,363529.2824086394
7312,240104.6949532,0.083927,0.84178,436692.4084279881
7313,247595.4186698,0.0089912,0.83751,713340.4786886508
7314,271581.4267752,0.0,0.8073,1282641.0530267083
7315,278361.3855797,0.0,0.74691,1623306.8585543016
7316,272306.0377571,0.0,0.6465,1488412.3449561272
7317,258358.430196,0.0,0.52891,1303218.1822196506
7318,246760.0391302,0.0,0.3639,1182041.7547501042
7319,239426.237537,0.0,0.26483,1049433.5888400343
7320,221177.1176508,0.0,0.2441,978556.8105087902
7321,208157.1967607,0.0,0.19428,955693.3336277438
7322,204077.2215509,0.0,0.18234,907680.032177546
7323,202318.7706969,0.0,0.21436,907680.032177546
7324,205974.1331021,0.0,0.29814,960266.0290039532
7325,213321.7807649,0.0,0.46042,1021997.4165827786
7326,226267.8559498,0.0,0.63819,1124883.062547488
7327,266901.4552111,0.0,0.74298,1225482.3608240923
7328,296952.0418524,0.00078747,0.80698,1287213.748402918
7329,307355.055566,0.062503,0.84595,1234627.751576511
7330,310576.5744534,0.072059,0.8642,1060865.3272805577
7331,316013.4644954,0.10521,0.87723,649322.7434217206
7332,322456.5022701,0.12377,0.87072,416115.2792350464
7333,319331.9058707,0.12554,0.80964,163728.65931639227
7334,316345.7701686,0.09635,0.69219,160486.50764676073
7335,312191.9492536,0.060192,0.57984,176697.2659949184
7336,311679.6446741,0.025421,0.57791,249645.67856162775
7337,311693.4907438,0.00054698,0.62319,502533.5087928871
7338,327662.6244835,0.0,0.65996,1123405.5535273252
7339,328054.9297921,0.0,0.68442,1441136.417151215
7340,319004.2155541,0.0,0.71114,1170416.7527369822
7341,300745.8649547,0.0,0.76531,969403.3492198272
7342,284213.6577132,0.0,0.81435,969403.3492198272
7343,268715.2903439,0.0,0.86183,773253.1732071198
7344,245195.4332522,0.0,0.89826,770011.0215374883
7345,225330.9385657,0.0,0.91509,714894.4431537524
7346,223678.6409129,0.0,0.90455,622493.1205692536
7347,222700.1853196,0.0,0.90097,588450.5280381227
7348,226706.3148242,0.0,0.88886,567376.5421855177
7349,234150.8849751,0.0,0.86351,628977.4239085168
7350,243432.3670417,0.0,0.84318,674367.5472833582
7351,279810.6075434,0.0,0.85027,771632.0973723042
7352,308107.3586873,0.0,0.87595,854306.964947908
7353,317753.4539231,0.11112,0.90747,859170.1924523553
7354,317047.3043675,0.25262,0.91952,719757.6706581996
7355,320647.2824938,0.32199,0.94278,474975.2196010191
7356,327021.08992,0.32843,0.9574,259372.1335705224
7357,322331.8876426,0.28497,0.96188,121773.1820700799
7358,317305.7643356,0.23898,0.96653,119361.83193007832
7359,305407.3750926,0.16862,0.97296,131418.58263008622
7360,306385.8306859,0.086057,0.97864,185673.96078012185
7361,307110.4416677,0.0076554,0.97991,373759.2717002452
7362,322811.8847262,0.0,0.98067,835532.8235105482
7363,322364.1951387,0.0,0.98369,1071845.1372307034
7364,312981.1752275,0.0,0.98478,870497.4005405711
7365,296305.8919323,0.0,0.98435,720993.691860473
7366,280364.4503321,0.0,0.98095,720993.691860473
7367,266555.3034682,0.0,0.97725,575107.0083903774
7368,239407.7761108,0.0,0.97174,572695.6582503758
7369,221574.038316,0.0,0.95816,531702.7058703488
7370,217295.6027736,0.0,0.92738,462979.2268803037
7371,215910.9958019,0.0,0.88509,437660.0504102871
7372,220572.5059398,0.0,0.83262,421986.2745002769
7373,228289.3821284,0.0,0.76374,467801.92716030695
7374,239121.6240033,0.0,0.75384,501560.82912032906
7375,273104.4944441,0.0,0.77359,573901.3333203766
7376,300459.7128472,0.0,0.73262,635390.7618904168
7377,309242.736404,0.078462,0.60785,639007.7871004193
7378,317901.1453334,0.14912,0.42151,535319.7310803513
7379,321044.203159,0.20072,0.41807,353262.7955102318
7380,325018.0251676,0.21667,0.45208,192908.01120012655
7381,324311.8756121,0.20108,0.4659,109748.83921315432
7382,323587.2646303,0.14998,0.41178,107575.5948722998
7383,320651.8978504,0.089423,0.33788,118441.81657657251
7384,317351.9179013,0.034698,0.28557,167339.81424579967
7385,320231.9004023,0.0013249,0.31304,336852.8728324539
7386,333524.1273301,0.0,0.34415,753029.1641060986
7387,336164.1112894,0.0,0.36285,966007.1095098438
7388,330934.9122931,0.0,0.40335,784541.2070484895
7389,314047.3225956,0.0,0.4582,649800.0579155078
7390,299116.6440847,0.0,0.52978,649800.0579155078
7391,285049.0372528,0.0,0.59116,518318.77529380814
7392,261312.2584022,0.0,0.63919,516145.5309529536
7393,250276.9408382,0.0,0.65297,479200.3771584265
7394,243395.4441891,0.0,0.64033,417262.9134440719
7395,239135.470073,0.0,0.62861,394443.8478650992
7396,239749.3124971,0.0,0.61061,380317.7596495448
7397,246787.7312696,0.0,0.61487,421609.402125781
7398,261321.4891153,0.0,0.63195,452034.8228977446
7399,295927.4326934,0.0,0.66484,517232.15312338097
7400,318404.2191997,0.0,0.70249,572649.8838151717
7401,322664.1933158,0.096261,0.70399,575909.7503264534
7402,318953.4466318,0.22915,0.75965,482460.24366970826
7403,321104.2027945,0.28799,0.79807,318380.2959351903
7404,324505.7205881,0.28397,0.82271,173859.54726836333
7405,318611.9102455,0.23269,0.80773,111088.56362162047
7406,313170.4048469,0.18499,0.74715,108888.79008455871
7407,307253.5177214,0.12087,0.66533,119887.65776986766
7408,305328.9140308,0.054448,0.59333,169382.56235375797
7409,306796.5974208,0.0028801,0.53878,340964.8982445777
7410,321584.199878,0.0,0.51007,762221.5305919109
7411,320047.2861394,0.0,0.49154,977799.3372239664
7412,308836.5850257,0.0,0.48532,794118.2468793069
7413,288293.632923,0.0,0.48195,657732.2875814758
7414,271050.6607694,0.0,0.50161,657732.2875814758
7415,259258.4247276,0.0,0.54918,524645.9885892373
7416,240880.0748573,0.0,0.59634,522446.2150521756
7417,223023.2602796,0.0,0.61899,485050.0649221251
7418,214046.3917468,0.0,0.61432,422356.519115864
7419,211618.7141898,0.0,0.63729,399258.8969767152
7420,214263.3135057,0.0,0.6584,384960.3689858136
7421,215837.1500968,0.0,0.67296,426756.0661899877
7422,217424.8327576,0.0,0.69547,457552.8957088526
7423,219294.0521693,0.0,0.72375,523546.1018207065
7424,230458.5997174,0.0,0.74846,579640.3270157821
7425,242693.9099901,0.10601,0.76014,582939.9873213748
7426,256133.8283282,0.28151,0.78016,488349.7252277178
7427,265586.078588,0.39306,0.84905,322266.8231795525
7428,271858.3481696,0.44109,0.88358,175981.88296494333
7429,264723.006909,0.42961,0.90412,106666.08273904688
7430,256881.5160929,0.29187,0.90394,104553.88308084794
7431,250660.0154337,0.14571,0.88558,115114.88137184268
7432,249676.9444838,0.035973,0.89528,162639.373681319
7433,256299.9811648,0.00085018,0.90352,327390.947020837
7434,275246.0198935,0.0,0.91231,731877.1815659355
7435,277318.3149944,0.0,0.9156,938872.7480694324
7436,267912.2183004,0.0,0.9123,762504.0766098202
7437,248541.5667671,0.0,0.90424,631547.6978014854
7438,236273.9489983,0.0,0.90022,631547.6978014854
7439,232027.8209519,0.0,0.89586,503759.6184804491
7440,217572.5241679,0.0,0.88148,501647.4188222502
7441,202032.6185895,0.0,0.85994,465740.02463286807
7442,195594.1961713,0.0,0.83837,405542.33437419793
7443,192668.0601046,0.0,0.81205,383364.2379631091
7444,192395.7540668,0.0,0.75098,369634.940184816
7445,195003.4305301,0.0,0.6787,409766.7336905959
7446,192663.444748,0.0,0.66415,439337.5289053812
7447,189252.6962412,0.0,0.69,502703.5186513496
7448,191348.0681249,0.0,0.70771,556564.6099354227
7449,201714.158986,0.047518,0.67434,559732.9094227212
7450,215620.2283379,0.068775,0.6056,468908.3241201665
7451,226678.6226848,0.088927,0.52551,309437.2499261458
7452,239592.3903736,0.087151,0.47102,168975.97265591583
7453,238475.4740832,0.069146,0.4131,109476.58690510248
7454,230989.3657232,0.081475,0.32036,107308.73369906086
7455,226300.1634458,0.075373,0.24782,118147.99972926902
7456,224781.7111336,0.046893,0.24186,166924.69686520577
7457,233989.3474951,0.0016808,0.25373,336017.2469364532
7458,256553.8257763,0.0,0.25323,751161.1358934259
7459,261884.5626171,0.0,0.23292,963610.7500855062
7460,256392.2882963,0.0,0.23574,782595.0073810297
7461,246150.8120627,0.0,0.31523,648188.1086064483
7462,238143.16841,0.0,0.40814,648188.1086064483
7463,238166.2451929,0.0,0.46045,517032.9896409296
7464,222137.1118178,0.0,0.49705,514865.136434888
7465,209634.1108638,0.0,0.49994,478011.6319321802
7466,208041.8128464,0.0,0.46215,416227.8155599936
7467,206352.592341,0.0,0.45516,393465.3568965565
7468,210695.6428754,0.0,0.44835,379374.3110572859
7469,215195.6155332,0.0,0.44966,420563.5219720769
7470,227781.6929055,0.0,0.45291,450913.4668566597
7471,267626.0661929,0.0,0.47701,515949.0630379088
7472,297473.577145,0.0,0.54578,571229.3197919703
7473,308933.5075137,0.07518,0.58043,574481.0996010328
7474,309118.1217766,0.19936,0.53278,481263.4117412426
7475,312122.718905,0.3034,0.52521,317590.49468509934
7476,316295.0012463,0.36535,0.59383,173428.25648333068
7477,313844.2469065,0.37996,0.67857,142769.44582588293
7478,314028.8611693,0.30506,0.6882,139942.32808675652
7479,310364.2680511,0.20136,0.69039,154077.91678238852
7480,309561.1960075,0.090443,0.75663,217688.0659127324
7481,310899.6494134,0.004662,0.82902,438203.2495645911
7482,327519.5484297,0.0,0.85669,979596.2966072956
7483,326264.1714421,0.0,0.85904,1256653.8350416822
7484,317716.5310705,0.0,0.85286,1020589.5038246284
7485,300035.1000426,0.0,0.84206,845308.2039987919
7486,283729.0452732,0.0,0.83645,845308.2039987919
7487,270210.6658733,0.0,0.8381,674267.580781645
7488,247281.5744229,0.0,0.82328,671440.4630425187
7489,230924.7507311,0.0,0.79285,623379.4614773699
7490,225944.7809898,0.0,0.77045,542806.6059122676
7491,224726.3268547,0.0,0.7703,513121.8696514405
7492,226000.1652687,0.0,0.76205,494745.6043471191
7493,232493.9719657,0.0,0.74411,548460.8413905205
7494,240838.5366481,0.0,0.73204,588040.48973829
7495,277198.3157236,0.0,0.72323,672854.0219120819
7496,308268.8961673,0.0,0.69717,744945.5242598049
7497,317051.9197241,0.085946,0.60144,749186.2008684945
7498,313770.4012013,0.25864,0.47133,627620.1380860596
7499,314171.9372231,0.32164,0.41546,414172.7487820168
7500,316188.8480451,0.30265,0.44761,226169.41913011155
7501,310082.7313002,0.22649,0.45844,144787.50093145733
7502,308356.5879422,0.15705,0.41091,141920.42170509184
7503,307715.0533786,0.08196,0.27205,156255.81783691928
7504,310041.193091,0.022862,0.16253,220765.1004301429
7505,315501.1599159,0.0,0.12633,444397.2800866512
7506,332744.1320694,0.0,0.11453,993442.9519356427
7507,331964.1368087,0.0,0.11174,1274416.7161194612
7508,322230.3497981,0.0,0.10543,1035015.6007179426
7509,303279.6957128,0.0,0.10397,857256.6886832819
7510,286433.6442244,0.0,0.09731,857256.6886832819
7511,272107.5774245,0.0,0.084905,683798.3954881699
7512,247720.0332972,0.0,0.082698,680931.3162618043
7513,235009.3412975,0.0,0.08935,632190.969413591
7514,229166.2998772,0.0,0.080036,550479.2114621743
7515,226087.8570435,0.0,0.079021,520374.8795853368
7516,227204.773334,0.0,0.11452,501738.8646139611
7517,233084.7376069,0.0,0.20415,556213.3699149054
7518,241733.9158231,0.0,0.32659,596352.4790840222
7519,275869.0930308,0.0,0.43142,682364.8558749871
7520,304031.9988341,0.0,0.54986,755475.3761473071
7521,310761.1887163,0.068452,0.61418,759775.9949868553
7522,310488.8826785,0.20721,0.66895,636491.5882531392
7523,315182.7003124,0.26433,0.76446,420027.1066625445
7524,318805.7552215,0.25432,0.85543,229366.33810923927
7525,315722.6970313,0.19609,0.88858,121706.4125658058
7526,316082.694844,0.14916,0.91539,119296.38459420572
7527,314799.6257169,0.090408,0.93041,131346.52445220627
7528,316101.1562702,0.034542,0.94253,185572.15381320883
7529,320425.7453783,0.0,0.94516,373554.3355980178
7530,334027.2011965,0.0,0.94477,835074.6921594398
7531,329919.5338473,0.0,0.93506,1071257.433376251
7532,319959.5943646,0.0,0.90594,870020.0977476415
7533,302278.1633366,0.0,0.85795,720598.3635084343
7534,286544.4127822,0.0,0.78627,720598.3635084343
7535,275172.1741884,0.0,0.70061,574791.6712266274
7536,255672.292671,0.0,0.63266,572381.6432550272
7537,240326.2320686,0.0,0.61976,531411.1677378253
7538,235900.1051159,0.0,0.67077,462725.370547222
7539,229530.9130464,0.0,0.74861,437420.0768454208
7540,229960.1412076,0.0,0.78586,421754.8950300201
7541,236066.2579525,0.0,0.81752,467545.4264904223
7542,245532.354282,0.0,0.85762,501285.8180928239
7543,276150.6297817,0.0,0.88718,573586.6572408273
7544,302319.7015458,0.0,0.90536,635042.3705166301
7545,306662.7520802,0.035596,0.91887,638657.4124740304
7546,301608.9366337,0.067991,0.92449,535026.2096952255
7547,300321.25215,0.099857,0.92273,353069.0978394168
7548,303801.2310054,0.11145,0.9218,192802.2377280092
7549,304811.9940948,0.10433,0.91891,130707.13951950488
7550,305065.8387062,0.079103,0.91075,128118.8793309998
7551,306155.0628572,0.047256,0.90653,141060.18027352504
7552,312150.4110445,0.016955,0.92785,199296.03451488863
7553,321662.6609397,0.0,0.95177,401180.3292182823
7554,336897.9529844,0.0,0.96545,896832.1553169987
7555,337645.6407491,0.0,0.97172,1150481.6537904935
7556,331714.9075538,0.0,0.9731,934361.928050322
7557,315390.3913581,0.0,0.97126,773889.796363009
7558,300395.0978552,0.0,0.96431,773889.796363009
7559,286932.1027342,0.0,0.95239,617300.0549584536
7560,265959.9224704,0.0,0.94419,614711.7947699486
7561,249727.7134061,0.0,0.93751,570711.3715653628
7562,241258.5340962,0.0,0.92419,496945.956192969
7563,239717.0050011,0.0,0.91031,469769.224213666
7564,238189.3219757,0.0,0.90455,452945.53298838326
7565,241410.8408631,0.0,0.8892,502122.4765699791
7566,251260.0117881,0.0,0.85435,538358.1192090497
7567,282201.3622478,0.0,0.80672,616005.9248642012
7568,310756.5733597,0.0,0.72729,682006.5596710799
7569,320093.4397052,0.032451,0.6122,685888.9499538373
7570,323522.6496383,0.060526,0.46646,574593.7618481205
7571,326388.7860696,0.10497,0.35862,379180.11761598935
7572,331424.1400898,0.13688,0.3506,207060.81508040376
7573,326979.5517108,0.15061,0.35462,333301.9197276523
7574,321671.8916528,0.11417,0.33638,337775.7709991643
7575,318741.1402295,0.068299,0.29272,355671.17608521285
7576,318607.2948889,0.024872,0.22671,427252.7964294065
7577,320218.0543326,0.0,0.2042,697920.7983558892
7578,333482.589121,0.0,0.17935,1254915.2816591468
7579,330921.0662234,0.0,0.14613,1588217.2013867989
7580,321127.2795773,0.0,0.11206,1456238.588877192
7581,300168.9453832,0.0,0.088456,1275047.6123809514
7582,280632.1410132,0.0,0.072267,1156490.5536858805
7583,267256.8376671,0.0,0.054372,1026748.8668120292
7584,244360.0537127,0.0,0.036851,957404.1721035916
7585,227366.310814,0.0,0.024068,935034.915746031
7586,216958.6817438,0.0,0.016299,888059.4773951538
7587,212163.3262653,0.0,0.010759,888059.4773951538
7588,211720.2520344,0.0,0.007482,939508.7670175432
7589,215910.9958019,0.0,0.0059216,999905.7591829564
7590,215717.1508259,0.0,0.0,1100567.4127919793
7591,219326.3596653,0.0,0.0,1198992.1407652455
7592,231820.1299061,0.0,0.0,1259389.1329306592
7593,249778.4823284,0.047003,0.0,1207939.8433082695
7594,259004.5801161,0.15367,0.0,1037933.4949908096
7595,264164.5487638,0.25522,0.0067406,635286.8805547197
7596,270755.2779488,0.32292,0.012671,407120.4657076021
7597,264870.6983193,0.34819,0.019112,403629.3194707519
7598,256812.2857444,0.27297,0.020785,409047.1626851245
7599,249543.0991432,0.17204,0.016381,430718.5355426145
7600,248800.0267351,0.068978,0.015863,517404.0269725746
7601,256309.211878,0.00046681,0.019425,845183.5414421114
7602,276842.9332675,0.0,0.026715,1519705.0216314888
7603,279132.1501273,0.0,0.038972,1923334.3411022408
7604,267021.454482,0.0,0.056783,1763507.966278252
7605,247272.3437097,0.0,0.076137,1544085.3160961652
7606,237483.1724202,0.0,0.097573,1400512.4709152938
7607,235078.5716461,0.0,0.1039,1243395.017698491
7608,214757.1566589,0.0,0.077531,1159418.447875717
7609,199955.708132,0.0,0.058379,1132329.2318038542
7610,189460.3872869,0.0,0.04657,1075441.8780529432
7611,188569.6234685,0.0,0.031648,1075441.8780529432
7612,192372.6772839,0.0,0.015906,1137747.0750182269
7613,196318.8071531,0.0,0.007778,1210887.958412256
7614,197375.7238082,0.0,0.0,1332789.4307356374
7615,193826.5146042,0.0,0.0,1451981.9814518325
7616,198312.6411923,0.0,0.0083135,1525122.8648458614
7617,205004.9082219,0.050627,0.014611,1462817.6678805775
7618,211161.7938892,0.18552,0.021429,1256939.625734422
7619,216870.9899689,0.2711,0.037515,769333.7364408964
7620,224292.483337,0.30042,0.091248,493023.7325078984
7621,224832.4800559,0.28046,0.17521,463203.2040983953
7622,221329.4244176,0.21201,0.24208,469420.696770857
7623,217138.6806501,0.12601,0.22843,494290.6674607038
7624,217890.9837714,0.045278,0.28186,593770.5502200907
7625,231460.1320935,0.0,0.41824,969928.8569040224
7626,252944.6169369,0.0,0.54979,1744006.694625502
7627,260255.3417472,0.0,0.66832,2207209.898723897
7628,255764.5998025,0.0,0.75763,2023793.8648862776
7629,244780.0511607,0.0,0.82701,1771985.4116515794
7630,236287.795068,0.0,0.87094,1607221.855831345
7631,231981.6673862,0.0,0.89366,1426914.568329956
7632,217027.9120924,0.0,0.92368,1330543.4319068
7633,206892.5890599,0.0,0.94309,1299455.9685444916
7634,206121.8245124,0.0,0.95459,1234172.295483644
7635,203712.6083817,0.0,0.96024,1234172.295483644
7636,207940.2750018,0.0,0.9574,1305673.4612169534
7637,218246.3662274,0.0,0.95237,1389609.6122951857
7638,232410.8955474,0.0,0.94374,1529503.1974255738
7639,268941.442816,0.0,0.92612,1666288.036219731
7640,297690.4989039,0.0,0.8909,1750224.1872979638
7641,303805.846362,0.020832,0.83251,1678723.021564654
7642,302615.0843664,0.037444,0.71677,1442458.3000111105
7643,306851.9816996,0.073519,0.49351,882883.9594895589
7644,312542.7163531,0.10368,0.29391,565791.8331940131
7645,312464.2552914,0.12042,0.16569,452400.6783926765
7646,313784.247271,0.090903,0.18652,458473.1707200951
7647,309621.1956429,0.05378,0.19178,482763.140029769
7648,309127.3524897,0.018392,0.16891,579923.0172684646
7649,313936.5540379,0.0,0.18545,947308.8030772824
7650,327279.549888,0.0,0.1793,1703334.0978408828
7651,324274.9527595,0.0,0.15862,2155734.7762335595
7652,315431.9295673,0.0,0.13861,1976596.2525747144
7653,296905.8882867,0.0,0.11533,1730660.313314266
7654,282870.5889507,0.0,0.099148,1569739.2666376764
7655,268309.1389656,0.0,0.11977,1393636.9891425406
7656,247507.7268949,0.0,0.16011,1299513.358067554
7657,232503.2026788,0.0,0.1904,1269150.8964304614
7658,228450.9196085,0.0,0.20389,1205389.7269925675
7659,227301.695822,0.0,0.2273,1205389.7269925675
7660,230629.3679105,0.0,0.25911,1275223.3887578803
7661,237926.2466511,0.0,0.28794,1357202.0351780294
7662,249686.1751969,0.0,0.29645,1493833.1125449454
7663,279062.9197787,0.0,0.28993,1627427.943748152
7664,306381.2153293,0.0,0.25955,1709406.5901683012
7665,315870.3884416,0.023242,0.21107,1639572.928402989
7666,320162.6700537,0.061126,0.16594,1408818.2199610868
7667,324473.4130921,0.10684,0.18757,862293.9104934238
7668,328105.6987144,0.13757,0.32509,552596.8017950815
7669,324865.7184008,0.14793,0.66374,335000.2583826548
7670,325054.9480202,0.1438,0.78353,339496.90614618035
7671,322761.1158039,0.1125,0.72016,357483.49720028264
7672,322890.3457879,0.055421,0.58837,429429.8614166917
7673,326407.2474959,0.0,0.58216,701477.0511099886
7674,337327.1811456,0.0,0.60564,1261309.6976689217
7675,333164.1295175,0.0,0.56515,1596309.9560515764
7676,323130.3443296,0.0,0.45901,1463658.8470275723
7677,305864.2953932,0.0,0.31388,1281544.6126047869
7678,291339.7682606,0.0,0.21398,1162383.4468713594
7679,276949.0864687,0.0,0.19483,1031980.661729118
7680,252796.9255266,0.0,0.25634,962282.6213944716
7681,238258.5523243,0.0,0.3788,939799.3825768436
7682,236509.3321834,0.0,0.50461,892584.5810598251
7683,234898.5727398,0.0,0.60116,892584.5810598251
7684,236292.4104246,0.0,0.65719,944296.0303403692
7685,241180.0730345,0.0,0.6617,1005000.7751479642
7686,251860.0081424,0.0,0.63173,1106175.3498272896
7687,279205.9958324,0.0,0.58241,1205101.600624852
7688,307096.595598,0.0,0.54461,1265806.3454324475
7689,316562.6919275,0.038259,0.50507,1214094.896151903
7690,318759.6016558,0.16628,0.42436,1043222.2811379316
7691,321911.8901946,0.25531,0.38899,638523.9824206305
7692,327727.2394755,0.29065,0.43583,409194.94648082665
7693,326379.5553564,0.27685,0.42152,306281.99138564564
7694,324690.334851,0.20742,0.38402,310393.1590552517
7695,321219.5867088,0.12056,0.2974,326837.8297336756
7696,319244.2140959,0.040371,0.28122,392616.51244737126
7697,321653.4302265,0.0,0.29091,641342.1564585331
7698,332656.4402946,0.0,0.27242,1153182.531324478
7699,328885.6939751,0.0,0.25049,1459464.522710123
7700,318667.2945244,0.0,0.24083,1338185.0764567473
7701,301507.3987891,0.0,0.2499,1171682.785837705
7702,286710.5656188,0.0,0.27007,1062736.8425931465
7703,275181.4049015,0.0,0.26059,943512.9801745728
7704,251947.6999173,0.0,0.22085,879789.8812956802
7705,237995.4769997,0.0,0.17921,859234.0429476502
7706,230758.5978945,0.0,0.15046,816066.7824167875
7707,228266.3053456,0.0,0.1279,816066.7824167875
7708,231690.8999221,0.0,0.12033,863345.2106172562
7709,237446.2495676,0.0,0.11717,918845.9741569367
7710,251749.2395847,0.0,0.11279,1011347.2467230716
7711,282598.282913,0.0,0.1071,1101792.9354544033
7712,310368.8834076,0.0,0.092253,1157293.698994084
7713,318874.9855701,0.03933,0.067325,1110015.2707936151
7714,319507.2894205,0.20166,0.030568,953790.8993485878
7715,323601.1107,0.2998,0.015449,583785.8090840495
7716,327593.3941349,0.32646,0.014206,374116.2579341444
7717,325479.5608249,0.29408,0.014963,275197.3587440775
7718,323684.1871183,0.2288,0.015537,278891.2830225216
7719,320642.6671372,0.14042,0.018204,293666.9801362975
7720,319894.9793725,0.051051,0.022576,352769.7685914014
7721,323056.4986245,0.0,0.020685,576252.1874372631
7722,334604.120768,0.0,0.015092,1036145.76010354
7723,331668.7539881,0.0,0.010463,1311343.1188476176
7724,322156.5040929,0.0,0.0073769,1202372.35263352
7725,305024.3004971,0.0,0.0060544,1052768.4193565382
7726,290555.1576434,0.0,0.0060082,954879.4259777725
7727,278901.3822987,0.0,0.0066061,847755.6219028966
7728,255736.907663,0.0,0.0075302,790499.7955870145
7729,240944.6898493,0.0,0.007843,772030.1741947946
7730,233204.7368778,0.0,0.0074137,733243.9692711327
7731,229553.9898292,0.0,0.00622,733243.9692711327
7732,232129.3587965,0.0,0.0,775724.0984732388
7733,239333.9304056,0.0,0.0,825592.0762322325
7734,251527.7024692,0.0,0.0,908705.3724972224
7735,280341.3735492,0.0,0.0,989971.7066229904
7736,308305.8190199,0.0,0.011058,1039839.6843819842
7737,316682.6911983,0.027427,0.025193,997359.5551798784
7738,317721.1464271,0.12878,0.03538,856990.4325990065
7739,321630.3534437,0.19117,0.04198,524537.2475390472
7740,323836.4938852,0.20283,0.052796,336147.10933840345
7741,320056.5168526,0.17388,0.085689,132890.28036142985
7742,314545.7811054,0.13137,0.12859,130258.78966120354
7743,308471.9718565,0.076757,0.17747,143416.2431623352
7744,306856.5970562,0.025015,0.22299,202624.78391742773
7745,313756.5551316,0.0,0.24355,407881.05853508174
7746,328022.6222961,0.0,0.24735,911811.5276284248
7747,324325.7216818,0.0,0.23665,1169697.6162506056
7748,311942.7199987,0.0,0.2292,949968.1427817064
7749,294381.2882417,0.0,0.23829,786815.7193676739
7750,279492.1479399,0.0,0.25919,786815.7193676739
7751,270132.2048116,0.0,0.30191,627610.5320039806
7752,249270.7931055,0.0,0.37196,624979.0413037543
7753,233186.2754515,0.0,0.43119,580243.6993999067
7754,226470.931639,0.0,0.46603,505246.2144434561
7755,221338.6551308,0.0,0.50714,477615.5620910796
7756,220923.2730393,0.0,0.55784,460510.8725396085
7757,226692.4687545,0.0,0.60256,510509.1958439088
7758,225234.0160777,0.0,0.62107,547350.0656470774
7759,225760.1667269,0.0,0.61001,626294.7866538675
7760,237192.4049561,0.0,0.57285,693397.7995096389
7761,251961.545987,0.01948,0.51598,697345.0355599786
7762,262563.0200333,0.09583,0.43147,584190.9354502461
7763,267935.2950832,0.15422,0.39074,385513.3875831579
7764,270750.6625923,0.1776,0.37015,210519.2560181067
7765,266010.6913927,0.1683,0.34097,122157.31514288732
7766,258699.9665824,0.12741,0.3191,119738.3584073846
7767,252695.387682,0.074284,0.3205,131833.14208489822
7768,254481.5306754,0.023745,0.33644,186259.6686337094
7769,264861.4676062,0.0,0.29899,374938.2940029215
7770,284153.6580778,0.0,0.25277,838168.5088516922
7771,284005.9666675,0.0,0.25018,1075226.2689309588
7772,273967.566123,0.0,0.28983,873243.3815164816
7773,255903.0604996,0.0,0.32357,723268.0639153131
7774,245629.27677,0.0,0.32736,723268.0639153131
7775,243321.5984839,0.0,0.39375,576921.1814173985
7776,226097.0877567,0.0,0.51635,574502.2246818959
7777,207584.8925458,0.0,0.6037,533379.9601783496
7778,199891.09314,0.0,0.65109,464439.6932165221
7779,196351.1146491,0.0,0.68447,439040.6474937436
7780,199535.7106839,0.0,0.71289,423317.42871297593
7781,200292.6291618,0.0,0.70993,469277.6066875276
7782,197135.7252664,0.0,0.61421,503143.0009845656
7783,193161.9032578,0.0,0.3768,575711.7030496472
7784,197652.6452025,0.0,0.20016,637395.0998049666
7785,208872.5770294,0.027595,0.19562,641023.5349082205
7786,219437.1282231,0.17956,0.21927,537008.3952816037
7787,230763.2132511,0.26103,0.15996,354377.1617511484
7788,244364.6690693,0.26385,0.098825,193516.53884021757
7789,242809.2939044,0.20842,0.07216,113689.53044725567
7790,234501.6520746,0.18263,0.067264,111438.25261661696
7791,228921.6859788,0.12768,0.064038,122694.6417698106
7792,228044.7682301,0.052791,0.083429,173348.39295918195
7793,238858.5486787,0.0,0.11749,348948.06374900264
7794,258709.1972955,0.0,0.13584,780067.7683163187
7795,263855.3198735,0.0,0.1463,1000692.995718914
7796,258252.2769949,0.0,0.13697,812711.2968605803
7797,247733.8793669,0.0,0.10851,673132.0713609792
7798,242680.0639204,0.0,0.076755,673132.0713609792
7799,241895.4533032,0.0,0.051126,536929.7626073362
7800,225021.7096754,0.0,0.030857,534678.4847766976
7801,214923.3094955,0.0,0.01769,496406.7616558393
7802,210603.3357439,0.0,0.011139,432245.34348263545
7803,210077.1850947,0.0,0.0077216,408606.92626092886
7804,213912.5464062,0.0,0.0,393973.6203617772
7805,223526.334146,0.0,0.0,436747.89914391295
7806,238000.0923563,0.0,0.0,468265.7887728551
7807,275213.7123975,0.0,0.0,535804.1236920169
7808,309219.6596212,0.0,0.0,593211.7083733045
7809,321450.3545374,0.014463,0.0073912,596588.6251192626
7810,324141.1074189,0.071726,0.0087027,499783.67840179737
7811,330911.8355103,0.11379,0.010683,329812.2021885734
7812,336787.1844266,0.12486,0.011904,180102.22645109813
7813,336307.1873431,0.10997,0.011984,107735.60269628656
7814,336237.9569945,0.081595,0.011772,105602.224425073
7815,332997.9766809,0.045727,0.011963,116269.11578114096
7816,332065.6746533,0.012883,0.013567,164270.12688344688
7817,333597.9730353,0.0,0.013044,330673.6320381073
7818,340419.4700489,0.0,0.010439,739215.5709755109
7819,335102.5792778,0.0,0.0072846,948286.6415544434
7820,326005.7114741,0.0,0.0,770149.555908108
7821,308808.8928862,0.0,0.0,637880.1030928651
7822,295470.5123927,0.0,0.0,637880.1030928651
7823,285681.3411032,0.0,0.0,508810.7176844425
7824,262669.1732344,0.0,0.0057949,506677.33941322897
7825,246538.5020147,0.0,0.0060626,470409.9088025978
7826,241581.6090562,0.0,0.0063338,409608.6280730103
7827,243658.5195137,0.0,0.0066279,387208.1562252676
7828,245001.5882762,0.0,0.0063766,373341.1974623793
7829,250627.7079377,0.0,0.0,413875.3846154376
7830,259101.5026041,0.0,0.0,443742.6804124279
7831,292216.6860093,0.0,0.0,507744.0285488358
7832,322461.1176267,0.0,0.0,562145.1744647824
7833,330768.7594565,0.016257,0.0059149,565345.2418716028
7834,332291.8271254,0.11694,0.0060718,473609.9762094183
7835,335716.4217019,0.17788,0.0,312539.9167327917
7836,342796.3786836,0.18443,0.0,170670.26169708764
7837,341822.5384469,0.14946,0.0,98756.70373759464
7838,340451.7775449,0.11944,0.0,96801.12544576108
7839,338319.4828086,0.074198,0.0,106579.01690492888
7840,336450.2633969,0.025226,0.0,150579.52847118393
7841,338688.7113344,0.0,0.0,303114.6352342014
7842,348524.0361896,0.0,0.0,677607.8781203276
7843,344933.2887765,0.0,0.0066009,869254.5507200162
7844,333791.8180113,0.0,0.009599,705963.7633519141
7845,316627.3069195,0.0,0.014829,584717.9092582336
7846,303533.5403243,0.0,0.021508,584717.9092582336
7847,292064.3792425,0.0,0.03059,466405.4226023034
7848,272149.1156336,0.0,0.041993,464449.8443104698
7849,254495.3767451,0.0,0.049123,431205.0133492994
7850,246732.3469908,0.0,0.056841,375471.032032043
7851,243123.1381513,0.0,0.067253,354937.45996779064
7852,244872.3582922,0.0,0.077522,342226.20107087254
7853,246963.1148194,0.0,0.087428,379382.1886157102
7854,258399.9684052,0.0,0.10051,406760.2847013799
7855,290827.4636811,0.0,0.126,465427.6334563867
7856,320610.3596412,0.0,0.17113,515294.8798981423
7857,329591.8435306,0.010635,0.25388,518228.24733589264
7858,331539.5240041,0.067343,0.39865,434138.3807870497
7859,336261.0337774,0.099965,0.5827,286492.21975361614
7860,340585.6228855,0.096092,0.75296,156446.26334668457
7861,338014.8692748,0.06688,0.85832,31834.45325337947
7862,335393.3467418,0.049641,0.92652,29181.582148931186
7863,331530.2932909,0.027287,0.96096,30065.87251708061
7864,329545.6899649,0.0064174,0.97439,63668.90650675894
7865,333754.8951587,0.0,0.97821,171552.3314209894
7866,345551.7465572,0.0,0.9803,546491.4475163475
7867,341804.0770206,0.0,0.97664,922314.8539798552
7868,333205.6677266,0.0,0.96928,664986.3568483711
7869,316594.9994235,0.0,0.92131,538532.8342030027
7870,302153.5487092,0.0,0.82248,502276.9291088761
7871,290130.5448387,0.0,0.73389,417385.0537665308
7872,267902.9875872,0.0,0.70946,514656.9942629681
7873,250876.9371926,0.0,0.76528,475748.2180643932
7874,244470.8222704,0.0,0.82001,359906.1798368179
7875,242412.3732392,0.0,0.8215,343988.9532101282
7876,242458.526805,0.0,0.78179,309501.6288523004
7877,246210.8116981,0.0,0.69671,356369.0183642202
7878,255386.1405636,0.0,0.64885,457178.1203332552
7879,286825.9495331,0.0,0.6987,445682.3455473126
7880,317568.8396602,0.0,0.80936,465136.7336466001
7881,325599.5600957,0.010624,0.90998,469558.18548734713
7882,324939.5641059,0.077147,0.96248,414732.1826620825
7883,328013.391583,0.13493,0.98563,215766.8498284609
7884,331931.8293127,0.16081,0.99447,96387.65012828785
7885,331341.0636715,0.15572,0.99718,29827.13420449897
7886,330482.6073491,0.11786,0.99789,27341.539687457385
7887,328830.3096962,0.067472,0.99808,28170.071193137912
7888,329716.4581581,0.018977,0.99746,59654.26840899794
7889,335231.8092618,0.0,0.99678,160735.11210202222
7890,344504.0606153,0.0,0.99581,512032.4705105656
7891,340802.5446444,0.0,0.99419,864158.3604247895
7892,332628.7481551,0.0,0.99088,623055.6922717562
7893,316235.0016108,0.0,0.98571,504575.6869594409
7894,302130.4719263,0.0,0.97962,470605.8952265393
7895,290518.2347908,0.0,0.97197,391066.8706812087
7896,269162.9799314,0.0,0.96025,482205.33630606666
7897,254218.4553508,0.0,0.94354,445749.9500561234
7898,247221.5747874,0.0,0.92523,337212.32281197445
7899,244498.5144098,0.0,0.91414,322298.7557097249
7900,245523.1235689,0.0,0.9003,289986.0269881844
7901,251126.1664475,0.0,0.88159,333898.19678925234
7902,260513.8017152,0.0,0.86751,428350.7884368324
7903,288529.0161082,0.0,0.86149,417579.8788629855
7904,316996.5354452,0.0,0.85873,435807.5719879571
7905,323688.8024749,0.0,0.8357,439950.2295163597
7906,324454.9516658,0.019561,0.8052,388581.27616416704
7907,327044.1667028,0.026911,0.80236,202161.68738604852
7908,329245.6917877,0.019225,0.79896,90309.93411917744
7909,327764.1623281,0.0037827,0.77092,28200.11191752568
7910,322096.5044575,0.0021476,0.71263,25850.10259106521
7911,318422.680626,4.0037e-05,0.65242,26633.4390332187
7912,316784.2290429,0.0,0.59423,56400.22383505136
7913,324261.1066898,0.0,0.49993,151967.26977777728
7914,335453.3463773,0.0,0.40127,484101.92125085753
7915,330745.6826737,0.0,0.34087,817019.9091660914
7916,319862.6718765,0.0,0.28688,589069.0044994253
7917,303593.5399597,0.0,0.23582,477051.8932714761
7918,291159.7693543,0.0,0.19523,444935.099143183
7919,284121.3505818,0.0,0.15123,369734.8006964478
7920,266661.4566693,0.0,0.10992,455901.8093333319
7921,251306.1653538,0.0,0.07997,421435.00587857823
7922,241775.4540323,0.0,0.064241,318817.9319564709
7923,236393.9482691,0.0,0.054622,304717.875997708
7924,237340.0963664,0.0,0.05212,274167.75475372194
7925,237732.4016751,0.0,0.050423,315684.58618785697
7926,235046.2641501,0.0,0.045506,404984.940593355
7927,231713.976705,0.0,0.039406,394801.5668453595
7928,245347.7400191,0.0,0.035897,412034.9685727363
7929,259692.2682454,0.011107,0.032796,415951.65078350384
7930,272712.1891354,0.12438,0.021789,367384.79136998736
7931,277424.4681956,0.19337,0.019175,191134.09188545184
7932,278509.07699,0.19448,0.020287,85383.67219473053
7933,274775.2535232,0.14664,0.021257,30111.440874663796
7934,268313.7543222,0.12779,0.020308,27602.15413510848
7935,264635.3151342,0.086609,0.017426,28438.583048293585
7936,265867.6153389,0.030703,0.016154,60222.88174932759
7937,276801.3950584,0.0,0.013611,162267.20915791046
7938,293375.140509,0.0,0.0093208,516913.0683483951
7939,292045.9178162,0.0,0.0,872395.356452065
7940,283142.8949885,0.0,0.0,628994.5427151994
7941,266712.2255916,0.0,0.0,509385.2081297292
7942,258049.2013057,0.0,0.0,475091.6226891399
7943,258524.5830326,0.0,0.007987,394794.4470233697
7944,245850.8138855,0.0,0.0099243,486801.6274737314
7945,234224.7306802,0.0,0.011191,449998.7552935867
7946,223563.2569986,0.0,0.011182,340426.56766633794
7947,218144.8283828,0.0,0.01157,325370.84722900594
7948,218144.8283828,0.0,0.012754,292750.11961478693
7949,218754.0554504,0.0,0.01487,337080.85201359744
7950,213566.3946633,0.0,0.017695,432433.7481166995
7951,206352.592341,0.0,0.021531,421560.1722452932
7952,211946.4045064,0.0,0.026422,439961.6083353655
7953,222870.9535127,0.011801,0.030849,444143.75290129095
7954,235383.1851798,0.1466,0.028445,392285.1602838144
7955,245661.584266,0.20772,0.02574,204088.65481716572
7956,255713.8308802,0.17364,0.025176,91170.75153717647
7957,254998.4506115,0.081886,0.025997,30232.578789497948
7958,247812.3404287,0.07845,0.028631,27713.197223706447
7959,243792.3648543,0.057578,0.032876,28552.99107897028
7960,242347.7582472,0.020516,0.03873,60465.157578995895
7961,253507.6904387,0.0,0.044329,162920.0079211834
7962,273358.3390555,0.0,0.047846,518992.60255304805
7963,279072.1504918,0.0,0.052992,875904.9910401766
7964,274742.9460272,0.0,0.060821,631524.9791584015
7965,266647.6105996,0.0,0.073414,511434.4578556736
7966,262710.7114436,0.0,0.089588,477002.90978985647
7967,263947.6270049,0.0,0.1038,396382.6996845286
7968,251352.3189195,0.0,0.11594,488760.0237635501
7969,243515.44346,0.0,0.12443,451809.0941319416
7970,237880.0930854,0.0,0.12431,341796.0990923795
7971,237317.0195836,0.0,0.11772,326679.8096976305
7972,237100.0978247,0.0,0.11024,293927.8493423412
7973,242075.4522095,0.0,0.097007,338436.9236713242
7974,254209.2246377,0.0,0.085635,434173.4231714011
7975,289502.8563449,0.0,0.082102,423256.1030529712
7976,323134.9596862,0.0,0.082893,441731.5678687756
7977,333713.3569496,0.0080064,0.084783,445930.53714509465
7978,337821.0242988,0.13956,0.09261,393863.3181187371
7979,344153.2935158,0.21215,0.1103,204909.70068437496
7980,348860.9572194,0.19758,0.13827,91537.53022375768
7981,348948.6489943,0.12487,0.17073,32452.837014415763
7982,347568.6573792,0.12919,0.20838,29748.43392988112
7983,343474.8360997,0.10148,0.25435,30649.901624726
7984,340904.082489,0.039499,0.30183,64905.67402883153
7985,345833.2833081,0.0,0.34158,174884.73279990716
7986,354630.1529346,0.0,0.36027,557107.0354141374
7987,350010.1810059,0.0,0.35209,940230.8057232124
7988,343299.4525499,0.0,0.33037,677903.7065233515
7989,326813.3988742,0.0,0.31157,548993.8261605334
7990,312819.6377474,0.0,0.30201,512033.6506718932
7991,302499.7004521,0.0,0.30017,425492.7519667845
7992,284896.7304859,0.0,0.3125,524654.1983997215
7993,273021.4180258,0.0,0.3415,484989.6198265468
7994,265922.9996178,0.0,0.37221,366897.35180186713
7995,259433.8082773,0.0,0.38751,350670.93329465925
7996,257130.7453478,0.0,0.39286,315513.69319570885
7997,258667.6590864,0.0,0.40606,363291.4810224876
7998,265743.0007115,0.0,0.4313,466058.7982348042
7999,295078.2070841,0.0,0.46142,454339.7182018208
8000,324459.5670224,0.0,0.49577,474172.0074884082
8001,330473.3766359,0.0036056,0.50185,478679.3459626325
8002,331576.4468567,0.13498,0.49967,422788.3488822498
8003,334701.043256,0.23329,0.46497,219958.1175421513
8004,339427.1683859,0.25983,0.44339,98259.97873809218
8005,336741.0308609,0.22726,0.45159,94853.9462311874
8006,335859.4977556,0.19394,0.45435,92975.6502662134
8007,332614.9020854,0.12818,0.45421,102367.13009108344
8008,331996.4443047,0.042056,0.46421,144628.7893029986
8009,339708.7051368,0.0,0.4385,291135.87457097124
8010,351533.2486747,0.0,0.40454,650829.5518634936
8011,349054.8021954,0.0,0.39603,834902.5564309466
8012,340830.2367838,0.0,0.40676,678064.8433556169
8013,326434.9396353,0.0,0.4199,561610.4935272282
8014,312584.2545623,0.0,0.4137,561610.4935272282
8015,304262.7666627,0.0,0.40393,447973.5876463009
8016,284795.1926413,0.0,0.38801,446095.2916813269
8017,277821.3888608,0.0,0.36456,414164.2602767687
8018,273275.2626372,0.0,0.35471,360632.82527500944
8019,268590.6757165,0.0,0.36576,340910.7176427824
8020,268369.138601,0.0,0.38453,328701.7938704514
8021,272430.6523845,0.0,0.42536,364389.4172049575
8022,281762.9033734,0.0,0.50611,390685.5607145936
8023,310599.6512362,0.0,0.56834,447034.43966381386
8024,341328.6952936,0.0,0.61321,494930.986770651
8025,347536.3498832,0.0033985,0.62518,497748.430718112
8026,347776.3484249,0.13346,0.54882,416981.7042242297
8027,349280.9546675,0.2409,0.48236,275170.3588686921
8028,354514.7690203,0.28083,0.45483,150263.67719792062
8029,355645.5313805,0.26093,0.49288,32972.06302089822
8030,356323.9887966,0.19698,0.53738,30224.39110249004
8031,352516.3196245,0.11128,0.56494,31140.281741959432
8032,353074.7777698,0.029046,0.62102,65944.12604179644
8033,359993.1972714,0.0,0.68376,177682.78405706264
8034,368693.1444099,0.0,0.73717,566020.4151920861
8035,364700.860975,0.0,0.7811,955273.936966579
8036,356605.5255475,0.0,0.81278,688749.7608809852
8037,344610.2138164,0.0,0.82962,557777.3994368616
8038,331253.3718966,0.0,0.83008,520225.8832186164
8039,322821.1154393,0.0,0.82233,432300.3818295545
8040,309478.1195892,0.0,0.81405,533048.352171188
8041,299084.3365887,0.0,0.79968,492749.16403453454
8042,288302.8636362,0.0,0.78528,372767.4902640438
8043,279949.0682406,0.0,0.77771,356281.45875359466
8044,272993.7258863,0.0,0.77114,320561.7238142883
8045,273589.1068841,0.0,0.77721,369103.92770616617
8046,279898.2993183,0.0,0.79497,473515.4606056773
8047,304539.688057,0.0,0.82056,461608.8822925752
8048,330925.68158,0.0,0.84792,481758.4763609018
8049,336948.7219067,0.00052568,0.8584,486337.9295582488
8050,337954.8696394,0.10336,0.86231,429552.7099111463
8051,342191.7669726,0.18183,0.88824,223477.3160305324
8052,345556.3619137,0.20034,0.9097,99832.07970216406
8053,344739.4438005,0.1706,0.92003,30807.444063068822
8054,343493.297526,0.13212,0.93626,28240.157057813085
8055,338702.5574041,0.076778,0.94444,29095.91939289833
8056,337308.7197193,0.020276,0.96034,61614.888126137645
8057,342842.5322493,0.0,0.96791,166017.89300653755
8058,353227.0845366,0.0,0.9754,528861.1230826814
8059,349479.4150001,0.0,0.97623,892560.1154939106
8060,343280.9911237,0.0,0.97531,643533.2759841043
8061,330154.9170324,0.0,0.97093,521159.2620669143
8062,318625.7563152,0.0,0.95652,486073.00632841926
8063,310793.4962123,0.0,0.93182,403919.8221602357
8064,296093.58553,0.0,0.90336,498053.6790196126
8065,282496.7450684,0.0,0.88086,460400.1362758618
8066,278942.9205078,0.0,0.84273,348295.2703796947
8067,272910.649468,0.0,0.8033,332891.5483481603
8068,270436.8183454,0.0,0.7856,299516.81727983576
8069,269698.3612938,0.0,0.80507,344872.2210393538
8070,277973.6956277,0.0,0.8261,442429.1272390717
8071,301728.9359046,0.0,0.84532,431304.2168829636
8072,329642.6124529,0.0,0.84985,450130.9882548389
8073,336593.3394506,0.00097525,0.83377,454409.7999302651
8074,337728.7171674,0.12306,0.75526,401352.5351549799
8075,341407.1563554,0.19446,0.67531,208806.00976079985
8076,343488.6821694,0.17767,0.66469,93278.09452429172
8077,341421.0024251,0.10342,0.72275,29610.877410208133
8078,334391.8143657,0.10119,0.76779,27143.30429269079
8079,328082.6219316,0.075116,0.82198,27965.82866519657
8080,325507.2529643,0.026409,0.86053,59221.75482041627
8081,334174.8926068,0.0,0.88489,159569.72826612162
8082,344910.2119936,0.0,0.89289,508320.062208573
8083,341933.3070046,0.0,0.9113,857892.9205235302
8084,332734.9013563,0.0,0.92161,618538.3281243477
8085,316516.5383617,0.0,0.92717,500917.34285602096
8086,306833.5202734,0.0,0.91685,467193.843583284
8087,303732.0006569,0.0,0.8958,388231.5038227289
8088,287675.1751423,0.0,0.86971,478709.1847983649
8089,275453.7109393,0.0,0.85518,442518.11240811046
8090,265793.7696338,0.0,0.83617,334767.4196098531
8091,257772.2799114,0.0,0.82133,319961.980904749
8092,255021.5273944,0.0,0.78416,287883.5303770236
8093,254735.3752869,0.0,0.74701,331477.32211983
8094,251823.0852899,0.0,0.6949,425245.10058548907
8095,248846.1803008,0.0,0.64167,414552.2837429139
8096,260832.2613187,0.0,0.58845,432647.8199380412
8097,274530.6396249,0.0,0.5426,436760.44180057006
8098,287564.4065846,0.059144,0.50249,385763.93070521153
8099,293398.2172918,0.10956,0.46224,200695.94689141077
8100,296799.7350855,0.12196,0.44416,89655.15660313019
8101,294681.2864189,0.10297,0.41392,29075.18396717989
8102,285999.8007067,0.097251,0.34969,26652.251969914905
8103,280373.6810452,0.069838,0.27613,27459.89596900323
8104,278675.2298266,0.022525,0.31882,58150.36793435978
8105,291348.9989738,0.0,0.34842,156682.9358231361
8106,307867.3601455,0.0,0.24986,499123.99143658817
8107,304655.0719713,0.0,0.18438,842372.6910491287
8108,296296.6612191,0.0,0.17509,607348.2873144245
8109,280821.3706327,0.0,0.16955,491855.19544479327
8110,274599.8699734,0.0,0.11002,458741.7914821717
8111,270584.5097557,0.0,0.057014,381207.9675696919
8112,260615.3395598,0.0,0.033664,470048.80746940826
8113,248186.184311,0.0,0.022829,434512.4715095217
8114,239255.4693439,0.0,0.018088,328711.10762895044
8115,235364.7237536,0.0,0.020872,314173.51564536046
8116,231437.0553107,0.0,0.037791,282675.39968091564
8117,231584.746721,0.0,0.083482,325480.53163259715
8118,230781.6746774,0.0,0.1603,417551.9475286669
8119,223877.1012455,0.0,0.23608,407052.5755405185
8120,228801.686708,0.0,0.30605,424820.7435204618
8121,242033.9140003,0.0,0.33444,428858.9635159034
8122,253189.2308352,0.09368,0.31997,378785.0355724269
8123,262443.0207624,0.16013,0.29932,197065.1357775526
8124,275449.0955827,0.1576,0.29989,88033.19590062802
8125,277133.7007315,0.10661,0.3154,29405.68645753396
8126,269998.359471,0.083665,0.33897,26955.2125860728
8127,262207.6375772,0.048703,0.36475,27772.03720989318
8128,260338.4181655,0.011439,0.41086,58811.37291506792
8129,269739.899503,0.0,0.47271,158463.97702115524
8130,282399.8225804,0.0,0.49402,504797.6175209997
8131,284061.3509463,0.0,0.48956,851948.0826446644
8132,279459.8404439,0.0,0.49864,614252.1171129316
8133,269453.7473955,0.0,0.50909,497446.19590661617
8134,264787.621901,0.0,0.50362,463956.3863299803
8135,267482.9901392,0.0,0.46469,385541.222443223
8136,253392.3065244,0.0,0.41326,475391.93106346566
8137,241203.1498173,0.0,0.36495,439451.6476153686
8138,234483.1906483,0.0,0.31918,332447.6218948978
8139,234418.5756563,0.0,0.2873,317744.7786661308
8140,233352.4282881,0.0,0.25332,285888.6183371357
8141,239541.6214514,0.0,0.22242,329180.3233996163
8142,252160.0063196,0.0,0.2053,422298.3305151405
8143,284772.1158585,0.0,0.19775,411679.61040547537
8144,316258.0783937,0.0,0.19398,429649.752129524
8145,326554.9389062,0.0,0.18361,433733.87524862593
8146,328304.159047,0.030811,0.15514,383090.7485717618
8147,332951.8231152,0.067799,0.12922,199305.20821217465
8148,337756.4093068,0.087308,0.11913,89033.88399642226
8149,337396.4114942,0.087714,0.10614,30285.68023355423
8150,335351.8085327,0.085487,0.096649,27761.87354742471
8151,331271.8333229,0.062511,0.098739,28603.142442801214
8152,329061.0775248,0.019959,0.11999,60571.36046710846
8153,333819.5101507,0.0,0.14659,163206.16570304224
8154,343802.5264163,0.0,0.16962,519904.177342681
8155,340354.8550569,0.0,0.18788,877443.4578776964
8156,332868.7466969,0.0,0.20689,632634.209323133
8157,318034.990674,0.0,0.2216,512332.7572842925
8158,306542.7528093,0.0,0.24599,477840.73257385567
8159,300081.2536083,0.0,0.28002,397078.9186177111
8160,280115.2210772,0.0,0.30938,489618.4971091268
8161,266084.5370978,0.0,0.31841,452602.6657125605
8162,258543.0444589,0.0,0.30781,342396.4404182381
8163,255916.9065694,0.0,0.27332,327253.600301461
8164,254393.8389005,0.0,0.23136,294444.1133817773
8165,257790.7413376,0.0,0.19293,339031.3648367321
8166,265927.6149744,0.0,0.18062,434936.0189096539
8167,292807.4516506,0.0,0.18969,423999.52326975926
8168,323361.1121582,0.0,0.20748,442507.4389680424
8169,332019.5210876,0.0,0.22176,446713.783444925
8170,331225.6797572,0.079386,0.23053,394555.1119315815
8171,334364.1222263,0.14349,0.2284,205269.6104718676
8172,338051.7921274,0.14686,0.23748,91698.3095960392
8173,337530.2568347,0.10562,0.27797,32111.40379754457
8174,335776.4213373,0.10757,0.38313,29435.453481082524
8175,333150.2834478,0.081825,0.51821,30327.436919903208
8176,331761.0611196,0.02757,0.62416,64222.80759508915
8177,339625.6287185,0.0,0.69987,173044.78713121242
8178,346668.6628476,0.0,0.71555,551245.7651911818
8179,342251.7666081,0.0,0.67809,930338.726689972
8180,333944.1247782,0.0,0.60771,670771.5459931534
8181,319262.6755222,0.0,0.52072,543217.9142417957
8182,306727.3670722,0.0,0.44898,506646.5932501477
8183,296919.7343564,0.0,0.41319,421016.1831233622
8184,277761.3892254,0.0,0.41555,519134.36139363726
8185,262696.8653738,0.0,0.39683,479887.0900855272
8186,257379.9746027,0.0,0.31051,363037.2596000178
8187,253152.3079826,0.0,0.18674,346981.5577012455
8188,252418.4662877,0.0,0.090655,312194.20358723897
8189,255755.3690893,0.0,0.041257,359469.32584473514
8190,260906.1070239,0.0,0.021271,461155.4378702929
8191,290822.8483246,0.0,0.013157,449559.65316562407
8192,323019.5757719,0.0,0.0081927,469183.2888196791
8193,332102.5975059,0.0,0.0,473643.2060137825
8194,332757.9781391,0.066738,0.0,418340.2328069001
8195,336777.9537135,0.13305,0.0,217643.95907224657
8196,341402.5409988,0.15321,0.0072004,97226.1948314544
8197,339104.0934259,0.13379,0.018584,31070.60726377791
8198,337834.8703685,0.11755,0.038286,28481.38999179642
8199,334927.1957281,0.078204,0.06655,29344.46241579025
8200,335430.2695944,0.022828,0.088172,62141.21452755582
8201,341213.3113793,0.0,0.10526,167436.05025480318
8202,348810.1882971,0.0,0.11572,533378.7580281876
8203,345325.5940851,0.0,0.11247,900184.5382255657
8204,336930.2604804,0.0,0.11155,649030.4628433608
8205,321085.7413682,0.0,0.11249,525611.1062122431
8206,309681.1952784,0.0,0.10898,490225.136828496
8207,300205.8682357,0.0,0.10284,407370.1841250882
8208,280378.2964018,0.0,0.080356,502308.1507644096
8209,267012.2237688,0.0,0.071244,464332.964108681
8210,258935.3497675,0.0,0.06793,351270.4765654892
8211,256161.5204677,0.0,0.067847,335735.1729336002
8212,256881.5160929,0.0,0.078703,302075.34839784086
8213,260730.7234741,0.0,0.085748,347818.1868695138
8214,267515.2976352,0.0,0.079293,446208.44320481055
8215,293093.6037581,0.0,0.068871,434988.5016928908
8216,322142.6580232,0.0,0.046356,453976.0950207551
8217,329919.5338473,0.0,0.026323,458291.4571407242
8218,331774.9071893,0.10305,0.015907,404780.9668531067
8219,337581.025757,0.18986,0.009965,210589.6714544948
8220,341970.2298572,0.18617,0.0067076,94074.89421532756
8221,341005.6203336,0.12163,0.0,28703.97297380617
8222,339533.3215871,0.12709,0.0,26311.97522598899
8223,337987.1771354,0.09885,0.0,27109.30780859472
8224,338342.5595914,0.034206,0.0,57407.945947612345
8225,344028.6788883,0.0,0.0,154682.52102551106
8226,354574.7686557,0.0,0.0,492751.5360503394
8227,351099.4051569,0.0,0.0,831617.8836577734
8228,341697.9238194,0.0,0.0,599594.1021195068
8229,325142.6397951,0.0,0.0,485575.5428068878
8230,314255.0136414,0.0,0.0,452884.906920053
8231,303192.0039379,0.0,0.0,376340.9789899032
8232,283825.9677612,0.0,0.0,464047.56307653314
8233,271562.965349,0.0,0.0,428964.9294418812
8234,266486.0731196,0.0,0.0,324514.361120531
8235,260379.9563746,0.0,0.0,310162.37463362777
8236,261607.6412228,0.0,0.0,279066.4039120045
8237,264007.6266403,0.0,0.0,321325.030790108
8238,271382.9664426,0.0,0.0,412220.9452071609
8239,296605.8901095,0.0,0.0,401855.6216332864
8240,324242.6452635,0.0,0.0,419396.9384506125
8241,331327.2176018,0.0,0.007438,423383.6013636411
8242,331428.7554464,0.099454,0.0061466,373948.981242086
8243,334899.5035886,0.19564,0.0089112,194549.15015579743
8244,336676.4158689,0.20945,0.015344,86909.25150402426
8245,334276.4304514,0.16226,0.01505,30307.11273975812
8246,328876.463262,0.15104,0.014668,27781.520011444944
8247,322391.8872781,0.10677,0.022283,28623.384254216
8248,321658.0455831,0.033761,0.038833,60614.22547951624
8249,331507.2165081,0.0,0.066114,163321.66309758544
8250,341490.2327737,0.0,0.11141,520272.10203251446
8251,335554.8842219,0.0,0.16316,878064.4052102144
8252,325045.7173071,0.0,0.17698,633081.9105638362
8253,308379.664725,0.0,0.18975,512695.3238475749
8254,297076.6564798,0.0,0.21529,478178.8898939615
8255,294432.057164,0.0,0.25129,397359.92258793977
8256,277359.8532036,0.0,0.27591,489964.9892927563
8257,260878.4148844,0.0,0.28686,452922.9626108297
8258,258201.5080726,0.0,0.2932,342638.746807821
8259,253263.0765404,0.0,0.29166,327485.19043794187
8260,250840.01434,0.0,0.30677,294652.4849698706
8261,251933.8538476,0.0,0.32417,339271.28983673675
8262,250627.7079377,0.0,0.35053,435243.8135126375
8263,252132.3141802,0.0,0.37185,424299.5783566136
8264,262027.6386709,0.0,0.39459,442820.591697577
8265,276233.7062,0.0,0.41365,447029.9129114322
8266,291616.689655,0.096559,0.38971,394834.32985962654
8267,300164.3300266,0.18129,0.35968,205414.8752361384
8268,303579.69389,0.17505,0.32873,91763.20246204545
8269,303427.3871231,0.10782,0.30458,95001.6240151884
8270,297833.5749577,0.1242,0.27452,93120.40373765992
8271,292581.2991785,0.10288,0.24231,102526.50512530236
8272,291482.8443144,0.037202,0.23164,144853.96136969322
8273,298299.7259714,0.0,0.22558,291589.1430169149
8274,308804.2775297,0.0,0.22136,651842.8261636195
8275,305688.9118435,0.0,0.22478,836202.4133614108
8276,295572.0502373,0.0,0.2313,679120.5201877824
8277,281167.5223756,0.0,0.24053,562484.8629810165
8278,272670.6509263,0.0,0.23844,562484.8629810165
8279,271636.8110541,0.0,0.22229,448671.03619054327
8280,257970.740244,0.0,0.21162,446789.8159130148
8281,244493.8990533,0.0,0.20521,414809.0711950306
8282,235263.185909,0.0,0.18797,361194.2932854688
8283,228187.8442839,0.0,0.15663,341441.48037141975
8284,225589.3985337,0.0,0.14093,329213.5485674846
8285,223955.5623072,0.0,0.1346,364956.7338405258
8286,221661.7300908,0.0,0.13847,391293.8177259245
8287,211540.2531281,0.0,0.18375,447730.426051779
8288,215209.461603,0.0,0.2831,495701.5431287553
8289,223397.104162,0.0,0.35757,498523.373545048
8290,235027.8027238,0.083357,0.36613,417630.9016113233
8291,248260.0300162,0.19606,0.38708,275598.7706579228
8292,261995.3311749,0.25445,0.42924,150497.62220227864
8293,264270.701965,0.25701,0.45161,130765.68907096804
8294,254499.9921017,0.2173,0.48001,128176.26948540434
8295,250023.0962267,0.13936,0.51183,141123.36741322294
8296,249672.3291272,0.039956,0.53508,199385.30808840672
8297,260809.1845358,0.0,0.54254,401360.03576237714
8298,274987.5599255,0.0,0.51411,897233.8863978303
8299,278975.2280038,0.0,0.43586,1150997.0057830752
8300,273626.0297367,0.0,0.38508,934780.4703885042
8301,265027.6204428,0.0,0.33253,774236.4560835534
8302,262401.4825532,0.0,0.28276,774236.4560835534
8303,262784.5571487,0.0,0.26985,617576.571156948
8304,251560.0099652,0.0,0.29033,614987.1515713844
8305,244092.3630315,0.0,0.30924,570967.018616801
8306,239010.8554456,0.0,0.31445,497168.5604282349
8307,235817.0286976,0.0,0.30479,469979.6547798159
8308,234847.8038175,0.0,0.28064,453148.42747365165
8309,240409.3084869,0.0,0.2693,502347.3995993624
8310,251693.8553058,0.0,0.26881,538599.2737972545
8311,283235.2021199,0.0,0.25934,616281.8613641664
8312,316281.1551766,0.0,0.23404,682312.0607960412
8313,325890.3275598,0.0,0.20686,686196.1901743867
8314,325548.7911734,0.058551,0.16024,574851.1479951467
8315,328054.9297921,0.12548,0.11272,379349.9692850856
8316,331322.6022452,0.13288,0.090949,207153.5668450979
8317,330081.0713273,0.097724,0.094143,133571.62779022407
8318,329333.3835626,0.076399,0.12366,130926.6450617048
8319,325982.6346912,0.043563,0.19147,144151.55870430125
8320,326785.7067348,0.0093516,0.28662,203663.67009598523
8321,335199.5017658,0.0,0.37216,409972.32292048977
8322,346050.2050669,0.0,0.37589,916486.5154319336
8323,344365.5999181,0.0,0.37301,1175694.822826824
8324,336588.724094,0.0,0.38838,954838.7649954632
8325,321593.4305911,0.0,0.38039,790849.8358272673
8326,308490.4332828,0.0,0.40618,790849.8358272673
8327,301788.93554,0.0,0.48463,630828.3807518503
8328,283272.1249725,0.0,0.56486,628183.3980233311
8329,272762.9580577,0.0,0.59762,583218.6916385032
8330,262498.4050412,0.0,0.60742,507836.68387570337
8331,261427.6423165,0.0,0.62095,480064.3652262509
8332,259590.7304008,0.0,0.65088,462871.9774908756
8333,262738.403583,0.0,0.68141,513126.649332742
8334,269993.7441144,0.0,0.65111,550156.4075320121
8335,296993.5800615,0.0,0.57887,629505.8893875907
8336,324316.4909687,0.0,0.52419,696952.9489648326
8337,332097.9821493,0.0,0.46465,700920.4230576116
8338,331604.1389961,0.081367,0.3793,587186.1657312821
8339,335859.4977556,0.18567,0.31833,387489.9697280758
8340,340650.2378775,0.21691,0.30617,211598.6182815431
8341,339597.9365791,0.18919,0.33287,120341.34839384914
8342,340202.54829,0.15205,0.39625,117958.35139595116
8343,337345.6425719,0.091099,0.47527,129873.33638544114
8344,338647.1731252,0.023109,0.55659,183490.76883814624
8345,345976.3593618,0.0,0.52793,369364.5346741905
8346,356379.3730754,0.0,0.40704,825708.459771658
8347,353370.1605904,0.0,0.32727,1059242.1655656623
8348,346419.4335927,0.0,0.33454,860261.9162411791
8349,334156.4311805,0.0,0.41079,712516.1023715028
8350,322834.961509,0.0,0.48173,712516.1023715028
8351,314735.0107249,0.0,0.52567,568344.7839986737
8352,299670.4868734,0.0,0.61703,565961.7870007758
8353,288865.937138,0.0,0.70487,525450.8380365096
8354,282053.6708375,0.0,0.79568,457535.4235964165
8355,275776.7858993,0.0,0.85669,432513.9551184875
8356,271899.8863787,0.0,0.91244,417024.4746321505
8357,272444.4984542,0.0,0.96212,462301.41759221256
8358,278721.3833924,0.0,0.98272,495663.37556278455
8359,302199.7022749,0.0,0.98974,567153.2854997247
8360,328248.7747681,0.0,0.99081,627919.7089461237
8361,335536.4227956,0.0,0.98934,631494.2044429707
8362,334345.6608,0.041315,0.9872,529025.3335333567
8363,338914.8638064,0.10027,0.98499,349109.06019205746
8364,342464.0730104,0.1205,0.98475,190639.75983184023
8365,339944.088322,0.1075,0.98589,105248.6829956879
8366,337202.5665181,0.084865,0.98703,103164.55065913966
8367,333565.6655393,0.049047,0.98807,113585.21234188102
8368,333261.0520055,0.01097,0.98802,160478.18991421722
8369,338601.0195595,0.0,0.98661,323040.51216498273
8370,348976.3411337,0.0,0.98415,722151.8546139776
8371,344900.9812805,0.0,0.97986,926396.8235957084
8372,337479.4879125,0.0,0.97032,752371.7734939276
8373,323693.4178314,0.0,0.9574,623155.5686279343
8374,312713.4845463,0.0,0.95338,623155.5686279343
8375,306551.9835225,0.0,0.95122,497065.5622667637
8376,291228.9997029,0.0,0.9617,494981.4299302154
8377,277946.0034882,0.0,0.97452,459551.1802088947
8378,270819.8929408,0.0,0.98605,400153.4086172688
8379,267510.6822786,0.0,0.99369,378270.019083512
8380,264718.3915525,0.0,0.99801,364723.15889594826
8381,265124.5429308,0.0,0.99904,404321.6732903655
8382,272379.8834622,0.0,0.99936,433499.5260020413
8383,296993.5800615,0.0,0.99953,496023.4960984896
8384,325405.7151197,0.0,0.99954,549168.8706804706
8385,334613.3514811,0.0,0.99944,552295.069185293
8386,335974.8816699,0.076333,0.99886,462677.3787137172
8387,341661.0009668,0.17734,0.99595,305325.3873043224
8388,346696.354987,0.20539,0.98717,166730.58692386202
8389,347767.1177118,0.17477,0.97613,103424.7544568736
8390,347508.6577437,0.14827,0.97244,101376.73951713354
8391,345953.2825789,0.094512,0.9701,111616.8142158339
8392,346114.820059,0.026127,0.97113,157697.1503599855
8393,351094.7898003,0.0,0.97317,317442.3156597111
8394,356540.9105555,0.0,0.97288,709637.1766199347
8395,351824.0161387,0.0,0.9709,910342.6407144618
8396,341624.0781142,0.0,0.96789,739333.3932461658
8397,325931.8657689,0.0,0.97246,612356.4669822814
8398,314915.0096312,0.0,0.97984,612356.4669822814
8399,307908.8983547,0.0,0.98777,488451.5631280071
8400,290915.155456,0.0,0.99268,486403.548188267
8401,275435.249513,0.0,0.99318,451587.2942126857
8402,266047.6142452,0.0,0.99152,393218.8684300937
8403,258538.4291023,0.0,0.98875,371714.711562823
8404,256641.5175512,0.0,0.98738,358402.6144545125
8405,258247.6616383,0.0,0.9867,397314.8983095739
8406,265779.923564,0.0,0.98456,425987.1074659349
8407,287033.6405788,0.0,0.98515,487427.555658137
8408,315478.083133,0.0,0.98158,539651.9366215088
8409,323984.1852955,0.0,0.97237,542723.959031119
8410,326596.4771153,0.068082,0.96382,454659.3166222959
8411,331604.1389961,0.16603,0.93585,300034.18867192045
8412,334304.1225908,0.202,0.88085,163841.19517920574
8413,331359.5250978,0.18387,0.79912,98318.65660003404
8414,324214.9531241,0.16329,0.68427,96371.75250894424
8415,317790.3767756,0.10958,0.50212,106106.27296439317
8416,315948.8495034,0.032692,0.44449,149911.61501391328
8417,323578.0339171,0.0,0.4001,301770.13411891635
8418,334853.3500229,0.0,0.32068,674602.2675626097
8419,329148.7692997,0.0,0.22251,865398.8684894086
8420,319318.059801,0.0,0.18902,702832.3768834115
8421,304188.9209575,0.0,0.26989,582124.3232358451
8422,294030.5211422,0.0,0.43885,582124.3232358451
8423,291473.6136012,0.0,0.57869,464336.62572491326
8424,278033.6952631,0.0,0.63614,462389.7216338235
8425,265812.2310601,0.0,0.64614,429292.3520852971
8426,257241.5139056,0.0,0.65047,373805.5854892383
8427,248993.8717111,0.0,0.67782,353363.0925327956
8428,244346.207643,0.0,0.71454,340708.2159407121
8429,244387.7458521,0.0,0.72899,377699.3936714179
8430,241115.4580425,0.0,0.71347,404956.0509466748
8431,234649.3434849,0.0,0.68918,463363.1736793684
8432,246630.8091462,0.0,0.67725,513009.22800215776
8433,259590.7304008,0.0,0.65679,515929.5841387925
8434,272841.4191194,0.075927,0.60486,432212.70822193177
8435,281485.9819791,0.18826,0.5502,285221.4493446532
8436,286202.8763958,0.23332,0.55007,155752.32728718262
8437,285021.3451134,0.21828,0.57933,32254.5464342596
8438,278158.3098906,0.18046,0.57305,29566.667564737967
8439,271419.8892952,0.11206,0.54138,30462.627187911843
8440,271978.3474404,0.03044,0.56434,64509.092868519205
8441,284245.9652092,0.0,0.56857,173816.16689573228
8442,301872.0119583,0.0,0.54473,553703.0471214565
8443,298742.8002024,0.0,0.51946,934485.8869703546
8444,291588.9975155,0.0,0.50566,673761.6366267562
8445,275693.709481,0.0,0.50035,545639.4105128916
8446,268530.6760811,0.0,0.48093,508905.0659627626
8447,271899.8863787,0.0,0.50343,422892.9421380703
8448,262923.0178459,0.0,0.55878,521448.5006871969
8449,247835.4172115,0.0,0.61296,482026.2772675463
8450,235203.1862735,0.0,0.64724,364655.56663176825
8451,230218.6011756,0.0,0.69673,348528.2934146385
8452,224541.7125919,0.0,0.75417,313585.8681108572
8453,220729.4280633,0.0,0.82183,361071.7281390728
8454,215287.9226647,0.0,0.88312,463211.12518089486
8455,206864.8969205,0.0,0.9102,451563.6500796344
8456,211946.4045064,0.0,0.88136,471274.7617894597
8457,219446.3589362,0.0,0.74538,475754.55990532914
8458,233703.1953876,0.045248,0.56611,420205.06326854863
8459,246510.8098753,0.12007,0.48677,218614.1480544262
8460,260356.8795918,0.14798,0.52763,97659.59892595268
8461,260629.1856295,0.13591,0.61516,28275.263767924807
8462,252086.1606145,0.13195,0.69984,25918.99178726441
8463,245236.9714614,0.096281,0.72501,26704.415780817875
8464,245130.8182602,0.031187,0.7271,56550.527535849615
8465,254458.4538926,0.0,0.70614,152372.2547493726
8466,272402.9602451,0.0,0.66242,485392.02801604255
8467,275596.786993,0.0,0.62805,819197.2252762661
8468,271050.6607694,0.0,0.61383,590638.8431522071
8469,262683.0193041,0.0,0.63296,478323.2120740614
8470,258981.5033333,0.0,0.70637,446120.8283383692
8471,261026.1062947,0.0,0.76615,370720.12495723634
8472,248680.0274642,0.0,0.78459,457116.76424811775
8473,237450.8649242,0.0,0.76327,422558.1085317652
8474,233855.5021545,0.0,0.71428,319667.565376261
8475,231713.976705,0.0,0.65872,305529.9334922986
8476,231487.8242329,0.0,0.59742,274898.3977437134
8477,241184.688391,0.0,0.57208,316525.8694020472
8478,254523.0688846,0.0,0.5834,406064.2046671424
8479,283890.5827532,0.0,0.62749,395853.6927509473
8480,312335.0253074,0.0,0.68259,413133.0206091236
8481,321279.5863442,0.0,0.7316,417060.14057689096
8482,320693.4360595,0.024353,0.76954,368363.8529765759
8483,323799.5710326,0.065545,0.77623,191643.45442704592
8484,327621.0862743,0.077279,0.78101,85611.21529732789
8485,327071.8588422,0.065167,0.79522,27412.845952992917
8486,324801.1034087,0.051955,0.76809,25128.44212357684
8487,319248.8294524,0.030084,0.69961,25889.91006671553
8488,314402.7050517,0.0061621,0.6351,54825.69190598583
8489,320038.0554263,0.0,0.55894,147724.7809689063
8490,331742.5996933,0.0,0.46071,470587.1888597116
8491,328285.6976207,0.0,0.36955,794211.0646936559
8492,322147.2733798,0.0,0.3233,572623.8932402964
8493,309307.351396,0.0,0.30155,463733.9773714636
8494,298133.5731348,0.0,0.2447,432513.7917027771
8495,290495.1580079,0.0,0.18324,359412.86916146264
8496,273219.8783584,0.0,0.14263,443174.3429067188
8497,261003.0295119,0.0,0.11275,409669.7534086163
8498,252607.6959071,0.0,0.086652,309917.4528574477
8499,248112.3386058,0.0,0.070419,296211.0298809512
8500,245527.7389254,0.0,0.059804,266513.7800985423
8501,246289.2727598,0.0,0.049613,306871.5810848929
8502,253143.0772695,0.0,0.041911,393678.9266027038
8503,277701.3895899,0.0,0.04214,383779.8433419009
8504,307470.4394803,0.0,0.052593,400532.138090952
8505,316987.3047321,0.0,0.075912,404339.4778066455
8506,317554.9935905,0.045748,0.11843,357128.46533204656
8507,321118.0488642,0.11429,0.18032,185798.17812584087
8508,324574.9509367,0.12678,0.22566,83000.00580211745
8509,324487.2591618,0.097124,0.25322,103510.00408397811
8510,321242.6634916,0.077854,0.29564,101460.30103281024
8511,316825.7672521,0.045819,0.35254,111708.81628864966
8512,315247.3153044,0.01058,0.44002,157827.13493992703
8513,322179.5808758,0.0,0.56244,317703.97293102194
8514,333034.8995335,0.0,0.68561,710222.1072296718
8515,329577.9974609,0.0,0.76272,911093.0062441244
8516,321464.2006071,0.0,0.80896,739942.801471606
8517,305273.529752,0.0,0.82841,612861.2122991973
8518,294635.1328532,0.0,0.80856,612861.2122991973
8519,286419.7981547,0.0,0.74978,488854.17770354025
8520,264579.9308553,0.0,0.6535,486804.4746523724
8521,249187.7166872,0.0,0.55135,451959.5227825183
8522,242716.986773,0.0,0.42815,393542.9858242336
8523,236370.8714863,0.0,0.32046,372021.1037869709
8524,236287.795068,0.0,0.24233,358698.0339543797
8525,238877.010105,0.0,0.18179,397642.3919265695
8526,245209.279322,0.0,0.15812,426338.2346429198
8527,268507.5992982,0.0,0.1505,487829.3261779563
8528,298212.0341966,0.0,0.15184,540096.7539827373
8529,310091.9620133,0.0,0.14103,543171.3085594892
8530,311942.7199987,0.065277,0.11975,455034.0773592702
8531,312515.0242137,0.16665,0.10668,300281.496996095
8532,315025.7781889,0.19416,0.11196,163976.2440934307
8533,312155.026401,0.16285,0.12027,119585.62694152872
8534,308148.8968964,0.13111,0.13383,117217.59472486482
8535,305508.9129371,0.078325,0.15182,129057.75580818445
8536,304096.6138261,0.019805,0.19315,182338.48068312305
8537,313659.6326436,0.0,0.22711,367044.99358291
8538,324367.259891,0.0,0.25258,820523.1630740535
8539,319853.4411634,0.0,0.24158,1052590.3203071193
8540,310530.4208877,0.0,0.2116,854859.6302156807
8541,295922.8173368,0.0,0.17888,708041.6327825167
8542,284121.3505818,0.0,0.15366,708041.6327825167
8543,276949.0864687,0.0,0.15051,564775.6836743485
8544,254818.4517052,0.0,0.18786,562407.6514576846
8545,239587.7750171,0.0,0.26248,522151.1037743977
8546,228289.3821284,0.0,0.32025,454662.1855994756
8547,227094.0047763,0.0,0.32553,429797.8473245042
8548,228104.7678656,0.0,0.31277,414405.6379161887
8549,230933.9814443,0.0,0.28862,459398.25003280345
8550,233860.117511,0.0,0.2638,492550.7010660985
8551,247480.0347555,0.0,0.27388,563591.6675660167
8552,275075.2517004,0.0,0.3123,623976.4890909469
8553,291238.230416,0.0,0.34321,627528.5374159428
8554,297321.2703781,0.05211,0.30959,525703.1520993937
8555,300196.6375226,0.1361,0.28778,346916.7197412665
8556,304313.535585,0.1603,0.3106,189442.5773331148
8557,301392.0148748,0.13602,0.36836,123034.65420156888
8558,294436.6725205,0.12119,0.45551,120598.3244153992
8559,289059.782114,0.081521,0.56423,132779.9733462476
8560,289138.2431757,0.024306,0.6716,187597.39353506544
8561,299855.1011363,0.0,0.74986,377631.11685630056
8562,310087.3466567,0.0,0.79456,844188.2709077944
8563,307248.9023648,0.0,0.81097,1082948.5899524232
8564,297182.809681,0.0,0.81371,879515.0528072548
8565,280087.5289377,0.0,0.8112,728462.6060647346
8566,266393.7659881,0.0,0.80432,728462.6060647346
8567,261492.2573085,0.0,0.77786,581064.6540014689
8568,245915.4288775,0.0,0.74438,578628.3242152992
8569,230001.6794167,0.0,0.68861,537210.7178504147
8570,221592.4997422,0.0,0.6088,467775.3189445787
8571,216714.0678455,0.0,0.53231,442193.8561897971
8572,212269.4794665,0.0,0.48515,426357.71257969417
8573,212024.8655682,0.0,0.45998,472647.9785169181
8574,207409.508996,0.0,0.47821,506756.5955232936
8575,201460.3143745,0.0,0.50572,579846.489108384
8576,212749.47655,0.0,0.53254,641972.8986557109
8577,230675.5214762,0.0,0.59212,645627.3933349655
8578,246783.1159131,0.063675,0.62789,540865.2125296692
8579,257056.8996427,0.15777,0.62765,356922.3136738583
8580,261889.1779737,0.17247,0.61365,194906.38289357445
8581,261289.1816193,0.12804,0.65175,122433.33771125734
8582,253253.8458272,0.12068,0.70579,120008.91518232158
8583,245624.6614135,0.085959,0.7405,132131.0278270005
8584,240953.9205624,0.027547,0.77856,186680.53472805576
8585,246949.2687497,0.0,0.77204,375785.4919850472
8586,256798.4396746,0.0,0.75867,840062.4062762508
8587,248250.799303,0.0,0.71027,1077655.8141119585
8588,234220.1153237,0.0,0.65329,875216.5329458198
8589,226009.3959818,0.0,0.57858,724902.3361518009
8590,227047.8512105,0.0,0.47154,724902.3361518009
8591,236698.5618029,0.0,0.36638,578224.7731511857
8592,230066.2944087,0.0,0.27693,575800.3506222499
8593,221361.7319136,0.0,0.21512,534585.1676303414
8594,209421.8044615,0.0,0.18201,465489.1255556714
8595,205124.9074928,0.0,0.16325,440032.6890018457
8596,200274.1677355,0.0,0.141,424273.9425637631
8597,199964.9388451,0.0,0.12063,470337.9706135431
8598,195958.8093405,0.0,0.10522,504279.886018644
8599,186778.8651185,0.0,0.097947,577012.5618867179
8600,191375.7602644,0.0,0.10447,638835.3363745804
8601,201081.8551356,0.0,0.1206,642471.970167984
8602,218130.9823131,0.063984,0.11017,538221.8014237451
8603,232830.8929954,0.19387,0.071791,355177.9004890931
8604,245329.2785928,0.2738,0.061561,193953.80231486316
8605,238627.7808501,0.29569,0.077746,110010.363577582
8606,223540.1802157,0.22196,0.11697,107831.9405364418
8607,216801.7596204,0.12099,0.20653,118724.05574214295
8608,212500.2472951,0.027366,0.35287,167738.5741677983
8609,219598.6657031,0.0,0.46273,337655.57137673686
8610,236066.2579525,0.0,0.55602,754823.5837550923
8611,242458.526805,0.0,0.62841,968309.0417868358
8612,240423.1545566,0.0,0.65102,786410.7178516258
8613,234824.7270346,0.0,0.63953,651348.4893009311
8614,236232.4107891,0.0,0.61878,651348.4893009311
8615,242689.2946336,0.0,0.60933,519553.8953119467
8616,233989.3474951,0.0,0.58297,517375.47227080655
8617,223120.1827676,0.0,0.53283,480342.2805714225
8618,218214.0587314,0.0,0.46668,418257.2238989256
8619,213386.395757,0.0,0.39982,395383.7819669532
8620,205420.2903134,0.0,0.37805,381224.0321995417
8621,200846.4719504,0.0,0.36777,422614.06998120615
8622,197334.185599,0.0,0.35307,453111.9925571695
8623,185385.0274337,0.0,0.34159,518464.6837913766
8624,191191.1460015,0.0,0.3225,574014.4713404527
8625,201340.3151036,0.0,0.2996,577282.1059021631
8626,215574.0747722,0.064027,0.25823,483609.9151331328
8627,227818.6157581,0.14662,0.195,319138.97552704485
8628,238964.7018798,0.13784,0.1925,174273.84329121903
8629,236952.4064144,0.06818,0.29416,98263.27729516863
8630,225727.8592309,0.070788,0.34528,96317.4698239772
8631,219764.8185397,0.054534,0.3398,106046.50717993447
8632,216044.8411425,0.018459,0.33731,149827.17528174233
8633,223812.4862535,0.0,0.38681,301600.15803467605
8634,239389.3146845,0.0,0.36608,674222.2887678404
8635,243838.51842,0.0,0.31138,864911.4209446034
8636,240589.3073932,0.0,0.25746,702436.4971001166
8637,236287.795068,0.0,0.22313,581796.433886246
8638,236486.2554006,0.0,0.20664,581796.433886246
8639,241115.4580425,0.0,0.22518,464075.0818791628
8640,229715.5273092,0.0,0.26415,462129.2744079714
8641,219026.3614881,0.0,0.30766,429050.5473977166
8642,209537.1883758,0.0,0.33184,373595.0344687601
8643,207211.0486634,0.0,0.35929,353164.05602124974
8644,205531.0588712,0.0,0.36813,340516.30745850527
8645,207224.8947331,0.0,0.36421,377486.6494111429
8646,208632.5784876,0.0,0.38852,404727.95400782337
8647,216534.0689392,0.0,0.44478,463102.1781435672
8648,237981.63093,0.0,0.51619,512720.2686589493
8649,255252.295223,0.0,0.60332,515638.9798657365
8650,270132.2048116,0.046612,0.68042,431969.2586045038
8651,279842.9150394,0.12424,0.74825,285060.7945295487
8652,286830.5648896,0.14631,0.80302,155664.5976953167
8653,289733.6241735,0.12272,0.83733,108833.25708948434
8654,285205.9593762,0.10011,0.86131,106678.14308771236
8655,278864.4594461,0.061026,0.87735,117453.7130965722
8656,275864.4776742,0.015996,0.90077,165943.77813644143
8657,284015.1973806,0.0,0.91636,334042.6702746548
8658,298392.0331029,0.0,0.91685,746747.0016139866
8659,297067.4257667,0.0,0.91356,957948.1737876394
8660,289955.161289,0.0,0.90915,777996.1546396799
8661,276718.3186401,0.0,0.89818,644379.0865298181
8662,268936.8274594,0.0,0.87597,644379.0865298181
8663,266615.3031036,0.0,0.83612,513994.6894226141
8664,250960.0136109,0.0,0.79475,511839.57542084216
8665,236338.5639903,0.0,0.76672,475202.63739071874
8666,230237.0626019,0.0,0.72886,413781.8883402176
8667,224126.3305004,0.0,0.67771,391153.191321612
8668,219515.5892848,0.0,0.64271,377144.9503100943
8669,220849.4273341,0.0,0.59687,418092.1163437616
8670,223263.2588214,0.0,0.5557,448263.7123685691
8671,228626.3031582,0.0,0.49997,512917.13242172817
8672,245689.2764055,0.0,0.44273,567872.5394669133
8673,260753.800257,0.0,0.37353,571105.2104695712
8674,272666.0355697,0.037407,0.29692,478435.3083933767
8675,280650.6024395,0.1009,0.29135,315724.2012595932
8676,287564.4065846,0.11862,0.33269,172409.12014175736
8677,288436.7089767,0.098787,0.35377,99134.99505454466
8678,281832.133722,0.098858,0.33142,97171.92584554378
8679,275241.404537,0.074687,0.28486,106987.2718905482
8680,272989.1105298,0.027139,0.27703,151156.3290930681
8681,281250.5987939,0.0,0.23802,304275.7273951371
8682,295752.0491436,0.0,0.18858,680203.4809188065
8683,294782.8242635,0.0,0.14537,872584.2634008932
8684,286682.8734793,0.0,0.11542,708667.9844493192
8685,272689.1123526,0.0,0.091385,586957.6934912645
8686,265599.9246577,0.0,0.061062,586957.6934912645
8687,263790.7048814,0.0,0.04769,468192.0063467109
8688,251716.9320887,0.0,0.046672,466228.9371377101
8689,241858.5304506,0.0,0.051768,432856.760584695
8690,233237.0443738,0.0,0.063255,376909.2881281698
8691,229120.1463114,0.0,0.075377,356297.0614336605
8692,224269.4065541,0.0,0.087094,343537.1115751548
8693,225090.9400239,0.0,0.097178,380835.4265461716
8694,225381.707488,0.0,0.10078,408318.3954721839
8695,228358.612477,0.0,0.097611,467210.4717422105
8696,246316.9648993,0.0,0.098354,517268.736571733
8697,261141.490209,0.0,0.09919,520213.34038523433
8698,272324.4991834,0.064548,0.10126,435801.3643981964
8699,279169.0729799,0.16974,0.15607,287589.6391186296
8700,284135.1966515,0.20024,0.24481,157045.53672007076
8701,285515.1882666,0.16953,0.35195,29543.18065965014
8702,279755.2232645,0.14213,0.41438,27081.248938012628
8703,273649.1065196,0.09029,0.47966,27901.89284522513
8704,271175.2753969,0.027597,0.54822,59086.36131930028
8705,279667.5314897,0.0,0.57122,159204.91799922576
8706,295853.5869882,0.0,0.56937,507157.9346573274
8707,294930.5156738,0.0,0.55682,855931.5952226416
8708,286692.1041925,0.0,0.55564,617124.218223803
8709,272278.3456176,0.0,0.56069,499772.1394924149
8710,264109.1644849,0.0,0.54781,466125.7392967023
8711,264021.4727101,0.0,0.5256,387343.9242043018
8712,249981.5580176,0.0,0.49985,477614.7539976773
8713,237750.8631014,0.0,0.4802,441506.4220803271
8714,230297.0622373,0.0,0.46002,334002.0702354891
8715,227010.928358,0.0,0.42095,319230.47990566405
8716,223586.3337814,0.0,0.39658,287225.3675243764
8717,222787.8770944,0.0,0.35309,330719.494606639
8718,221444.8083319,0.0,0.28859,424272.9000288645
8719,223535.5648591,0.0,0.25684,413604.529235102
8720,241198.5344608,0.0,0.27737,431658.6951937771
8721,256313.8272346,0.0,0.33214,435761.9147298396
8722,268041.4482844,0.064234,0.42658,384881.9924826642
8723,274724.4846009,0.17387,0.54732,200237.11335985092
8724,280124.4517903,0.2134,0.62683,89450.18588616293
8725,280969.062043,0.19244,0.72635,28879.25651843668
8726,274752.1767403,0.15511,0.80526,26472.65180856696
8727,269638.3616584,0.094047,0.87389,27274.85337852353
8728,266947.6087768,0.027137,0.93099,5775.851303687336
8729,274927.5602901,0.0,0.95698,15562.710457157544
8730,290979.770448,0.0,0.97053,49576.05702331631
8731,290278.236249,0.0,0.97693,83669.62374647074
8732,281855.2105049,0.0,0.97879,60325.55806073441
8733,268110.678633,0.0,0.98094,48854.07561035539
8734,258136.8930806,0.0,0.98302,45565.04917353344
8735,254315.3778388,0.0,0.98307,37863.91410195032
8736,240760.0755864,0.0,0.97995,46688.13137147264
8737,228612.4570885,0.0,0.96968,43158.44446366371
8738,219575.5889202,0.0,0.9363,32649.603897232584
8739,213760.2396393,0.0,0.8243,31205.641071310743
8740,209851.0326227,0.0,0.71243,28077.054948480112
8741,209181.8059197,0.0,0.8524,32328.72326924996
8742,207806.4296612,0.0,0.94555,41473.82116675491
8743,201751.0818386,0.0,0.93294,40430.95912581136
8744,206740.2822931,0.0,0.87216,42195.80257971582
8745,217263.2952776,0.0,0.79377,42596.90336469411
8746,232521.6641051,0.042628,0.77555,37623.25363096334
8747,241309.3030185,0.11524,0.85377,19573.71830694042
8748,248804.6420917,0.13709,0.93809,8743.997112526662
8749,251430.7799812,0.1166,0.95159,2830.045134524049
8750,245786.1988935,0.10202,0.94428,2594.2080399803785
8751,240104.6949532,0.068199,0.92285,2672.8204048282687
8752,237321.6349401,0.022248,0.90364,5660.090269048099
8753,245200.0486088,0.0,0.8829,15250.79878049071
8754,261053.7984342,0.0,0.86574,48582.44147599618
8755,256599.979342,0.0,0.83926,81992.69653634954
8756,243169.2917171,0.0,0.80387,59116.49836561349
8757,228880.1477697,0.0,0.7667,47874.930192365166
8758,226554.0080573,0.0,0.7523,44651.82323360167
8759,236343.1793469,0.0,0.73739,37105.0362082042
8760,235840.1054805,0.0,0.70744,44651.82323360167
